ts,city,cityName,masterSku,title,field,old,new
2026-08-15T19:22:26Z,750000000,Алматы,108430990,Canon EOS R6 Mark II Body черный,price,817044,816897
2026-08-15T19:22:26Z,750000000,Алматы,129065160,Наушники REDMI Buds 6 Play розовый,price,6782,6779
2026-08-15T19:22:26Z,750000000,Алматы,147374082,HONOR X9d 12 ГБ/256 ГБ черный,price,237960,237954
2026-08-15T19:22:26Z,750000000,Алматы,134328061,"Видеорегистратор 70mai M310 черный, серый",price,28581,28578
2026-08-15T19:22:26Z,750000000,Алматы,106042231,Наушники Fifine H6 черный,price,20021,20018
2026-08-15T19:22:26Z,750000000,Алматы,106795757,Canon EOS R10 kit 18-45mm IS STM,price,462960,462924
2026-08-15T19:22:26Z,750000000,Алматы,147026783,Garmin Venu 4s 41 мм золотистый-белый,price,339470,339468
2026-08-15T19:22:26Z,750000000,Алматы,115034062,МФУ Canon i-SENSYS MF275dw,price,185966,185953
2026-08-15T19:22:26Z,750000000,Алматы,7300284,Transcend TS4TSJ25H3P 4000 Гб,price,138216,138214
2026-08-15T19:22:26Z,750000000,Алматы,110151201,Canon EOS R6 Mark II Kit RF 24-105mm F/4-7.1 IS STM черный,price,1079905,1079884
2026-08-15T19:22:26Z,750000000,Алматы,141530632,Xiaomi Smart Band 10 черный,price,21930,21927
2026-08-15T19:22:26Z,750000000,Алматы,119596967,EPOMAKER x AULA F75 черный,price,21362,21358
2026-08-15T19:22:26Z,750000000,Алматы,139895845,Roborock F25 - ACE черный,price,199670,199658
2026-08-15T19:22:26Z,750000000,Алматы,146792191,Midea MD200H90WB/T-C серый,price,266504,266462
2026-08-15T19:22:26Z,750000000,Алматы,122963224,Garmin Fenix 8 43 мм белый-белый,price,545103,545065
2026-08-15T19:22:26Z,750000000,Алматы,106042325,Микрофон Fifine A6V черный,price,18714,18711
2026-08-15T19:22:26Z,750000000,Алматы,145820693,Roborock S8 Pro RRA0TAL белый,price,114676,114664
2026-08-15T19:22:26Z,750000000,Алматы,132855201,AULA F75 Side-Printed розовый,price,21485,21481
2026-08-15T19:22:26Z,750000000,Алматы,110057315,70mai зарядное устройство для видеорегистратора Midrive UP03 USB Type-C черный,price,8365,8362
2026-08-15T19:22:26Z,750000000,Алматы,113029065,Garmin VENU 3S 41 мм розовый-розовый,price,293923,293919
2026-08-15T19:22:26Z,750000000,Алматы,103627190,Canon RF 16mm f/2.8 STM,price,129254,129233
2026-08-15T19:22:26Z,750000000,Алматы,150110690,Sen Sulu blush stick румяна 03 frosted bllom,price,8877,8874
2026-08-15T19:22:26Z,750000000,Алматы,145620660,TECNO SPARK 40C 8 ГБ/128 ГБ серый,price,74934,74912
2026-08-15T19:22:26Z,750000000,Алматы,123942422,Canon RF 35mm f/1.4 L VCM,price,737476,737439
2026-08-15T19:22:26Z,750000000,Алматы,145978939,Внешний аккумулятор Xiaomi Super Slim Magnetic Power Bank 5000 мАч 22.5 Вт WPB0507S фиолетовый,price,18894,18890
2026-08-15T19:22:26Z,750000000,Алматы,141005445,AULA SC620 черный,price,11994,11275
2026-08-15T19:22:26Z,750000000,Алматы,145978921,Внешний аккумулятор Xiaomi Super Slim Magnetic Power Bank 5000 мАч 22.5 Вт WPB0507S золотистый,price,18896,18892
2026-08-15T19:22:26Z,750000000,Алматы,103492220,"Бассейн каркасный Bestway 56714, 427x250x100 см",price,144674,144671
2026-08-15T19:22:26Z,750000000,Алматы,116631467,"Бассейн каркасный Bestway 561FY, 396x396x107 см",price,116340,116336
2026-08-15T19:22:26Z,750000000,Алматы,163444184,Huawei nova 15 Pro 12 ГБ/512 ГБ белый,price,284885,284882
2026-08-15T19:22:26Z,750000000,Алматы,163444356,Huawei nova 15 12 ГБ/512 ГБ белый,price,199879,199876
2026-08-15T19:22:26Z,750000000,Алматы,15400145,"Бассейн каркасный Bestway Steel Pro Max 56420, 366x122 см",price,134779,134736
2026-08-15T19:22:26Z,750000000,Алматы,118273472,Аэрогриль Xiaomi Smart Air Fryer BHR7357EU 6.5 л черный,price,47909,47906
2026-08-15T19:22:26Z,750000000,Алматы,115287903,DREAME H12 Pro Plus CN черный,price,119561,119515
2026-08-15T19:22:26Z,750000000,Алматы,130251646,Наушники REDMI Buds 6 Play синий,price,6770,6767
2026-08-15T19:22:26Z,750000000,Алматы,145557956,TECNO SPARK 40C 8 ГБ/256 ГБ черный,price,84125,84115
2026-08-15T19:22:26Z,750000000,Алматы,132593287,"DREAME H30 Ultra Mix черный, серый",price,162747,162732
2026-08-15T19:22:26Z,750000000,Алматы,108894867,Аккумулятор AA Camelion 4 шт,discount,5,0
2026-08-15T19:22:26Z,750000000,Алматы,137684212,DREAME H30 ULTRA MIX CE серый,price,162747,162732
2026-08-15T19:22:26Z,750000000,Алматы,102158689,Микрофон Fifine T669 черный,price,21708,21682
2026-08-15T19:22:26Z,750000000,Алматы,118273499,Аэрогриль Xiaomi Smart Air Fryer BHR7358EU 6.5 л белый,price,47279,47266
2026-08-15T19:22:26Z,750000000,Алматы,143119833,Midea FSC-900DX стальной,price,227923,227920
2026-08-15T19:22:26Z,750000000,Алматы,102211273,Midea MH 60P 205 X серебристый,price,33597,33587
2026-08-15T19:22:26Z,750000000,Алматы,167350442,Xiaomi Smart Band 10 Pro черный,price,42005,42001
2026-08-15T19:22:26Z,750000000,Алматы,110349310,Canon EOS R50 Kit 18-45mm f4.5-6.3 IS STM черный,price,329452,329443
2026-08-15T19:22:26Z,750000000,Алматы,115633970,Canon LIDE 300 2995C010 черный,price,50903,50891
2026-08-15T19:22:26Z,750000000,Алматы,1500075,Принтер Canon i-SENSYS LBP6030B,price,85605,85602
2026-08-15T19:22:26Z,750000000,Алматы,141746219,Xiaomi Robot Vacuum S40C Е101CDZ белый,price,84877,84874
2026-08-15T19:22:26Z,750000000,Алматы,137060417,AULA F75 MAX черный,price,27415,27410
2026-08-15T19:22:26Z,750000000,Алматы,101149860,Canon EOS RP RF 24-105 F4-7.1 IS STM,price,545474,545458
2026-08-15T19:22:26Z,750000000,Алматы,113404917,POCKET BOOK InkPad 4 7.8 дюйм 32 Гб серебристый,price,164679,164676
2026-08-15T19:22:26Z,750000000,Алматы,112245834,Canon EOS R8 Body черный,price,603211,603009
2026-08-15T19:22:26Z,750000000,Алматы,166975826,HONOR 600 Pro 12 ГБ/512 ГБ черный,price,548718,548712
2026-08-15T19:22:26Z,750000000,Алматы,112301355,МФУ Canon MAXIFY GX3040,price,123866,123861
2026-08-15T19:22:26Z,750000000,Алматы,103313279,Очиститель воздуха SmartMi Smartmi Air Purifier P1 серый,price,55166,55154
2026-08-15T19:22:26Z,750000000,Алматы,151096402,Garmin Fenix 8 Pro 47 мм черный,price,653793,653761
2026-08-15T19:22:26Z,750000000,Алматы,140332288,Garmin Forerunner 970 47 мм черный,price,449213,449183
2026-08-15T19:22:26Z,750000000,Алматы,138584959,Garmin Vivoactive 6 42 мм бежевый,price,206000,205997
2026-08-15T19:22:26Z,750000000,Алматы,139307969,Кофемашина Xiaomi Semi-Automatic Espresso Machine серебристый,price,61269,61266
2026-08-15T19:22:26Z,750000000,Алматы,149031743,ZTE Nubia RedMagic Astra 9.06 дюйм 24 Гб/1024 Гб черный,price,569889,569886
2026-08-15T19:22:26Z,750000000,Алматы,109310071,Garmin Forerunner 265S 42 мм белый-белый,price,275142,275119
2026-08-15T19:22:26Z,750000000,Алматы,113029701,Garmin VENU 3S белый,price,278687,278680
2026-08-15T19:22:26Z,750000000,Алматы,118179738,Canon EOS R50 RF-S 15-45 IS STM черный,price,329452,329443
2026-08-15T19:22:26Z,750000000,Алматы,114761211,Fifine SC3,price,25337,25333
2026-08-15T19:22:26Z,750000000,Алматы,153277705,TCL 75V6C 191 см черный,price,422846,422843
2026-08-15T19:22:26Z,750000000,Алматы,122963617,Garmin Fenix 8 47 мм черный,price,605666,605635
2026-08-15T19:22:26Z,750000000,Алматы,7300020,Transcend TS1TSJ25H3P 1000 Гб,price,63131,63128
2026-08-15T19:22:26Z,750000000,Алматы,163510365,HONOR 600 Lite 8 ГБ/256 ГБ черный,price,209718,209682
2026-08-15T19:22:26Z,750000000,Алматы,122966507,Garmin Fenix 8 51 мм черно-серый,price,653180,653105
2026-08-15T19:22:26Z,750000000,Алматы,143300737,Наушники MOONDROP Rays фиолетовый,price,47242,47239
2026-08-15T19:22:26Z,750000000,Алматы,151096352,Garmin Fenix 8 Pro 51 мм серебристый-серый,price,731242,731234
2026-08-15T19:22:26Z,750000000,Алматы,109310183,Garmin Forerunner 265S 42 мм черный-черный,price,268893,268861
2026-08-15T19:22:26Z,750000000,Алматы,122962879,Garmin Fenix 8 51 мм черный,price,607418,607391
2026-08-15T19:22:26Z,750000000,Алматы,109351561,Garmin Forerunner 965 белый,price,373591,373588
2026-08-15T19:22:26Z,750000000,Алматы,106852140,Garmin MARQ Golfer Gen 2 серебристый-зеленый-зеленый,price,1410811,1410777
2026-08-15T19:22:26Z,750000000,Алматы,152036275,HONOR Magic8 Pro 12 ГБ/512 ГБ черный,price,618593,618589
2026-08-15T19:22:26Z,750000000,Алматы,154805003,Realme GT 8 Pro 16 ГБ/512 ГБ синий,price,599966,599964
2026-08-15T19:22:26Z,750000000,Алматы,101317689,Canon LIDE 400 2996C010 черный,price,58927,58924
2026-08-15T19:22:26Z,750000000,Алматы,120134606,AULA F75 Side-Printed голубой,price,22550,22546
2026-08-15T19:22:26Z,750000000,Алматы,128745315,Midea MF200W90WB/T-C серый,price,220935,220919
2026-08-15T19:22:26Z,750000000,Алматы,140332233,Garmin Forerunner 970 47 мм белый-зеленый,price,455440,455400
2026-08-15T19:22:26Z,750000000,Алматы,148005901,Huawei WATCH GT 6 46 мм серебристый-зеленый,price,94389,94386
2026-08-15T19:22:26Z,750000000,Алматы,139955883,Huawei WATCH FIT 4 Pro 44 мм серебристый-зеленый,price,74748,74744
2026-08-15T19:22:26Z,750000000,Алматы,109731154,Canon EOS R7 Body черный,price,611448,611403
2026-08-15T19:22:26Z,750000000,Алматы,120935104,Dream H12 Pro PLUS черный,price,119561,119515
2026-08-15T19:22:26Z,750000000,Алматы,131430159,Наушники Soundcore Liberty 4 PRO черный,price,66375,66372
2026-08-15T19:22:26Z,750000000,Алматы,142884485,Garmin VENU X1 46 мм черный-черный,price,463772,463644
2026-08-15T19:22:26Z,750000000,Алматы,145451616,"Dreame H30 Ultra Mix черный, серый",price,162747,162732
2026-08-15T19:22:26Z,750000000,Алматы,154084045,Bambu Lab PLA Matte 1.75 мм 1 кг темно-синий,price,8998,8458
2026-08-15T19:22:26Z,750000000,Алматы,154084045,Bambu Lab PLA Matte 1.75 мм 1 кг темно-синий,discount,0,14
2026-08-15T19:22:26Z,750000000,Алматы,137352961,AULA F75 Black Contour черный,price,23105,23101
2026-08-15T19:22:26Z,750000000,Алматы,133975075,Garmin Instinct 3 Solar 45 мм черный,price,249857,249849
2026-08-15T19:22:26Z,750000000,Алматы,116455986,Система подачи материалов Bambu Lab AMS - Automatic Material System,price,141539,148988
2026-08-15T19:22:26Z,750000000,Алматы,116455986,Система подачи материалов Bambu Lab AMS - Automatic Material System,discount,11,0
2026-08-15T19:22:26Z,750000000,Алматы,114298557,МФУ Canon I-SENSYS MF461DW 5951C020,price,212599,212596
2026-08-15T19:22:26Z,750000000,Алматы,156555269,Garmin Instinct 3 AMOLED 50 мм черный-синий,price,312940,312937
2026-08-15T19:22:26Z,750000000,Алматы,171512267,ONYX BOOX для Go 6 Gen II бежевый,price,10439,10988
2026-08-15T19:22:26Z,750000000,Алматы,171512267,ONYX BOOX для Go 6 Gen II бежевый,discount,25,22
2026-08-15T19:22:26Z,750000000,Алматы,169114829,Roborock S9+ черный,price,184714,184702
2026-08-15T19:22:26Z,750000000,Алматы,124278317,Garmin Fenix 8 Solar 47 мм черный,price,605533,605496
2026-08-15T19:22:26Z,750000000,Алматы,131472928,Портативная колонка Soundcore Boom 2 Plus синий,price,116407,116395
2026-08-15T19:22:26Z,750000000,Алматы,148348291,Canon EOS R50 + RF-S 18-45 mm IS STM,price,329452,329443
2026-08-15T19:22:26Z,750000000,Алматы,169114918,Roborock S9 черный,price,140714,140702
2026-08-15T19:22:26Z,750000000,Алматы,145557809,TECNO SPARK 40C 8 ГБ/256 ГБ белый,price,83058,83055
2026-08-15T19:22:26Z,750000000,Алматы,7300141,Transcend TS1TSJ25H3B 1000 Гб,price,62067,62059
2026-08-15T19:22:26Z,750000000,Алматы,141530670,Xiaomi Smart Band 10 серебристый,price,21930,21927
2026-08-15T19:22:26Z,750000000,Алматы,165935475,ATK Dragonfly A9 Air белый,price,34482,34479
2026-08-15T19:22:26Z,750000000,Алматы,109310228,Garmin Forerunner 265S 42 мм розовый-розовый,price,281906,281901
2026-08-15T19:22:26Z,750000000,Алматы,130022770,Canon CANOSCAN LIDE 300 черный,price,50903,50891
2026-08-15T19:22:26Z,750000000,Алматы,114237446,Transcend TS256GUSD340S 256 Гб,price,79852,79847
2026-08-15T19:22:26Z,750000000,Алматы,100305103,"Бассейн каркасный Bestway 56082/56424, 400x211x81 см",price,58874,58853
2026-08-15T19:22:26Z,750000000,Алматы,167230393,Наушники Huawei FreeBuds Pro 5 темно-серый,price,79586,79582
2026-08-15T19:22:26Z,750000000,Алматы,110723747,Canon RF 100-400mm f/5.6-8 IS USM,price,390813,390740
2026-08-15T19:22:26Z,750000000,Алматы,116535193,МФУ Canon I-Sensys MF465dw 5951C007AA,price,224806,224786
2026-08-15T19:22:26Z,750000000,Алматы,141046478,Canon EOS R50 + RF-S 18-45 mm IS STM 5811C036,price,329463,329443
2026-08-15T19:22:26Z,750000000,Алматы,109731162,Canon EOS R10 kit RF-S 18–150mm f/3.5–6.3 IS STM,price,591672,591587
2026-08-15T19:22:26Z,750000000,Алматы,113556362,Canon EOS R50 RF-S 18-45 + Kit 55-210 mm,price,574218,574207
2026-08-15T19:22:26Z,750000000,Алматы,143300800,Наушники MOONDROP Aria 2 серебристый,price,48405,48402
2026-08-15T19:22:26Z,750000000,Алматы,132979867,AULA AU75 черный,price,22135,22131
2026-08-15T19:22:26Z,750000000,Алматы,129064979,Canon EOS R100 + RF-S 18-45mm + RF-S 55-210mm,price,455509,455506
2026-08-15T19:22:26Z,750000000,Алматы,113028541,Garmin VENU 3 45 мм белый-белый,price,293000,292997
2026-08-15T19:22:26Z,750000000,Алматы,116788713,Transcend TS1TESD410C 1000 Гб,price,183790,183786
2026-08-15T19:22:26Z,750000000,Алматы,163444484,Huawei nova 15 12 ГБ/256 ГБ белый,price,199879,199876
2026-08-15T19:22:26Z,750000000,Алматы,15400127,"Бассейн каркасный Bestway Steel Pro Frame 56424, 400x211x81 см",price,58874,58853
2026-08-15T19:22:26Z,750000000,Алматы,110648816,Philips BHS752/00 утюжок 25 мм,price,61949,61946
2026-08-15T19:22:26Z,750000000,Алматы,157683664,Наушники AULA G7 черный,price,12254,12250
2026-08-15T19:22:26Z,750000000,Алматы,106851929,Garmin MARQ Aviator Gen 2 серебристый,price,1476708,1476700
2026-08-15T19:22:26Z,750000000,Алматы,114801730,Canon RF 24mm f/1.8 Macro IS STM,price,272727,272709
2026-08-15T19:22:26Z,750000000,Алматы,143693130,Наушники AULA G7 белый,price,11458,11454
2026-08-15T19:22:26Z,750000000,Алматы,163483165,Наушники Soundcore Sleep A30 Green зеленый,price,85401,85399
2026-08-15T19:22:26Z,750000000,Алматы,141885718,Garmin Instinct 3 Solar Tactical 45 мм черный,price,289940,289937
2026-08-15T19:22:26Z,750000000,Алматы,128243261,Система подачи материалов Bambu Lab Ams lite,price,132722,132719
2026-08-15T19:22:26Z,750000000,Алматы,163414583,AULA F75 розовый,price,23532,23527
2026-08-15T19:22:26Z,750000000,Алматы,116193133,Garmin Lily 2 Classic 25 мм бордовый-бордовый,price,218940,218937
2026-08-15T19:22:26Z,750000000,Алматы,137761682,AULA SC380 PRO белый,price,11313,11309
2026-08-15T19:22:26Z,750000000,Алматы,171178069,Roborock Saros 20 черный,price,699714,699702
2026-08-15T19:22:26Z,750000000,Алматы,150445434,Sapphire PULSE AMD Radeon RX 9070 16 Гб,price,407670,407658
2026-08-15T19:22:26Z,750000000,Алматы,114176446,POCKET BOOK PB634-3-CIS 6 дюйм 1 Гб красный,price,105587,105608
2026-08-15T19:22:26Z,750000000,Алматы,108430983,Canon EOS R7 Kit 18-150mm черный,price,809874,809837
2026-08-15T19:22:26Z,750000000,Алматы,122265923,Canon EOS R5 Mark II body,price,1729590,1729504
2026-08-15T19:22:26Z,750000000,Алматы,146975796,AULA HERO 68 HE Frosted белый,price,27262,27258
2026-08-15T19:22:26Z,750000000,Алматы,137761585,AULA SC380 PRO черный,price,11137,11132
2026-08-15T19:22:26Z,750000000,Алматы,112143554,Transcend TS128GUSD340S 128 Гб,price,41771,41768
2026-08-15T19:22:26Z,750000000,Алматы,163483158,Наушники Soundcore Sleep A30 White белый,price,85489,89988
2026-08-15T19:22:26Z,750000000,Алматы,114460686,Garmin MARQ Golfer Gen 2 Carbon Edition черный,price,1756210,1756207
2026-08-15T19:22:26Z,750000000,Алматы,122651840,Canon RF-S 55-210mm f/5-7.1 IS STM,price,279360,279356
2026-08-15T19:22:26Z,750000000,Алматы,105544265,Canon RF 70-200mm f/4L IS USM,price,813477,813432
2026-08-15T19:22:26Z,750000000,Алматы,101018992,"Бассейн каркасный Bestway Power Steel 56465, 549x274x122 см",price,267809,267806
2026-08-15T19:22:26Z,750000000,Алматы,112921022,МФУ Canon imageRUNNER 2224 5942C001,price,608808,608805
2026-08-15T19:22:26Z,750000000,Алматы,130022687,Canon CANOSCAN LIDE 400 черный,price,58927,58924
2026-08-15T19:22:26Z,710000000,Астана,122038682,DREAME H14 Dual черный,discount,25,0
2026-08-15T19:22:26Z,710000000,Астана,108430990,Canon EOS R6 Mark II Body черный,price,817044,816897
2026-08-15T19:22:26Z,710000000,Астана,129065160,Наушники REDMI Buds 6 Play розовый,price,6782,6779
2026-08-15T19:22:26Z,710000000,Астана,147374082,HONOR X9d 12 ГБ/256 ГБ черный,price,237960,237954
2026-08-15T19:22:26Z,710000000,Астана,134328061,"Видеорегистратор 70mai M310 черный, серый",price,28581,28578
2026-08-15T19:22:26Z,710000000,Астана,117969957,PXN V99 черный,price,102640,102637
2026-08-15T19:22:26Z,710000000,Астана,106042231,Наушники Fifine H6 черный,price,20021,20018
2026-08-15T19:22:26Z,710000000,Астана,106795757,Canon EOS R10 kit 18-45mm IS STM,price,462960,462924
2026-08-15T19:22:26Z,710000000,Астана,147026783,Garmin Venu 4s 41 мм золотистый-белый,price,339470,339468
2026-08-15T19:22:26Z,710000000,Астана,115034062,МФУ Canon i-SENSYS MF275dw,price,185966,185953
2026-08-15T19:22:26Z,710000000,Астана,7300284,Transcend TS4TSJ25H3P 4000 Гб,price,138216,138214
2026-08-15T19:22:26Z,710000000,Астана,110151201,Canon EOS R6 Mark II Kit RF 24-105mm F/4-7.1 IS STM черный,price,1079905,1079884
2026-08-15T19:22:26Z,710000000,Астана,141530632,Xiaomi Smart Band 10 черный,price,21930,21927
2026-08-15T19:22:26Z,710000000,Астана,119596967,EPOMAKER x AULA F75 черный,price,21362,21358
2026-08-15T19:22:26Z,710000000,Астана,139895845,Roborock F25 - ACE черный,price,199670,199658
2026-08-15T19:22:26Z,710000000,Астана,146792191,Midea MD200H90WB/T-C серый,price,266504,266462
2026-08-15T19:22:26Z,710000000,Астана,140332176,Garmin Forerunner 970 47 мм бежевый-фиолетовый,price,458153,458119
2026-08-15T19:22:26Z,710000000,Астана,122963224,Garmin Fenix 8 43 мм белый-белый,price,545103,545065
2026-08-15T19:22:26Z,710000000,Астана,106042325,Микрофон Fifine A6V черный,price,18714,18711
2026-08-15T19:22:26Z,710000000,Астана,115178468,POCKET BOOK PB629-M-CIS 6 дюйм 8 Гб серый,price,87650,87646
2026-08-15T19:22:26Z,710000000,Астана,145820693,Roborock S8 Pro RRA0TAL белый,price,114676,114664
2026-08-15T19:22:26Z,710000000,Астана,132855201,AULA F75 Side-Printed розовый,price,21485,21481
2026-08-15T19:22:26Z,710000000,Астана,110057315,70mai зарядное устройство для видеорегистратора Midrive UP03 USB Type-C черный,price,8365,8362
2026-08-15T19:22:26Z,710000000,Астана,113029065,Garmin VENU 3S 41 мм розовый-розовый,price,293923,293919
2026-08-15T19:22:26Z,710000000,Астана,103627190,Canon RF 16mm f/2.8 STM,price,129254,129233
2026-08-15T19:22:26Z,710000000,Астана,150110690,Sen Sulu blush stick румяна 03 frosted bllom,price,8877,8874
2026-08-15T19:22:26Z,710000000,Астана,145620660,TECNO SPARK 40C 8 ГБ/128 ГБ серый,price,74934,74912
2026-08-15T19:22:26Z,710000000,Астана,123942422,Canon RF 35mm f/1.4 L VCM,price,737476,737439
2026-08-15T19:22:26Z,710000000,Астана,145978939,Внешний аккумулятор Xiaomi Super Slim Magnetic Power Bank 5000 мАч 22.5 Вт WPB0507S фиолетовый,price,18894,18890
2026-08-15T19:22:26Z,710000000,Астана,141005445,AULA SC620 черный,price,11994,11275
2026-08-15T19:22:26Z,710000000,Астана,120263286,Bambu Lab PLA Matte 1.75 мм 1 кг черный,price,8951,8948
2026-08-15T19:22:26Z,710000000,Астана,145978921,Внешний аккумулятор Xiaomi Super Slim Magnetic Power Bank 5000 мАч 22.5 Вт WPB0507S золотистый,price,18896,18892
2026-08-15T19:22:26Z,710000000,Астана,147392127,Внешний аккумулятор Xiaomi Super Slim Magnetic WPB0507S (BHR08PMGL) 5000 мАч 22.5 Вт черный,price,18885,18881
2026-08-15T19:22:26Z,710000000,Астана,103492220,"Бассейн каркасный Bestway 56714, 427x250x100 см",price,144674,144671
2026-08-15T19:22:26Z,710000000,Астана,116631467,"Бассейн каркасный Bestway 561FY, 396x396x107 см",price,116340,116336
2026-08-15T19:22:26Z,710000000,Астана,163444184,Huawei nova 15 Pro 12 ГБ/512 ГБ белый,price,284885,284882
2026-08-15T19:22:26Z,710000000,Астана,163444356,Huawei nova 15 12 ГБ/512 ГБ белый,price,199879,199876
2026-08-15T19:22:26Z,710000000,Астана,15400145,"Бассейн каркасный Bestway Steel Pro Max 56420, 366x122 см",price,134779,134736
2026-08-15T19:22:26Z,710000000,Астана,118273472,Аэрогриль Xiaomi Smart Air Fryer BHR7357EU 6.5 л черный,price,47909,47906
2026-08-15T19:22:26Z,710000000,Астана,115287903,DREAME H12 Pro Plus CN черный,price,119561,119515
2026-08-15T19:22:26Z,710000000,Астана,130251646,Наушники REDMI Buds 6 Play синий,price,6770,6767
2026-08-15T19:22:26Z,710000000,Астана,145557956,TECNO SPARK 40C 8 ГБ/256 ГБ черный,price,84125,84115
2026-08-15T19:22:26Z,710000000,Астана,132593287,"DREAME H30 Ultra Mix черный, серый",price,162747,162732
2026-08-15T19:22:26Z,710000000,Астана,108894867,Аккумулятор AA Camelion 4 шт,discount,5,0
2026-08-15T19:22:26Z,710000000,Астана,137684212,DREAME H30 ULTRA MIX CE серый,price,162747,162732
2026-08-15T19:22:26Z,710000000,Астана,102158689,Микрофон Fifine T669 черный,price,21708,21682
2026-08-15T19:22:26Z,710000000,Астана,118273499,Аэрогриль Xiaomi Smart Air Fryer BHR7358EU 6.5 л белый,price,47279,47266
2026-08-15T19:22:26Z,710000000,Астана,143119833,Midea FSC-900DX стальной,price,227923,227920
2026-08-15T19:22:26Z,710000000,Астана,145978945,Внешний аккумулятор Xiaomi Super Slim Magnetic Power Bank 5000 мАч 22.5 Вт WPB0507S черный,price,18885,18881
2026-08-15T19:22:26Z,710000000,Астана,102211273,Midea MH 60P 205 X серебристый,price,33597,33587
2026-08-15T19:22:26Z,710000000,Астана,167350442,Xiaomi Smart Band 10 Pro черный,price,42005,42001
2026-08-15T19:22:26Z,710000000,Астана,123621889,Midea MFK03D105B/S-C серый,price,275244,275227
2026-08-15T19:22:26Z,710000000,Астана,110349310,Canon EOS R50 Kit 18-45mm f4.5-6.3 IS STM черный,price,329452,329443
2026-08-15T19:22:26Z,710000000,Астана,115633970,Canon LIDE 300 2995C010 черный,price,50903,50891
2026-08-15T19:22:26Z,710000000,Астана,1500075,Принтер Canon i-SENSYS LBP6030B,price,85605,85602
2026-08-15T19:22:26Z,710000000,Астана,141746219,Xiaomi Robot Vacuum S40C Е101CDZ белый,price,84877,84874
2026-08-15T19:22:26Z,710000000,Астана,154255448,"Xiaomi камера видеонаблюдения MJSXJ27CM, 8MP, расширение 3840x2160",price,28188,28184
2026-08-15T19:22:26Z,710000000,Астана,148148221,TCL 50V6C 127 см черный,price,219772,219766
2026-08-15T19:22:26Z,710000000,Астана,137060417,AULA F75 MAX черный,price,27415,27410
2026-08-15T19:22:26Z,710000000,Астана,101149860,Canon EOS RP RF 24-105 F4-7.1 IS STM,price,545474,545458
2026-08-15T19:22:26Z,710000000,Астана,113404917,POCKET BOOK InkPad 4 7.8 дюйм 32 Гб серебристый,price,164679,164676
2026-08-15T19:22:26Z,710000000,Астана,112245834,Canon EOS R8 Body черный,price,603211,603009
2026-08-15T19:22:26Z,710000000,Астана,166975826,HONOR 600 Pro 12 ГБ/512 ГБ черный,price,548718,548712
2026-08-15T19:22:26Z,710000000,Астана,103313279,Очиститель воздуха SmartMi Smartmi Air Purifier P1 серый,price,55166,55154
2026-08-15T19:22:26Z,710000000,Астана,151096402,Garmin Fenix 8 Pro 47 мм черный,price,653793,653761
2026-08-15T19:22:26Z,710000000,Астана,140332288,Garmin Forerunner 970 47 мм черный,price,449213,449183
2026-08-15T19:22:26Z,710000000,Астана,138584959,Garmin Vivoactive 6 42 мм бежевый,price,206000,205997
2026-08-15T19:22:26Z,710000000,Астана,139307969,Кофемашина Xiaomi Semi-Automatic Espresso Machine серебристый,price,61269,61266
2026-08-15T19:22:26Z,710000000,Астана,149031743,ZTE Nubia RedMagic Astra 9.06 дюйм 24 Гб/1024 Гб черный,price,569889,569886
2026-08-15T19:22:26Z,710000000,Астана,109310071,Garmin Forerunner 265S 42 мм белый-белый,price,275142,275119
2026-08-15T19:22:26Z,710000000,Астана,113029701,Garmin VENU 3S белый,price,278687,278680
2026-08-15T19:22:26Z,710000000,Астана,118179738,Canon EOS R50 RF-S 15-45 IS STM черный,price,329452,329443
2026-08-15T19:22:26Z,710000000,Астана,138585258,Garmin Vivoactive 6 42 мм черный,price,199489,199485
2026-08-15T19:22:26Z,710000000,Астана,114761211,Fifine SC3,price,25337,25333
2026-08-15T19:22:26Z,710000000,Астана,112972977,Видеорегистратор 70mai A810 черный,price,99954,99951
2026-08-15T19:22:26Z,710000000,Астана,153277705,TCL 75V6C 191 см черный,price,422846,422843
2026-08-15T19:22:26Z,710000000,Астана,122963617,Garmin Fenix 8 47 мм черный,price,605666,605635
2026-08-15T19:22:26Z,710000000,Астана,142719480,"27"" Xiaomi 4K Monitor 27 A27Ui-EU P27UCB-RAGL черный",price,144934,144928
2026-08-15T19:22:26Z,710000000,Астана,7300020,Transcend TS1TSJ25H3P 1000 Гб,price,63131,63128
2026-08-15T19:22:26Z,710000000,Астана,163510365,HONOR 600 Lite 8 ГБ/256 ГБ черный,price,209718,209682
2026-08-15T19:22:26Z,710000000,Астана,122966507,Garmin Fenix 8 51 мм черно-серый,price,653180,653105
2026-08-15T19:22:26Z,710000000,Астана,143300737,Наушники MOONDROP Rays фиолетовый,price,47242,47239
2026-08-15T19:22:26Z,710000000,Астана,151096352,Garmin Fenix 8 Pro 51 мм серебристый-серый,price,731242,731234
2026-08-15T19:22:26Z,710000000,Астана,109310183,Garmin Forerunner 265S 42 мм черный-черный,price,268893,268861
2026-08-15T19:22:26Z,710000000,Астана,122962879,Garmin Fenix 8 51 мм черный,price,607418,607391
2026-08-15T19:22:26Z,710000000,Астана,109351561,Garmin Forerunner 965 белый,price,373591,373588
2026-08-15T19:22:26Z,710000000,Астана,106852140,Garmin MARQ Golfer Gen 2 серебристый-зеленый-зеленый,price,1410811,1410777
2026-08-15T19:22:26Z,710000000,Астана,152036275,HONOR Magic8 Pro 12 ГБ/512 ГБ черный,price,618593,618589
2026-08-15T19:22:26Z,710000000,Астана,143300811,Наушники MOONDROP Aria 2 красный,price,49585,49582
2026-08-15T19:22:26Z,710000000,Астана,154805003,Realme GT 8 Pro 16 ГБ/512 ГБ синий,price,599966,599964
2026-08-15T19:22:26Z,710000000,Астана,101317689,Canon LIDE 400 2996C010 черный,price,58927,58924
2026-08-15T19:22:26Z,710000000,Астана,120134606,AULA F75 Side-Printed голубой,price,22550,22546
2026-08-15T19:22:26Z,710000000,Астана,128745315,Midea MF200W90WB/T-C серый,price,220935,220919
2026-08-15T19:22:26Z,710000000,Астана,140332233,Garmin Forerunner 970 47 мм белый-зеленый,price,455440,455400
2026-08-15T19:22:26Z,710000000,Астана,148005901,Huawei WATCH GT 6 46 мм серебристый-зеленый,price,94389,94386
2026-08-15T19:22:26Z,710000000,Астана,109731154,Canon EOS R7 Body черный,price,611448,611403
2026-08-15T19:22:26Z,710000000,Астана,120935104,Dream H12 Pro PLUS черный,price,119561,119515
2026-08-15T19:22:26Z,710000000,Астана,131430159,Наушники Soundcore Liberty 4 PRO черный,price,66375,66372
2026-08-15T19:22:26Z,710000000,Астана,142884485,Garmin VENU X1 46 мм черный-черный,price,463772,463644
2026-08-15T19:22:26Z,710000000,Астана,145820746,Roborock S8 Pro RRA0TAL черный,price,114666,114654
2026-08-15T19:22:26Z,710000000,Астана,145451616,"Dreame H30 Ultra Mix черный, серый",price,162747,162732
2026-08-15T19:22:26Z,710000000,Астана,154084045,Bambu Lab PLA Matte 1.75 мм 1 кг темно-синий,price,8998,8458
2026-08-15T19:22:26Z,710000000,Астана,154084045,Bambu Lab PLA Matte 1.75 мм 1 кг темно-синий,discount,0,15
2026-08-15T19:22:26Z,710000000,Астана,137352961,AULA F75 Black Contour черный,price,23105,23101
2026-08-15T19:22:26Z,710000000,Астана,133975075,Garmin Instinct 3 Solar 45 мм черный,price,249857,249849
2026-08-15T19:22:26Z,710000000,Астана,116455986,Система подачи материалов Bambu Lab AMS - Automatic Material System,price,141539,148988
2026-08-15T19:22:26Z,710000000,Астана,116455986,Система подачи материалов Bambu Lab AMS - Automatic Material System,discount,11,0
2026-08-15T19:22:26Z,710000000,Астана,114298557,МФУ Canon I-SENSYS MF461DW 5951C020,price,212599,212596
2026-08-15T19:22:26Z,710000000,Астана,156555269,Garmin Instinct 3 AMOLED 50 мм черный-синий,price,312940,312937
2026-08-15T19:22:26Z,710000000,Астана,169144934,Roborock S9+ белый,price,184714,184702
2026-08-15T19:22:26Z,710000000,Астана,171512267,ONYX BOOX для Go 6 Gen II бежевый,price,10439,10988
2026-08-15T19:22:26Z,710000000,Астана,171512267,ONYX BOOX для Go 6 Gen II бежевый,discount,25,22
2026-08-15T19:22:26Z,710000000,Астана,169114829,Roborock S9+ черный,price,184714,184702
2026-08-15T19:22:26Z,710000000,Астана,124278317,Garmin Fenix 8 Solar 47 мм черный,price,605533,605489
2026-08-15T19:22:26Z,710000000,Астана,131472928,Портативная колонка Soundcore Boom 2 Plus синий,price,116407,116395
2026-08-15T19:22:26Z,710000000,Астана,148348291,Canon EOS R50 + RF-S 18-45 mm IS STM,price,329452,329443
2026-08-15T19:22:26Z,710000000,Астана,169114918,Roborock S9 черный,price,140714,140702
2026-08-15T19:22:26Z,710000000,Астана,145557809,TECNO SPARK 40C 8 ГБ/256 ГБ белый,price,83058,83055
2026-08-15T19:22:26Z,710000000,Астана,7300141,Transcend TS1TSJ25H3B 1000 Гб,price,62067,62059
2026-08-15T19:22:26Z,710000000,Астана,141530670,Xiaomi Smart Band 10 серебристый,price,21930,21927
2026-08-15T19:22:26Z,710000000,Астана,165935475,ATK Dragonfly A9 Air белый,price,34482,34479
2026-08-15T19:22:26Z,710000000,Астана,143973797,TECNO SPARK 40C 8 ГБ/128 ГБ белый,price,74800,74789
2026-08-15T19:22:26Z,710000000,Астана,109310228,Garmin Forerunner 265S 42 мм розовый-розовый,price,281906,281901
2026-08-15T19:22:26Z,710000000,Астана,130022770,Canon CANOSCAN LIDE 300 черный,price,50903,50891
2026-08-15T19:22:26Z,710000000,Астана,114237446,Transcend TS256GUSD340S 256 Гб,price,79852,79847
2026-08-15T19:22:26Z,710000000,Астана,116193383,Garmin Lily 2 Classic 25 мм серебристый-бежевый-бежевый,price,218940,218937
2026-08-15T19:22:26Z,710000000,Астана,100305103,"Бассейн каркасный Bestway 56082/56424, 400x211x81 см",price,58874,58853
2026-08-15T19:22:26Z,710000000,Астана,167230393,Наушники Huawei FreeBuds Pro 5 темно-серый,price,79586,79582
2026-08-15T19:22:26Z,710000000,Астана,110723747,Canon RF 100-400mm f/5.6-8 IS USM,price,390813,390740
2026-08-15T19:22:26Z,710000000,Астана,116535193,МФУ Canon I-Sensys MF465dw 5951C007AA,price,224806,224786
2026-08-15T19:22:26Z,710000000,Астана,141046478,Canon EOS R50 + RF-S 18-45 mm IS STM 5811C036,price,329445,329443
2026-08-15T19:22:26Z,710000000,Астана,109731162,Canon EOS R10 kit RF-S 18–150mm f/3.5–6.3 IS STM,price,591672,591587
2026-08-15T19:22:26Z,710000000,Астана,113556362,Canon EOS R50 RF-S 18-45 + Kit 55-210 mm,price,574218,574207
2026-08-15T19:22:26Z,710000000,Астана,143300800,Наушники MOONDROP Aria 2 серебристый,price,48405,48402
2026-08-15T19:22:26Z,710000000,Астана,132979867,AULA AU75 черный,price,22135,22131
2026-08-15T19:22:26Z,710000000,Астана,129064979,Canon EOS R100 + RF-S 18-45mm + RF-S 55-210mm,price,455509,455506
2026-08-15T19:22:26Z,710000000,Астана,113028541,Garmin VENU 3 45 мм белый-белый,price,293000,292997
2026-08-15T19:22:26Z,710000000,Астана,116788713,Transcend TS1TESD410C 1000 Гб,price,183790,183786
2026-08-15T19:22:26Z,710000000,Астана,163444484,Huawei nova 15 12 ГБ/256 ГБ белый,price,199879,199876
2026-08-15T19:22:26Z,710000000,Астана,138584777,Garmin Vivoactive 6 42 мм зеленый,price,206467,206464
2026-08-15T19:22:26Z,710000000,Астана,15400127,"Бассейн каркасный Bestway Steel Pro Frame 56424, 400x211x81 см",price,58874,58853
2026-08-15T19:22:26Z,710000000,Астана,110648816,Philips BHS752/00 утюжок 25 мм,price,61949,61946
2026-08-15T19:22:26Z,710000000,Астана,157683664,Наушники AULA G7 черный,price,12254,12250
2026-08-15T19:22:26Z,710000000,Астана,106851929,Garmin MARQ Aviator Gen 2 серебристый,price,1476708,1476700
2026-08-15T19:22:26Z,710000000,Астана,114801730,Canon RF 24mm f/1.8 Macro IS STM,price,272727,272709
2026-08-15T19:22:26Z,710000000,Астана,143693130,Наушники AULA G7 белый,price,11458,11454
2026-08-15T19:22:26Z,710000000,Астана,169077113,Roborock S9 белый,price,140714,140702
2026-08-15T19:22:26Z,710000000,Астана,163483165,Наушники Soundcore Sleep A30 Green зеленый,price,85401,85399
2026-08-15T19:22:26Z,710000000,Астана,141885718,Garmin Instinct 3 Solar Tactical 45 мм черный,price,289940,289937
2026-08-15T19:22:26Z,710000000,Астана,128243261,Система подачи материалов Bambu Lab Ams lite,price,132722,132719
2026-08-15T19:22:26Z,710000000,Астана,163414583,AULA F75 розовый,price,23532,23527
2026-08-15T19:22:26Z,710000000,Астана,116193133,Garmin Lily 2 Classic 25 мм бордовый-бордовый,price,218940,218937
2026-08-15T19:22:26Z,710000000,Астана,137761682,AULA SC380 PRO белый,price,11313,11309
2026-08-15T19:22:26Z,710000000,Астана,171178069,Roborock Saros 20 черный,price,699714,699702
2026-08-15T19:22:26Z,710000000,Астана,150445434,Sapphire PULSE AMD Radeon RX 9070 16 Гб,price,407670,407658
2026-08-15T19:22:26Z,710000000,Астана,114176446,POCKET BOOK PB634-3-CIS 6 дюйм 1 Гб красный,price,105587,105608
2026-08-15T19:22:26Z,710000000,Астана,108430983,Canon EOS R7 Kit 18-150mm черный,price,809874,809837
2026-08-15T19:22:26Z,710000000,Астана,122265923,Canon EOS R5 Mark II body,price,1729590,1729504
2026-08-15T19:22:26Z,710000000,Астана,146975796,AULA HERO 68 HE Frosted белый,price,27262,27258
2026-08-15T19:22:26Z,710000000,Астана,137761585,AULA SC380 PRO черный,price,11137,11132
2026-08-15T19:22:26Z,710000000,Астана,112143554,Transcend TS128GUSD340S 128 Гб,price,41771,41768
2026-08-15T19:22:26Z,710000000,Астана,163483158,Наушники Soundcore Sleep A30 White белый,price,85489,89988
2026-08-15T19:22:26Z,710000000,Астана,114460686,Garmin MARQ Golfer Gen 2 Carbon Edition черный,price,1756210,1756207
2026-08-15T19:22:26Z,710000000,Астана,122651840,Canon RF-S 55-210mm f/5-7.1 IS STM,price,279360,279356
2026-08-15T19:22:26Z,710000000,Астана,105544265,Canon RF 70-200mm f/4L IS USM,price,813477,813432
2026-08-15T19:22:26Z,710000000,Астана,101018992,"Бассейн каркасный Bestway Power Steel 56465, 549x274x122 см",price,267809,267806
2026-08-15T19:22:26Z,710000000,Астана,112921022,МФУ Canon imageRUNNER 2224 5942C001,price,608808,608805
2026-08-15T19:22:26Z,710000000,Астана,130022687,Canon CANOSCAN LIDE 400 черный,price,58927,58924
2026-08-15T19:22:26Z,511010000,Шымкент,122038682,DREAME H14 Dual черный,discount,25,0
2026-08-15T19:22:26Z,511010000,Шымкент,108430990,Canon EOS R6 Mark II Body черный,price,817044,816897
2026-08-15T19:22:26Z,511010000,Шымкент,129065160,Наушники REDMI Buds 6 Play розовый,price,6782,6779
2026-08-15T19:22:26Z,511010000,Шымкент,147374082,HONOR X9d 12 ГБ/256 ГБ черный,price,237960,237954
2026-08-15T19:22:26Z,511010000,Шымкент,134328061,"Видеорегистратор 70mai M310 черный, серый",price,28581,28578
2026-08-15T19:22:26Z,511010000,Шымкент,117969957,PXN V99 черный,price,102640,102637
2026-08-15T19:22:26Z,511010000,Шымкент,106042231,Наушники Fifine H6 черный,price,20021,20018
2026-08-15T19:22:26Z,511010000,Шымкент,106795757,Canon EOS R10 kit 18-45mm IS STM,price,462945,462924
2026-08-15T19:22:26Z,511010000,Шымкент,147026783,Garmin Venu 4s 41 мм золотистый-белый,price,339470,339468
2026-08-15T19:22:26Z,511010000,Шымкент,115034062,МФУ Canon i-SENSYS MF275dw,price,185966,185953
2026-08-15T19:22:26Z,511010000,Шымкент,7300284,Transcend TS4TSJ25H3P 4000 Гб,price,138216,138214
2026-08-15T19:22:26Z,511010000,Шымкент,110151201,Canon EOS R6 Mark II Kit RF 24-105mm F/4-7.1 IS STM черный,price,1079905,1079884
2026-08-15T19:22:26Z,511010000,Шымкент,141530632,Xiaomi Smart Band 10 черный,price,21930,21927
2026-08-15T19:22:26Z,511010000,Шымкент,119596967,EPOMAKER x AULA F75 черный,price,21362,21358
2026-08-15T19:22:26Z,511010000,Шымкент,139895845,Roborock F25 - ACE черный,price,199670,199658
2026-08-15T19:22:26Z,511010000,Шымкент,146792191,Midea MD200H90WB/T-C серый,price,266504,266462
2026-08-15T19:22:26Z,511010000,Шымкент,140332176,Garmin Forerunner 970 47 мм бежевый-фиолетовый,price,458153,458119
2026-08-15T19:22:26Z,511010000,Шымкент,122963224,Garmin Fenix 8 43 мм белый-белый,price,545103,545065
2026-08-15T19:22:26Z,511010000,Шымкент,106042325,Микрофон Fifine A6V черный,price,18714,18711
2026-08-15T19:22:26Z,511010000,Шымкент,115178468,POCKET BOOK PB629-M-CIS 6 дюйм 8 Гб серый,price,87650,87646
2026-08-15T19:22:26Z,511010000,Шымкент,145820693,Roborock S8 Pro RRA0TAL белый,price,114676,114664
2026-08-15T19:22:26Z,511010000,Шымкент,132855201,AULA F75 Side-Printed розовый,price,21485,21481
2026-08-15T19:22:26Z,511010000,Шымкент,110057315,70mai зарядное устройство для видеорегистратора Midrive UP03 USB Type-C черный,price,8365,8362
2026-08-15T19:22:26Z,511010000,Шымкент,133974886,Garmin Instinct E 45 мм серый,price,186940,186937
2026-08-15T19:22:26Z,511010000,Шымкент,113029065,Garmin VENU 3S 41 мм розовый-розовый,price,293923,293919
2026-08-15T19:22:26Z,511010000,Шымкент,103627190,Canon RF 16mm f/2.8 STM,price,129254,129233
2026-08-15T19:22:26Z,511010000,Шымкент,150110690,Sen Sulu blush stick румяна 03 frosted bllom,price,8877,8874
2026-08-15T19:22:26Z,511010000,Шымкент,145620660,TECNO SPARK 40C 8 ГБ/128 ГБ серый,price,74934,74912
2026-08-15T19:22:26Z,511010000,Шымкент,123942422,Canon RF 35mm f/1.4 L VCM,price,737476,737439
2026-08-15T19:22:26Z,511010000,Шымкент,145978939,Внешний аккумулятор Xiaomi Super Slim Magnetic Power Bank 5000 мАч 22.5 Вт WPB0507S фиолетовый,price,18894,18890
2026-08-15T19:22:26Z,511010000,Шымкент,141005445,AULA SC620 черный,price,11994,11275
2026-08-15T19:22:26Z,511010000,Шымкент,120263286,Bambu Lab PLA Matte 1.75 мм 1 кг черный,price,8951,8948
2026-08-15T19:22:26Z,511010000,Шымкент,145978921,Внешний аккумулятор Xiaomi Super Slim Magnetic Power Bank 5000 мАч 22.5 Вт WPB0507S золотистый,price,18896,18892
2026-08-15T19:22:26Z,511010000,Шымкент,147392127,Внешний аккумулятор Xiaomi Super Slim Magnetic WPB0507S (BHR08PMGL) 5000 мАч 22.5 Вт черный,price,18885,18881
2026-08-15T19:22:26Z,511010000,Шымкент,101513764,"Бассейн каркасный Bestway 5612B, 640x274x132 см",price,324456,368699
2026-08-15T19:22:26Z,511010000,Шымкент,101513764,"Бассейн каркасный Bestway 5612B, 640x274x132 см",discount,15,0
2026-08-15T19:22:26Z,511010000,Шымкент,103492220,"Бассейн каркасный Bestway 56714, 427x250x100 см",price,144674,144671
2026-08-15T19:22:26Z,511010000,Шымкент,116631467,"Бассейн каркасный Bestway 561FY, 396x396x107 см",price,116340,116336
2026-08-15T19:22:26Z,511010000,Шымкент,163444184,Huawei nova 15 Pro 12 ГБ/512 ГБ белый,price,284885,284882
2026-08-15T19:22:26Z,511010000,Шымкент,163444356,Huawei nova 15 12 ГБ/512 ГБ белый,price,199879,199876
2026-08-15T19:22:26Z,511010000,Шымкент,15400145,"Бассейн каркасный Bestway Steel Pro Max 56420, 366x122 см",price,134779,134736
2026-08-15T19:22:26Z,511010000,Шымкент,118273472,Аэрогриль Xiaomi Smart Air Fryer BHR7357EU 6.5 л черный,price,47909,47906
2026-08-15T19:22:26Z,511010000,Шымкент,115287903,DREAME H12 Pro Plus CN черный,price,119561,119515
2026-08-15T19:22:26Z,511010000,Шымкент,130251646,Наушники REDMI Buds 6 Play синий,price,6770,6767
2026-08-15T19:22:26Z,511010000,Шымкент,145557956,TECNO SPARK 40C 8 ГБ/256 ГБ черный,price,84125,84115
2026-08-15T19:22:26Z,511010000,Шымкент,132593287,"DREAME H30 Ultra Mix черный, серый",price,162747,162732
2026-08-15T19:22:26Z,511010000,Шымкент,108894867,Аккумулятор AA Camelion 4 шт,discount,5,0
2026-08-15T19:22:26Z,511010000,Шымкент,137684212,DREAME H30 ULTRA MIX CE серый,price,162747,162732
2026-08-15T19:22:26Z,511010000,Шымкент,102158689,Микрофон Fifine T669 черный,price,21708,21682
2026-08-15T19:22:26Z,511010000,Шымкент,118273499,Аэрогриль Xiaomi Smart Air Fryer BHR7358EU 6.5 л белый,price,47279,47266
2026-08-15T19:22:26Z,511010000,Шымкент,143119833,Midea FSC-900DX стальной,price,227923,227920
2026-08-15T19:22:26Z,511010000,Шымкент,145978945,Внешний аккумулятор Xiaomi Super Slim Magnetic Power Bank 5000 мАч 22.5 Вт WPB0507S черный,price,18885,18881
2026-08-15T19:22:26Z,511010000,Шымкент,102211273,Midea MH 60P 205 X серебристый,price,33597,33587
2026-08-15T19:22:26Z,511010000,Шымкент,167350442,Xiaomi Smart Band 10 Pro черный,price,42005,42001
2026-08-15T19:22:26Z,511010000,Шымкент,123621889,Midea MFK03D105B/S-C серый,price,275244,275227
2026-08-15T19:22:26Z,511010000,Шымкент,110349310,Canon EOS R50 Kit 18-45mm f4.5-6.3 IS STM черный,price,329452,329443
2026-08-15T19:22:26Z,511010000,Шымкент,115633970,Canon LIDE 300 2995C010 черный,price,50903,50891
2026-08-15T19:22:26Z,511010000,Шымкент,1500075,Принтер Canon i-SENSYS LBP6030B,price,85605,85602
2026-08-15T19:22:26Z,511010000,Шымкент,141746219,Xiaomi Robot Vacuum S40C Е101CDZ белый,price,84877,84874
2026-08-15T19:22:26Z,511010000,Шымкент,154255448,"Xiaomi камера видеонаблюдения MJSXJ27CM, 8MP, расширение 3840x2160",price,28188,28184
2026-08-15T19:22:26Z,511010000,Шымкент,148148221,TCL 50V6C 127 см черный,price,219772,219766
2026-08-15T19:22:26Z,511010000,Шымкент,137060417,AULA F75 MAX черный,price,27415,27410
2026-08-15T19:22:26Z,511010000,Шымкент,101149860,Canon EOS RP RF 24-105 F4-7.1 IS STM,price,545464,545458
2026-08-15T19:22:26Z,511010000,Шымкент,113404917,POCKET BOOK InkPad 4 7.8 дюйм 32 Гб серебристый,price,164679,164676
2026-08-15T19:22:26Z,511010000,Шымкент,112245834,Canon EOS R8 Body черный,price,603211,603009
2026-08-15T19:22:26Z,511010000,Шымкент,166975826,HONOR 600 Pro 12 ГБ/512 ГБ черный,price,548718,548712
2026-08-15T19:22:26Z,511010000,Шымкент,112301355,МФУ Canon MAXIFY GX3040,price,123866,123861
2026-08-15T19:22:26Z,511010000,Шымкент,103313279,Очиститель воздуха SmartMi Smartmi Air Purifier P1 серый,price,55166,55154
2026-08-15T19:22:26Z,511010000,Шымкент,151096402,Garmin Fenix 8 Pro 47 мм черный,price,653793,653761
2026-08-15T19:22:26Z,511010000,Шымкент,140332288,Garmin Forerunner 970 47 мм черный,price,449213,449183
2026-08-15T19:22:26Z,511010000,Шымкент,138584959,Garmin Vivoactive 6 42 мм бежевый,price,206000,205997
2026-08-15T19:22:26Z,511010000,Шымкент,139307969,Кофемашина Xiaomi Semi-Automatic Espresso Machine серебристый,price,61269,61266
2026-08-15T19:22:26Z,511010000,Шымкент,149031743,ZTE Nubia RedMagic Astra 9.06 дюйм 24 Гб/1024 Гб черный,price,569889,569886
2026-08-15T19:22:26Z,511010000,Шымкент,109310071,Garmin Forerunner 265S 42 мм белый-белый,price,275142,275119
2026-08-15T19:22:26Z,511010000,Шымкент,113029701,Garmin VENU 3S белый,price,278687,278680
2026-08-15T19:22:26Z,511010000,Шымкент,118179738,Canon EOS R50 RF-S 15-45 IS STM черный,price,329452,329443
2026-08-15T19:22:26Z,511010000,Шымкент,138585258,Garmin Vivoactive 6 42 мм черный,price,199489,199485
2026-08-15T19:22:26Z,511010000,Шымкент,114761211,Fifine SC3,price,25337,25333
2026-08-15T19:22:26Z,511010000,Шымкент,112972977,Видеорегистратор 70mai A810 черный,price,99954,99951
2026-08-15T19:22:26Z,511010000,Шымкент,153277705,TCL 75V6C 191 см черный,price,422846,422843
2026-08-15T19:22:26Z,511010000,Шымкент,122963617,Garmin Fenix 8 47 мм черный,price,605656,605635
2026-08-15T19:22:26Z,511010000,Шымкент,142719480,"27"" Xiaomi 4K Monitor 27 A27Ui-EU P27UCB-RAGL черный",price,144934,144928
2026-08-15T19:22:26Z,511010000,Шымкент,7300020,Transcend TS1TSJ25H3P 1000 Гб,price,63131,63128
2026-08-15T19:22:26Z,511010000,Шымкент,163510365,HONOR 600 Lite 8 ГБ/256 ГБ черный,price,209718,209682
2026-08-15T19:22:26Z,511010000,Шымкент,122966507,Garmin Fenix 8 51 мм черно-серый,price,653180,653105
2026-08-15T19:22:26Z,511010000,Шымкент,143300737,Наушники MOONDROP Rays фиолетовый,price,47242,47239
2026-08-15T19:22:26Z,511010000,Шымкент,151096352,Garmin Fenix 8 Pro 51 мм серебристый-серый,price,731242,731234
2026-08-15T19:22:26Z,511010000,Шымкент,109310183,Garmin Forerunner 265S 42 мм черный-черный,price,268893,268861
2026-08-15T19:22:26Z,511010000,Шымкент,122962879,Garmin Fenix 8 51 мм черный,price,607418,607391
2026-08-15T19:22:26Z,511010000,Шымкент,109351561,Garmin Forerunner 965 белый,price,373591,373588
2026-08-15T19:22:26Z,511010000,Шымкент,106852140,Garmin MARQ Golfer Gen 2 серебристый-зеленый-зеленый,price,1410793,1410777
2026-08-15T19:22:26Z,511010000,Шымкент,152036275,HONOR Magic8 Pro 12 ГБ/512 ГБ черный,price,618593,618589
2026-08-15T19:22:26Z,511010000,Шымкент,143300811,Наушники MOONDROP Aria 2 красный,price,49585,49582
2026-08-15T19:22:26Z,511010000,Шымкент,154805003,Realme GT 8 Pro 16 ГБ/512 ГБ синий,price,599966,599964
2026-08-15T19:22:26Z,511010000,Шымкент,101317689,Canon LIDE 400 2996C010 черный,price,58927,58924
2026-08-15T19:22:26Z,511010000,Шымкент,120134606,AULA F75 Side-Printed голубой,price,22550,22546
2026-08-15T19:22:26Z,511010000,Шымкент,128745315,Midea MF200W90WB/T-C серый,price,220935,220919
2026-08-15T19:22:26Z,511010000,Шымкент,140332233,Garmin Forerunner 970 47 мм белый-зеленый,price,455440,455400
2026-08-15T19:22:26Z,511010000,Шымкент,148005901,Huawei WATCH GT 6 46 мм серебристый-зеленый,price,94389,94386
2026-08-15T19:22:26Z,511010000,Шымкент,139561340,AULA HERO 68 HE белый,price,20686,20681
2026-08-15T19:22:26Z,511010000,Шымкент,139955883,Huawei WATCH FIT 4 Pro 44 мм серебристый-зеленый,price,74748,74744
2026-08-15T19:22:26Z,511010000,Шымкент,109731154,Canon EOS R7 Body черный,price,611448,611403
2026-08-15T19:22:26Z,511010000,Шымкент,120935104,Dream H12 Pro PLUS черный,price,119561,119515
2026-08-15T19:22:26Z,511010000,Шымкент,131430159,Наушники Soundcore Liberty 4 PRO черный,price,66375,66372
2026-08-15T19:22:26Z,511010000,Шымкент,142884485,Garmin VENU X1 46 мм черный-черный,price,463772,463644
2026-08-15T19:22:26Z,511010000,Шымкент,145820746,Roborock S8 Pro RRA0TAL черный,price,114666,114654
2026-08-15T19:22:26Z,511010000,Шымкент,145451616,"Dreame H30 Ultra Mix черный, серый",price,162747,162732
2026-08-15T19:22:26Z,511010000,Шымкент,154084045,Bambu Lab PLA Matte 1.75 мм 1 кг темно-синий,price,8998,8458
2026-08-15T19:22:26Z,511010000,Шымкент,154084045,Bambu Lab PLA Matte 1.75 мм 1 кг темно-синий,discount,0,14
2026-08-15T19:22:26Z,511010000,Шымкент,137352961,AULA F75 Black Contour черный,price,23105,23101
2026-08-15T19:22:26Z,511010000,Шымкент,133975075,Garmin Instinct 3 Solar 45 мм черный,price,249857,249849
2026-08-15T19:22:26Z,511010000,Шымкент,116455986,Система подачи материалов Bambu Lab AMS - Automatic Material System,price,141539,148988
2026-08-15T19:22:26Z,511010000,Шымкент,116455986,Система подачи материалов Bambu Lab AMS - Automatic Material System,discount,11,0
2026-08-15T19:22:26Z,511010000,Шымкент,114298557,МФУ Canon I-SENSYS MF461DW 5951C020,price,212599,212596
2026-08-15T19:22:26Z,511010000,Шымкент,156555269,Garmin Instinct 3 AMOLED 50 мм черный-синий,price,312940,312937
2026-08-15T19:22:26Z,511010000,Шымкент,169144934,Roborock S9+ белый,price,184714,184702
2026-08-15T19:22:26Z,511010000,Шымкент,171512267,ONYX BOOX для Go 6 Gen II бежевый,price,10439,10988
2026-08-15T19:22:26Z,511010000,Шымкент,171512267,ONYX BOOX для Go 6 Gen II бежевый,discount,25,22
2026-08-15T19:22:26Z,511010000,Шымкент,169114829,Roborock S9+ черный,price,184714,184702
2026-08-15T19:22:26Z,511010000,Шымкент,124278317,Garmin Fenix 8 Solar 47 мм черный,price,605558,605489
2026-08-15T19:22:26Z,511010000,Шымкент,131472928,Портативная колонка Soundcore Boom 2 Plus синий,price,116407,116395
2026-08-15T19:22:26Z,511010000,Шымкент,148348291,Canon EOS R50 + RF-S 18-45 mm IS STM,price,329452,329443
2026-08-15T19:22:26Z,511010000,Шымкент,169114918,Roborock S9 черный,price,140714,140702
2026-08-15T19:22:26Z,511010000,Шымкент,145557809,TECNO SPARK 40C 8 ГБ/256 ГБ белый,price,83058,83055
2026-08-15T19:22:26Z,511010000,Шымкент,7300141,Transcend TS1TSJ25H3B 1000 Гб,price,62067,62059
2026-08-15T19:22:26Z,511010000,Шымкент,141530670,Xiaomi Smart Band 10 серебристый,price,21930,21927
2026-08-15T19:22:26Z,511010000,Шымкент,165935475,ATK Dragonfly A9 Air белый,price,34482,34479
2026-08-15T19:22:26Z,511010000,Шымкент,143973797,TECNO SPARK 40C 8 ГБ/128 ГБ белый,price,74800,74789
2026-08-15T19:22:26Z,511010000,Шымкент,109310228,Garmin Forerunner 265S 42 мм розовый-розовый,price,281906,281901
2026-08-15T19:22:26Z,511010000,Шымкент,130022770,Canon CANOSCAN LIDE 300 черный,price,50903,50891
2026-08-15T19:22:26Z,511010000,Шымкент,114237446,Transcend TS256GUSD340S 256 Гб,price,79852,79847
2026-08-15T19:22:26Z,511010000,Шымкент,116193383,Garmin Lily 2 Classic 25 мм серебристый-бежевый-бежевый,price,218940,218937
2026-08-15T19:22:26Z,511010000,Шымкент,100305103,"Бассейн каркасный Bestway 56082/56424, 400x211x81 см",price,58874,58853
2026-08-15T19:22:26Z,511010000,Шымкент,167230393,Наушники Huawei FreeBuds Pro 5 темно-серый,price,79586,79582
2026-08-15T19:22:26Z,511010000,Шымкент,110723747,Canon RF 100-400mm f/5.6-8 IS USM,price,390813,390740
2026-08-15T19:22:26Z,511010000,Шымкент,116535193,МФУ Canon I-Sensys MF465dw 5951C007AA,price,224806,224786
2026-08-15T19:22:26Z,511010000,Шымкент,141046478,Canon EOS R50 + RF-S 18-45 mm IS STM 5811C036,price,329445,329443
2026-08-15T19:22:26Z,511010000,Шымкент,109731162,Canon EOS R10 kit RF-S 18–150mm f/3.5–6.3 IS STM,price,591672,591587
2026-08-15T19:22:26Z,511010000,Шымкент,113556362,Canon EOS R50 RF-S 18-45 + Kit 55-210 mm,price,574218,574207
2026-08-15T19:22:26Z,511010000,Шымкент,143300800,Наушники MOONDROP Aria 2 серебристый,price,48405,48402
2026-08-15T19:22:26Z,511010000,Шымкент,132979867,AULA AU75 черный,price,22135,22131
2026-08-15T19:22:26Z,511010000,Шымкент,129064979,Canon EOS R100 + RF-S 18-45mm + RF-S 55-210mm,price,455509,455506
2026-08-15T19:22:26Z,511010000,Шымкент,113028541,Garmin VENU 3 45 мм белый-белый,price,293000,292997
2026-08-15T19:22:26Z,511010000,Шымкент,116788713,Transcend TS1TESD410C 1000 Гб,price,183790,183786
2026-08-15T19:22:26Z,511010000,Шымкент,163444484,Huawei nova 15 12 ГБ/256 ГБ белый,price,199879,199876
2026-08-15T19:22:26Z,511010000,Шымкент,138584777,Garmin Vivoactive 6 42 мм зеленый,price,206467,206464
2026-08-15T19:22:26Z,511010000,Шымкент,15400127,"Бассейн каркасный Bestway Steel Pro Frame 56424, 400x211x81 см",price,58874,58853
2026-08-15T19:22:26Z,511010000,Шымкент,110648816,Philips BHS752/00 утюжок 25 мм,price,61949,61946
2026-08-15T19:22:26Z,511010000,Шымкент,157683664,Наушники AULA G7 черный,price,12254,12250
2026-08-15T19:22:26Z,511010000,Шымкент,106851929,Garmin MARQ Aviator Gen 2 серебристый,price,1476704,1476700
2026-08-15T19:22:26Z,511010000,Шымкент,114801730,Canon RF 24mm f/1.8 Macro IS STM,price,272727,272709
2026-08-15T19:22:26Z,511010000,Шымкент,143693130,Наушники AULA G7 белый,price,11458,11454
2026-08-15T19:22:26Z,511010000,Шымкент,169077113,Roborock S9 белый,price,140714,140702
2026-08-15T19:22:26Z,511010000,Шымкент,163483165,Наушники Soundcore Sleep A30 Green зеленый,price,85401,85399
2026-08-15T19:22:26Z,511010000,Шымкент,141885718,Garmin Instinct 3 Solar Tactical 45 мм черный,price,289940,289937
2026-08-15T19:22:26Z,511010000,Шымкент,128243261,Система подачи материалов Bambu Lab Ams lite,price,132722,132719
2026-08-15T19:22:26Z,511010000,Шымкент,163414583,AULA F75 розовый,price,23532,23527
2026-08-15T19:22:26Z,511010000,Шымкент,116193133,Garmin Lily 2 Classic 25 мм бордовый-бордовый,price,218940,218937
2026-08-15T19:22:26Z,511010000,Шымкент,137761682,AULA SC380 PRO белый,price,11313,11309
2026-08-15T19:22:26Z,511010000,Шымкент,171178069,Roborock Saros 20 черный,price,699714,699702
2026-08-15T19:22:26Z,511010000,Шымкент,150445434,Sapphire PULSE AMD Radeon RX 9070 16 Гб,price,407670,407658
2026-08-15T19:22:26Z,511010000,Шымкент,114176446,POCKET BOOK PB634-3-CIS 6 дюйм 1 Гб красный,price,105587,105608
2026-08-15T19:22:26Z,511010000,Шымкент,108430983,Canon EOS R7 Kit 18-150mm черный,price,809860,809837
2026-08-15T19:22:26Z,511010000,Шымкент,122265923,Canon EOS R5 Mark II body,price,1729560,1729504
2026-08-15T19:22:26Z,511010000,Шымкент,146975796,AULA HERO 68 HE Frosted белый,price,27262,27258
2026-08-15T19:22:26Z,511010000,Шымкент,137761585,AULA SC380 PRO черный,price,11137,11132
2026-08-15T19:22:26Z,511010000,Шымкент,112143554,Transcend TS128GUSD340S 128 Гб,price,41771,41768
2026-08-15T19:22:26Z,511010000,Шымкент,163483158,Наушники Soundcore Sleep A30 White белый,price,85489,89988
2026-08-15T19:22:26Z,511010000,Шымкент,114460686,Garmin MARQ Golfer Gen 2 Carbon Edition черный,price,1756210,1756207
2026-08-15T19:22:26Z,511010000,Шымкент,122651840,Canon RF-S 55-210mm f/5-7.1 IS STM,price,279360,279356
2026-08-15T19:22:26Z,511010000,Шымкент,105544265,Canon RF 70-200mm f/4L IS USM,price,813477,813432
2026-08-15T19:22:26Z,511010000,Шымкент,101018992,"Бассейн каркасный Bestway Power Steel 56465, 549x274x122 см",price,267809,267806
2026-08-15T19:22:26Z,511010000,Шымкент,112921022,МФУ Canon imageRUNNER 2224 5942C001,price,608808,608805
2026-08-15T19:22:26Z,511010000,Шымкент,130022687,Canon CANOSCAN LIDE 400 черный,price,58927,58924
2026-08-15T19:22:26Z,470000000,Актобе,122038682,DREAME H14 Dual черный,discount,25,0
2026-08-15T19:22:26Z,470000000,Актобе,108430990,Canon EOS R6 Mark II Body черный,price,816993,816897
2026-08-15T19:22:26Z,470000000,Актобе,129065160,Наушники REDMI Buds 6 Play розовый,price,6782,6779
2026-08-15T19:22:26Z,470000000,Актобе,147374082,HONOR X9d 12 ГБ/256 ГБ черный,price,237960,237954
2026-08-15T19:22:26Z,470000000,Актобе,134328061,"Видеорегистратор 70mai M310 черный, серый",price,28581,28578
2026-08-15T19:22:26Z,470000000,Актобе,117969957,PXN V99 черный,price,102640,102637
2026-08-15T19:22:26Z,470000000,Актобе,106042231,Наушники Fifine H6 черный,price,20021,20018
2026-08-15T19:22:26Z,470000000,Актобе,106795757,Canon EOS R10 kit 18-45mm IS STM,price,462945,462924
2026-08-15T19:22:26Z,470000000,Актобе,147026783,Garmin Venu 4s 41 мм золотистый-белый,price,339470,339468
2026-08-15T19:22:26Z,470000000,Актобе,115034062,МФУ Canon i-SENSYS MF275dw,price,185966,185953
2026-08-15T19:22:26Z,470000000,Актобе,7300284,Transcend TS4TSJ25H3P 4000 Гб,price,138216,138214
2026-08-15T19:22:26Z,470000000,Актобе,110151201,Canon EOS R6 Mark II Kit RF 24-105mm F/4-7.1 IS STM черный,price,1079890,1079847
2026-08-15T19:22:26Z,470000000,Актобе,141530632,Xiaomi Smart Band 10 черный,price,21930,21927
2026-08-15T19:22:26Z,470000000,Актобе,119596967,EPOMAKER x AULA F75 черный,price,21362,21358
2026-08-15T19:22:26Z,470000000,Актобе,139895845,Roborock F25 - ACE черный,price,199670,199658
2026-08-15T19:22:26Z,470000000,Актобе,146792191,Midea MD200H90WB/T-C серый,price,266504,266462
2026-08-15T19:22:26Z,470000000,Актобе,140332176,Garmin Forerunner 970 47 мм бежевый-фиолетовый,price,458153,458119
2026-08-15T19:22:26Z,470000000,Актобе,122963224,Garmin Fenix 8 43 мм белый-белый,price,545095,545058
2026-08-15T19:22:26Z,470000000,Актобе,106042325,Микрофон Fifine A6V черный,price,18714,18711
2026-08-15T19:22:26Z,470000000,Актобе,115178468,POCKET BOOK PB629-M-CIS 6 дюйм 8 Гб серый,price,87650,87646
2026-08-15T19:22:26Z,470000000,Актобе,145820693,Roborock S8 Pro RRA0TAL белый,price,114676,114664
2026-08-15T19:22:26Z,470000000,Актобе,132855201,AULA F75 Side-Printed розовый,price,21485,21481
2026-08-15T19:22:26Z,470000000,Актобе,110057315,70mai зарядное устройство для видеорегистратора Midrive UP03 USB Type-C черный,price,8365,8362
2026-08-15T19:22:26Z,470000000,Актобе,133974886,Garmin Instinct E 45 мм серый,price,186940,186937
2026-08-15T19:22:26Z,470000000,Актобе,113029065,Garmin VENU 3S 41 мм розовый-розовый,price,293923,293919
2026-08-15T19:22:26Z,470000000,Актобе,103627190,Canon RF 16mm f/2.8 STM,price,129254,129233
2026-08-15T19:22:26Z,470000000,Актобе,150110690,Sen Sulu blush stick румяна 03 frosted bllom,price,8877,8874
2026-08-15T19:22:26Z,470000000,Актобе,145620660,TECNO SPARK 40C 8 ГБ/128 ГБ серый,price,74934,74912
2026-08-15T19:22:26Z,470000000,Актобе,123942422,Canon RF 35mm f/1.4 L VCM,price,737476,737439
2026-08-15T19:22:26Z,470000000,Актобе,145978939,Внешний аккумулятор Xiaomi Super Slim Magnetic Power Bank 5000 мАч 22.5 Вт WPB0507S фиолетовый,price,18894,18890
2026-08-15T19:22:26Z,470000000,Актобе,141005445,AULA SC620 черный,price,11994,11275
2026-08-15T19:22:26Z,470000000,Актобе,120263286,Bambu Lab PLA Matte 1.75 мм 1 кг черный,price,8951,8948
2026-08-15T19:22:26Z,470000000,Актобе,145978921,Внешний аккумулятор Xiaomi Super Slim Magnetic Power Bank 5000 мАч 22.5 Вт WPB0507S золотистый,price,18896,18892
2026-08-15T19:22:26Z,470000000,Актобе,147392127,Внешний аккумулятор Xiaomi Super Slim Magnetic WPB0507S (BHR08PMGL) 5000 мАч 22.5 Вт черный,price,18885,18881
2026-08-15T19:22:26Z,470000000,Актобе,101513764,"Бассейн каркасный Bestway 5612B, 640x274x132 см",price,324456,368699
2026-08-15T19:22:26Z,470000000,Актобе,101513764,"Бассейн каркасный Bestway 5612B, 640x274x132 см",discount,15,0
2026-08-15T19:22:26Z,470000000,Актобе,103492220,"Бассейн каркасный Bestway 56714, 427x250x100 см",price,144674,144671
2026-08-15T19:22:26Z,470000000,Актобе,116631467,"Бассейн каркасный Bestway 561FY, 396x396x107 см",price,116340,116336
2026-08-15T19:22:26Z,470000000,Актобе,163444184,Huawei nova 15 Pro 12 ГБ/512 ГБ белый,price,284885,284882
2026-08-15T19:22:26Z,470000000,Актобе,163444356,Huawei nova 15 12 ГБ/512 ГБ белый,price,199879,199876
2026-08-15T19:22:26Z,470000000,Актобе,15400145,"Бассейн каркасный Bestway Steel Pro Max 56420, 366x122 см",price,134779,134736
2026-08-15T19:22:26Z,470000000,Актобе,118273472,Аэрогриль Xiaomi Smart Air Fryer BHR7357EU 6.5 л черный,price,47909,47906
2026-08-15T19:22:26Z,470000000,Актобе,115287903,DREAME H12 Pro Plus CN черный,price,119530,119510
2026-08-15T19:22:26Z,470000000,Актобе,130251646,Наушники REDMI Buds 6 Play синий,price,6770,6767
2026-08-15T19:22:26Z,470000000,Актобе,145557956,TECNO SPARK 40C 8 ГБ/256 ГБ черный,price,84125,84115
2026-08-15T19:22:26Z,470000000,Актобе,132593287,"DREAME H30 Ultra Mix черный, серый",price,162742,162734
2026-08-15T19:22:26Z,470000000,Актобе,108894867,Аккумулятор AA Camelion 4 шт,discount,5,0
2026-08-15T19:22:26Z,470000000,Актобе,137684212,DREAME H30 ULTRA MIX CE серый,price,162747,162732
2026-08-15T19:22:26Z,470000000,Актобе,102158689,Микрофон Fifine T669 черный,price,21708,21682
2026-08-15T19:22:26Z,470000000,Актобе,118273499,Аэрогриль Xiaomi Smart Air Fryer BHR7358EU 6.5 л белый,price,47279,47266
2026-08-15T19:22:26Z,470000000,Актобе,143119833,Midea FSC-900DX стальной,price,227923,227920
2026-08-15T19:22:26Z,470000000,Актобе,145978945,Внешний аккумулятор Xiaomi Super Slim Magnetic Power Bank 5000 мАч 22.5 Вт WPB0507S черный,price,18885,18881
2026-08-15T19:22:26Z,470000000,Актобе,102211273,Midea MH 60P 205 X серебристый,price,33597,33587
2026-08-15T19:22:26Z,470000000,Актобе,167350442,Xiaomi Smart Band 10 Pro черный,price,42005,42001
2026-08-15T19:22:26Z,470000000,Актобе,123621889,Midea MFK03D105B/S-C серый,price,275244,275227
2026-08-15T19:22:26Z,470000000,Актобе,110349310,Canon EOS R50 Kit 18-45mm f4.5-6.3 IS STM черный,price,329452,329443
2026-08-15T19:22:26Z,470000000,Актобе,115633970,Canon LIDE 300 2995C010 черный,price,50903,50891
2026-08-15T19:22:26Z,470000000,Актобе,1500075,Принтер Canon i-SENSYS LBP6030B,price,85605,85602
2026-08-15T19:22:26Z,470000000,Актобе,141746219,Xiaomi Robot Vacuum S40C Е101CDZ белый,price,84877,84874
2026-08-15T19:22:26Z,470000000,Актобе,154255448,"Xiaomi камера видеонаблюдения MJSXJ27CM, 8MP, расширение 3840x2160",price,28188,28184
2026-08-15T19:22:26Z,470000000,Актобе,148148221,TCL 50V6C 127 см черный,price,219772,219766
2026-08-15T19:22:26Z,470000000,Актобе,137060417,AULA F75 MAX черный,price,27415,27410
2026-08-15T19:22:26Z,470000000,Актобе,101149860,Canon EOS RP RF 24-105 F4-7.1 IS STM,price,545464,545434
2026-08-15T19:22:26Z,470000000,Актобе,113404917,POCKET BOOK InkPad 4 7.8 дюйм 32 Гб серебристый,price,164679,164676
2026-08-15T19:22:26Z,470000000,Актобе,112245834,Canon EOS R8 Body черный,price,603211,603009
2026-08-15T19:22:26Z,470000000,Актобе,166975826,HONOR 600 Pro 12 ГБ/512 ГБ черный,price,548718,548712
2026-08-15T19:22:26Z,470000000,Актобе,112301355,МФУ Canon MAXIFY GX3040,price,123866,123861
2026-08-15T19:22:26Z,470000000,Актобе,103313279,Очиститель воздуха SmartMi Smartmi Air Purifier P1 серый,price,55166,55154
2026-08-15T19:22:26Z,470000000,Актобе,151096402,Garmin Fenix 8 Pro 47 мм черный,price,653793,653761
2026-08-15T19:22:26Z,470000000,Актобе,140332288,Garmin Forerunner 970 47 мм черный,price,449213,449183
2026-08-15T19:22:26Z,470000000,Актобе,138584959,Garmin Vivoactive 6 42 мм бежевый,price,206000,205997
2026-08-15T19:22:26Z,470000000,Актобе,139307969,Кофемашина Xiaomi Semi-Automatic Espresso Machine серебристый,price,61269,61266
2026-08-15T19:22:26Z,470000000,Актобе,149031743,ZTE Nubia RedMagic Astra 9.06 дюйм 24 Гб/1024 Гб черный,price,569889,569886
2026-08-15T19:22:26Z,470000000,Актобе,109310071,Garmin Forerunner 265S 42 мм белый-белый,price,275142,275119
2026-08-15T19:22:26Z,470000000,Актобе,113029701,Garmin VENU 3S белый,price,278687,278680
2026-08-15T19:22:26Z,470000000,Актобе,118179738,Canon EOS R50 RF-S 15-45 IS STM черный,price,329452,329443
2026-08-15T19:22:26Z,470000000,Актобе,138585258,Garmin Vivoactive 6 42 мм черный,price,199489,199485
2026-08-15T19:22:26Z,470000000,Актобе,114761211,Fifine SC3,price,25337,25333
2026-08-15T19:22:26Z,470000000,Актобе,112972977,Видеорегистратор 70mai A810 черный,price,99954,99951
2026-08-15T19:22:26Z,470000000,Актобе,153277705,TCL 75V6C 191 см черный,price,422846,422843
2026-08-15T19:22:26Z,470000000,Актобе,122963617,Garmin Fenix 8 47 мм черный,price,605656,605635
2026-08-15T19:22:26Z,470000000,Актобе,142719480,"27"" Xiaomi 4K Monitor 27 A27Ui-EU P27UCB-RAGL черный",price,144934,144928
2026-08-15T19:22:26Z,470000000,Актобе,7300020,Transcend TS1TSJ25H3P 1000 Гб,price,63131,63128
2026-08-15T19:22:26Z,470000000,Актобе,163510365,HONOR 600 Lite 8 ГБ/256 ГБ черный,price,209718,209682
2026-08-15T19:22:26Z,470000000,Актобе,122966507,Garmin Fenix 8 51 мм черно-серый,price,653180,653105
2026-08-15T19:22:26Z,470000000,Актобе,143300737,Наушники MOONDROP Rays фиолетовый,price,47242,47239
2026-08-15T19:22:26Z,470000000,Актобе,151096352,Garmin Fenix 8 Pro 51 мм серебристый-серый,price,731242,731234
2026-08-15T19:22:26Z,470000000,Актобе,109310183,Garmin Forerunner 265S 42 мм черный-черный,price,268893,268861
2026-08-15T19:22:26Z,470000000,Актобе,122962879,Garmin Fenix 8 51 мм черный,price,607418,607384
2026-08-15T19:22:26Z,470000000,Актобе,109351561,Garmin Forerunner 965 белый,price,373591,373588
2026-08-15T19:22:26Z,470000000,Актобе,106852140,Garmin MARQ Golfer Gen 2 серебристый-зеленый-зеленый,price,1410793,1410777
2026-08-15T19:22:26Z,470000000,Актобе,152036275,HONOR Magic8 Pro 12 ГБ/512 ГБ черный,price,618593,618589
2026-08-15T19:22:26Z,470000000,Актобе,143300811,Наушники MOONDROP Aria 2 красный,price,49585,49582
2026-08-15T19:22:26Z,470000000,Актобе,154805003,Realme GT 8 Pro 16 ГБ/512 ГБ синий,price,599966,599964
2026-08-15T19:22:26Z,470000000,Актобе,101317689,Canon LIDE 400 2996C010 черный,price,58927,58924
2026-08-15T19:22:26Z,470000000,Актобе,120134606,AULA F75 Side-Printed голубой,price,22550,22546
2026-08-15T19:22:26Z,470000000,Актобе,128745315,Midea MF200W90WB/T-C серый,price,220935,220919
2026-08-15T19:22:26Z,470000000,Актобе,140332233,Garmin Forerunner 970 47 мм белый-зеленый,price,455440,455400
2026-08-15T19:22:26Z,470000000,Актобе,148005901,Huawei WATCH GT 6 46 мм серебристый-зеленый,price,94389,94386
2026-08-15T19:22:26Z,470000000,Актобе,139561340,AULA HERO 68 HE белый,price,20686,20681
2026-08-15T19:22:26Z,470000000,Актобе,139955883,Huawei WATCH FIT 4 Pro 44 мм серебристый-зеленый,price,74744,74745
2026-08-15T19:22:26Z,470000000,Актобе,109731154,Canon EOS R7 Body черный,price,611448,611403
2026-08-15T19:22:26Z,470000000,Актобе,120935104,Dream H12 Pro PLUS черный,price,119561,119515
2026-08-15T19:22:26Z,470000000,Актобе,131430159,Наушники Soundcore Liberty 4 PRO черный,price,66375,66372
2026-08-15T19:22:26Z,470000000,Актобе,142884485,Garmin VENU X1 46 мм черный-черный,price,463772,463644
2026-08-15T19:22:26Z,470000000,Актобе,145820746,Roborock S8 Pro RRA0TAL черный,price,114666,114654
2026-08-15T19:22:26Z,470000000,Актобе,145451616,"Dreame H30 Ultra Mix черный, серый",price,162747,162732
2026-08-15T19:22:26Z,470000000,Актобе,154084045,Bambu Lab PLA Matte 1.75 мм 1 кг темно-синий,price,8998,8458
2026-08-15T19:22:26Z,470000000,Актобе,154084045,Bambu Lab PLA Matte 1.75 мм 1 кг темно-синий,discount,0,14
2026-08-15T19:22:26Z,470000000,Актобе,137352961,AULA F75 Black Contour черный,price,23105,23101
2026-08-15T19:22:26Z,470000000,Актобе,133975075,Garmin Instinct 3 Solar 45 мм черный,price,249857,249849
2026-08-15T19:22:26Z,470000000,Актобе,116455986,Система подачи материалов Bambu Lab AMS - Automatic Material System,price,141539,148988
2026-08-15T19:22:26Z,470000000,Актобе,116455986,Система подачи материалов Bambu Lab AMS - Automatic Material System,discount,11,0
2026-08-15T19:22:26Z,470000000,Актобе,114298557,МФУ Canon I-SENSYS MF461DW 5951C020,price,212599,212596
2026-08-15T19:22:26Z,470000000,Актобе,156555269,Garmin Instinct 3 AMOLED 50 мм черный-синий,price,312940,312937
2026-08-15T19:22:26Z,470000000,Актобе,169144934,Roborock S9+ белый,price,184714,184702
2026-08-15T19:22:26Z,470000000,Актобе,171512267,ONYX BOOX для Go 6 Gen II бежевый,price,10439,10988
2026-08-15T19:22:26Z,470000000,Актобе,171512267,ONYX BOOX для Go 6 Gen II бежевый,discount,25,22
2026-08-15T19:22:26Z,470000000,Актобе,169114829,Roborock S9+ черный,price,184714,184702
2026-08-15T19:22:26Z,470000000,Актобе,124278317,Garmin Fenix 8 Solar 47 мм черный,price,605558,605489
2026-08-15T19:22:26Z,470000000,Актобе,131472928,Портативная колонка Soundcore Boom 2 Plus синий,price,116407,116395
2026-08-15T19:22:26Z,470000000,Актобе,148348291,Canon EOS R50 + RF-S 18-45 mm IS STM,price,329452,329443
2026-08-15T19:22:26Z,470000000,Актобе,169114918,Roborock S9 черный,price,140714,140702
2026-08-15T19:22:26Z,470000000,Актобе,145557809,TECNO SPARK 40C 8 ГБ/256 ГБ белый,price,83058,83055
2026-08-15T19:22:26Z,470000000,Актобе,7300141,Transcend TS1TSJ25H3B 1000 Гб,price,62067,62059
2026-08-15T19:22:26Z,470000000,Актобе,141530670,Xiaomi Smart Band 10 серебристый,price,21930,21927
2026-08-15T19:22:26Z,470000000,Актобе,165935475,ATK Dragonfly A9 Air белый,price,34482,34479
2026-08-15T19:22:26Z,470000000,Актобе,143973797,TECNO SPARK 40C 8 ГБ/128 ГБ белый,price,74800,74789
2026-08-15T19:22:26Z,470000000,Актобе,109310228,Garmin Forerunner 265S 42 мм розовый-розовый,price,281906,281901
2026-08-15T19:22:26Z,470000000,Актобе,130022770,Canon CANOSCAN LIDE 300 черный,price,50903,50891
2026-08-15T19:22:26Z,470000000,Актобе,114237446,Transcend TS256GUSD340S 256 Гб,price,79852,79847
2026-08-15T19:22:26Z,470000000,Актобе,116193383,Garmin Lily 2 Classic 25 мм серебристый-бежевый-бежевый,price,218940,218937
2026-08-15T19:22:26Z,470000000,Актобе,100305103,"Бассейн каркасный Bestway 56082/56424, 400x211x81 см",price,58874,58853
2026-08-15T19:22:26Z,470000000,Актобе,167230393,Наушники Huawei FreeBuds Pro 5 темно-серый,price,79586,79582
2026-08-15T19:22:26Z,470000000,Актобе,110723747,Canon RF 100-400mm f/5.6-8 IS USM,price,390813,390740
2026-08-15T19:22:26Z,470000000,Актобе,116535193,МФУ Canon I-Sensys MF465dw 5951C007AA,price,224806,224786
2026-08-15T19:22:26Z,470000000,Актобе,109731162,Canon EOS R10 kit RF-S 18–150mm f/3.5–6.3 IS STM,price,591672,591587
2026-08-15T19:22:26Z,470000000,Актобе,113556362,Canon EOS R50 RF-S 18-45 + Kit 55-210 mm,price,574218,574207
2026-08-15T19:22:26Z,470000000,Актобе,143300800,Наушники MOONDROP Aria 2 серебристый,price,48405,48402
2026-08-15T19:22:26Z,470000000,Актобе,132979867,AULA AU75 черный,price,22135,22131
2026-08-15T19:22:26Z,470000000,Актобе,129064979,Canon EOS R100 + RF-S 18-45mm + RF-S 55-210mm,price,455509,455506
2026-08-15T19:22:26Z,470000000,Актобе,113028541,Garmin VENU 3 45 мм белый-белый,price,293000,292997
2026-08-15T19:22:26Z,470000000,Актобе,116788713,Transcend TS1TESD410C 1000 Гб,price,183790,183786
2026-08-15T19:22:26Z,470000000,Актобе,163444484,Huawei nova 15 12 ГБ/256 ГБ белый,price,199879,199876
2026-08-15T19:22:26Z,470000000,Актобе,138584777,Garmin Vivoactive 6 42 мм зеленый,price,206467,206464
2026-08-15T19:22:26Z,470000000,Актобе,15400127,"Бассейн каркасный Bestway Steel Pro Frame 56424, 400x211x81 см",price,58874,58853
2026-08-15T19:22:26Z,470000000,Актобе,110648816,Philips BHS752/00 утюжок 25 мм,price,61949,61946
2026-08-15T19:22:26Z,470000000,Актобе,157683664,Наушники AULA G7 черный,price,12254,12250
2026-08-15T19:22:26Z,470000000,Актобе,106851929,Garmin MARQ Aviator Gen 2 серебристый,price,1476704,1476700
2026-08-15T19:22:26Z,470000000,Актобе,114801730,Canon RF 24mm f/1.8 Macro IS STM,price,272727,272709
2026-08-15T19:22:26Z,470000000,Актобе,143693130,Наушники AULA G7 белый,price,11458,11454
2026-08-15T19:22:26Z,470000000,Актобе,169077113,Roborock S9 белый,price,140714,140702
2026-08-15T19:22:26Z,470000000,Актобе,163483165,Наушники Soundcore Sleep A30 Green зеленый,price,85401,85399
2026-08-15T19:22:26Z,470000000,Актобе,141885718,Garmin Instinct 3 Solar Tactical 45 мм черный,price,289940,289937
2026-08-15T19:22:26Z,470000000,Актобе,128243261,Система подачи материалов Bambu Lab Ams lite,price,132722,132719
2026-08-15T19:22:26Z,470000000,Актобе,163414583,AULA F75 розовый,price,23532,23527
2026-08-15T19:22:26Z,470000000,Актобе,116193133,Garmin Lily 2 Classic 25 мм бордовый-бордовый,price,218940,218937
2026-08-15T19:22:26Z,470000000,Актобе,137761682,AULA SC380 PRO белый,price,11313,11309
2026-08-15T19:22:26Z,470000000,Актобе,171178069,Roborock Saros 20 черный,price,699714,699702
2026-08-15T19:22:26Z,470000000,Актобе,150445434,Sapphire PULSE AMD Radeon RX 9070 16 Гб,price,407670,407658
2026-08-15T19:22:26Z,470000000,Актобе,114176446,POCKET BOOK PB634-3-CIS 6 дюйм 1 Гб красный,price,105587,105608
2026-08-15T19:22:26Z,470000000,Актобе,108430983,Canon EOS R7 Kit 18-150mm черный,price,809860,809837
2026-08-15T19:22:26Z,470000000,Актобе,122265923,Canon EOS R5 Mark II body,price,1729560,1729514
2026-08-15T19:22:26Z,470000000,Актобе,146975796,AULA HERO 68 HE Frosted белый,price,27262,27258
2026-08-15T19:22:26Z,470000000,Актобе,137761585,AULA SC380 PRO черный,price,11137,11132
2026-08-15T19:22:26Z,470000000,Актобе,112143554,Transcend TS128GUSD340S 128 Гб,price,41771,41768
2026-08-15T19:22:26Z,470000000,Актобе,163483158,Наушники Soundcore Sleep A30 White белый,price,85489,89988
2026-08-15T19:22:26Z,470000000,Актобе,114460686,Garmin MARQ Golfer Gen 2 Carbon Edition черный,price,1756210,1756207
2026-08-15T19:22:26Z,470000000,Актобе,122651840,Canon RF-S 55-210mm f/5-7.1 IS STM,price,279360,279356
2026-08-15T19:22:26Z,470000000,Актобе,105544265,Canon RF 70-200mm f/4L IS USM,price,813477,813432
2026-08-15T19:22:26Z,470000000,Актобе,101018992,"Бассейн каркасный Bestway Power Steel 56465, 549x274x122 см",price,267809,267806
2026-08-15T19:22:26Z,470000000,Актобе,112921022,МФУ Canon imageRUNNER 2224 5942C001,price,608808,608805
2026-08-15T19:22:26Z,470000000,Актобе,130022687,Canon CANOSCAN LIDE 400 черный,price,58927,58924
2026-08-15T20:24:23Z,750000000,Алматы,122038682,DREAME H14 Dual черный,discount,25,0
2026-08-15T20:24:23Z,750000000,Алматы,108430990,Canon EOS R6 Mark II Body черный,price,816897,816583
2026-08-15T20:24:23Z,750000000,Алматы,108430990,Canon EOS R6 Mark II Body черный,discount,23,24
2026-08-15T20:24:23Z,750000000,Алматы,129065160,Наушники REDMI Buds 6 Play розовый,price,6779,6776
2026-08-15T20:24:23Z,750000000,Алматы,147374082,HONOR X9d 12 ГБ/256 ГБ черный,price,237954,237948
2026-08-15T20:24:23Z,750000000,Алматы,134328061,"Видеорегистратор 70mai M310 черный, серый",price,28578,28575
2026-08-15T20:24:23Z,750000000,Алматы,117969957,PXN V99 черный,price,102640,102634
2026-08-15T20:24:23Z,750000000,Алматы,106042231,Наушники Fifine H6 черный,price,20018,20015
2026-08-15T20:24:23Z,750000000,Алматы,106795757,Canon EOS R10 kit 18-45mm IS STM,price,462924,462807
2026-08-15T20:24:23Z,750000000,Алматы,115034062,МФУ Canon i-SENSYS MF275dw,price,185953,185940
2026-08-15T20:24:23Z,750000000,Алматы,110151201,Canon EOS R6 Mark II Kit RF 24-105mm F/4-7.1 IS STM черный,price,1079884,1079780
2026-08-15T20:24:23Z,750000000,Алматы,141530632,Xiaomi Smart Band 10 черный,price,21927,21924
2026-08-15T20:24:23Z,750000000,Алматы,119596967,EPOMAKER x AULA F75 черный,price,21358,21354
2026-08-15T20:24:23Z,750000000,Алматы,139895845,Roborock F25 - ACE черный,price,199658,199646
2026-08-15T20:24:23Z,750000000,Алматы,146792191,Midea MD200H90WB/T-C серый,price,266462,266420
2026-08-15T20:24:23Z,750000000,Алматы,140332176,Garmin Forerunner 970 47 мм бежевый-фиолетовый,price,458153,458099
2026-08-15T20:24:23Z,750000000,Алматы,122963224,Garmin Fenix 8 43 мм белый-белый,price,545065,545017
2026-08-15T20:24:23Z,750000000,Алматы,106042325,Микрофон Fifine A6V черный,price,18711,18708
2026-08-15T20:24:23Z,750000000,Алматы,115178468,POCKET BOOK PB629-M-CIS 6 дюйм 8 Гб серый,price,87650,87642
2026-08-15T20:24:23Z,750000000,Алматы,145820693,Roborock S8 Pro RRA0TAL белый,price,114664,114652
2026-08-15T20:24:23Z,750000000,Алматы,132855201,AULA F75 Side-Printed розовый,price,21481,21477
2026-08-15T20:24:23Z,750000000,Алматы,110057315,70mai зарядное устройство для видеорегистратора Midrive UP03 USB Type-C черный,price,8362,8359
2026-08-15T20:24:23Z,750000000,Алматы,133974886,Garmin Instinct E 45 мм серый,price,186940,186934
2026-08-15T20:24:23Z,750000000,Алматы,113029065,Garmin VENU 3S 41 мм розовый-розовый,price,293919,293915
2026-08-15T20:24:23Z,750000000,Алматы,103627190,Canon RF 16mm f/2.8 STM,price,129233,129212
2026-08-15T20:24:23Z,750000000,Алматы,150110690,Sen Sulu blush stick румяна 03 frosted bllom,price,8874,8871
2026-08-15T20:24:23Z,750000000,Алматы,145620660,TECNO SPARK 40C 8 ГБ/128 ГБ серый,price,74912,74904
2026-08-15T20:24:23Z,750000000,Алматы,123942422,Canon RF 35mm f/1.4 L VCM,price,737439,737406
2026-08-15T20:24:23Z,750000000,Алматы,145978939,Внешний аккумулятор Xiaomi Super Slim Magnetic Power Bank 5000 мАч 22.5 Вт WPB0507S фиолетовый,price,18890,18886
2026-08-15T20:24:23Z,750000000,Алматы,141005445,AULA SC620 черный,price,11275,11994
2026-08-15T20:24:23Z,750000000,Алматы,120263286,Bambu Lab PLA Matte 1.75 мм 1 кг черный,price,8951,8945
2026-08-15T20:24:23Z,750000000,Алматы,145978921,Внешний аккумулятор Xiaomi Super Slim Magnetic Power Bank 5000 мАч 22.5 Вт WPB0507S золотистый,price,18892,18888
2026-08-15T20:24:23Z,750000000,Алматы,147392127,Внешний аккумулятор Xiaomi Super Slim Magnetic WPB0507S (BHR08PMGL) 5000 мАч 22.5 Вт черный,price,18885,18877
2026-08-15T20:24:23Z,750000000,Алматы,129319883,Garmin Lily 2 Active 38 мм серебристый-фиолетовый,price,218940,218937
2026-08-15T20:24:23Z,750000000,Алматы,149659104,Наушники NOTHING CMF Headphone Pro белый,price,47916,47913
2026-08-15T20:24:23Z,750000000,Алматы,103492220,"Бассейн каркасный Bestway 56714, 427x250x100 см",price,144671,144668
2026-08-15T20:24:23Z,750000000,Алматы,116631467,"Бассейн каркасный Bestway 561FY, 396x396x107 см",price,116336,116332
2026-08-15T20:24:23Z,750000000,Алматы,100091043,"Бассейн надувной Bestway Аквариум 53052, 239x206x26 см",price,21094,21090
2026-08-15T20:24:23Z,750000000,Алматы,163444184,Huawei nova 15 Pro 12 ГБ/512 ГБ белый,price,284882,284879
2026-08-15T20:24:23Z,750000000,Алматы,163444356,Huawei nova 15 12 ГБ/512 ГБ белый,price,199876,199873
2026-08-15T20:24:23Z,750000000,Алматы,122237981,1WIN Магний + Витамин В6 для нервной системы капсулы 240 шт,price,3327,3324
2026-08-15T20:24:23Z,750000000,Алматы,15400145,"Бассейн каркасный Bestway Steel Pro Max 56420, 366x122 см",price,134736,134713
2026-08-15T20:24:23Z,750000000,Алматы,118273472,Аэрогриль Xiaomi Smart Air Fryer BHR7357EU 6.5 л черный,price,47906,47903
2026-08-15T20:24:23Z,750000000,Алматы,115287903,DREAME H12 Pro Plus CN черный,price,119515,119484
2026-08-15T20:24:23Z,750000000,Алматы,130251646,Наушники REDMI Buds 6 Play синий,price,6767,6764
2026-08-15T20:24:23Z,750000000,Алматы,145557956,TECNO SPARK 40C 8 ГБ/256 ГБ черный,price,84115,84100
2026-08-15T20:24:23Z,750000000,Алматы,132593287,"DREAME H30 Ultra Mix черный, серый",price,162732,162731
2026-08-15T20:24:23Z,750000000,Алматы,123910502,Наушники Xiaomi Type-C Earphones M2413E1 белый,price,2542,2538
2026-08-15T20:24:23Z,750000000,Алматы,137684212,DREAME H30 ULTRA MIX CE серый,price,162732,162729
2026-08-15T20:24:23Z,750000000,Алматы,102158689,Микрофон Fifine T669 черный,price,21682,21674
2026-08-15T20:24:23Z,750000000,Алматы,34700017,Фильтр Аквафор Кристалл А для жёсткой воды,price,24858,24854
2026-08-15T20:24:23Z,750000000,Алматы,153376171,Bambu Lab PLA Basic 1.75 мм 1 кг красный,price,8709,8706
2026-08-15T20:24:23Z,750000000,Алматы,118273499,Аэрогриль Xiaomi Smart Air Fryer BHR7358EU 6.5 л белый,price,47266,47259
2026-08-15T20:24:23Z,750000000,Алматы,143119833,Midea FSC-900DX стальной,price,227920,227917
2026-08-15T20:24:23Z,750000000,Алматы,145978945,Внешний аккумулятор Xiaomi Super Slim Magnetic Power Bank 5000 мАч 22.5 Вт WPB0507S черный,price,18885,18877
2026-08-15T20:24:23Z,750000000,Алматы,102211273,Midea MH 60P 205 X серебристый,price,33587,33577
2026-08-15T20:24:23Z,750000000,Алматы,123621889,Midea MFK03D105B/S-C серый,price,275244,275210
2026-08-15T20:24:23Z,750000000,Алматы,110349310,Canon EOS R50 Kit 18-45mm f4.5-6.3 IS STM черный,price,329443,329435
2026-08-15T20:24:23Z,750000000,Алматы,115633970,Canon LIDE 300 2995C010 черный,price,50891,50879
2026-08-15T20:24:23Z,750000000,Алматы,15300377,Transcend TS128GSDC300S 128 Gb,price,21574,21571
2026-08-15T20:24:23Z,750000000,Алматы,1500075,Принтер Canon i-SENSYS LBP6030B,price,85602,85599
2026-08-15T20:24:23Z,750000000,Алматы,141746219,Xiaomi Robot Vacuum S40C Е101CDZ белый,price,84874,84871
2026-08-15T20:24:23Z,750000000,Алматы,154255448,"Xiaomi камера видеонаблюдения MJSXJ27CM, 8MP, расширение 3840x2160",price,28188,28180
2026-08-15T20:24:23Z,750000000,Алматы,148148221,TCL 50V6C 127 см черный,price,219772,219760
2026-08-15T20:24:23Z,750000000,Алматы,152842877,Видеорегистратор 70mai A410 черный,price,46278,46276
2026-08-15T20:24:23Z,750000000,Алматы,137060417,AULA F75 MAX черный,price,27410,27405
2026-08-15T20:24:23Z,750000000,Алматы,101149860,Canon EOS RP RF 24-105 F4-7.1 IS STM,price,545458,545398
2026-08-15T20:24:23Z,750000000,Алматы,154027559,"Xiaomi камера видеонаблюдения C201 MBC27, 2MP, расширение 1920x1080",price,13178,13174
2026-08-15T20:24:23Z,750000000,Алматы,113404917,POCKET BOOK InkPad 4 7.8 дюйм 32 Гб серебристый,price,164676,164673
2026-08-15T20:24:23Z,750000000,Алматы,112245834,Canon EOS R8 Body черный,price,603009,602913
2026-08-15T20:24:23Z,750000000,Алматы,147987810,Huawei WATCH GT 6 41 мм золотистый-белый,price,105688,105686
2026-08-15T20:24:23Z,750000000,Алматы,166975826,HONOR 600 Pro 12 ГБ/512 ГБ черный,price,548712,548706
2026-08-15T20:24:23Z,750000000,Алматы,112301355,МФУ Canon MAXIFY GX3040,price,123861,123857
2026-08-15T20:24:23Z,750000000,Алматы,103313279,Очиститель воздуха SmartMi Smartmi Air Purifier P1 серый,price,55154,55142
2026-08-15T20:24:23Z,750000000,Алматы,147986879,Huawei WATCH GT 6 41 мм золотистый-золотистый,price,115488,115486
2026-08-15T20:24:23Z,750000000,Алматы,151096402,Garmin Fenix 8 Pro 47 мм черный,price,653761,653744
2026-08-15T20:24:23Z,750000000,Алматы,140332288,Garmin Forerunner 970 47 мм черный,price,449183,449170
2026-08-15T20:24:23Z,750000000,Алматы,138584959,Garmin Vivoactive 6 42 мм бежевый,price,205997,205994
2026-08-15T20:24:23Z,750000000,Алматы,139307969,Кофемашина Xiaomi Semi-Automatic Espresso Machine серебристый,price,61266,61263
2026-08-15T20:24:23Z,750000000,Алматы,149031743,ZTE Nubia RedMagic Astra 9.06 дюйм 24 Гб/1024 Гб черный,price,569886,569883
2026-08-15T20:24:23Z,750000000,Алматы,109310071,Garmin Forerunner 265S 42 мм белый-белый,price,275119,275103
2026-08-15T20:24:23Z,750000000,Алматы,113029701,Garmin VENU 3S белый,price,278680,278672
2026-08-15T20:24:23Z,750000000,Алматы,118179738,Canon EOS R50 RF-S 15-45 IS STM черный,price,329443,329435
2026-08-15T20:24:23Z,750000000,Алматы,138585258,Garmin Vivoactive 6 42 мм черный,price,199489,199481
2026-08-15T20:24:23Z,750000000,Алматы,114761211,Fifine SC3,price,25333,25329
2026-08-15T20:24:23Z,750000000,Алматы,112972977,Видеорегистратор 70mai A810 черный,price,99954,99948
2026-08-15T20:24:23Z,750000000,Алматы,153277705,TCL 75V6C 191 см черный,price,422843,422840
2026-08-15T20:24:23Z,750000000,Алматы,122963617,Garmin Fenix 8 47 мм черный,price,605635,605600
2026-08-15T20:24:23Z,750000000,Алматы,142719480,"27"" Xiaomi 4K Monitor 27 A27Ui-EU P27UCB-RAGL черный",price,144934,144922
2026-08-15T20:24:23Z,750000000,Алматы,7300020,Transcend TS1TSJ25H3P 1000 Гб,price,63128,63125
2026-08-15T20:24:23Z,750000000,Алматы,163510365,HONOR 600 Lite 8 ГБ/256 ГБ черный,price,209682,209664
2026-08-15T20:24:23Z,750000000,Алматы,122966507,Garmin Fenix 8 51 мм черно-серый,price,653105,653072
2026-08-15T20:24:23Z,750000000,Алматы,143300737,Наушники MOONDROP Rays фиолетовый,price,47239,47236
2026-08-15T20:24:23Z,750000000,Алматы,151096352,Garmin Fenix 8 Pro 51 мм серебристый-серый,price,731234,731226
2026-08-15T20:24:23Z,750000000,Алматы,154019790,"Xiaomi камера видеонаблюдения CW100, 3MP, расширение 2304x1296",price,26918,26914
2026-08-15T20:24:23Z,750000000,Алматы,109310183,Garmin Forerunner 265S 42 мм черный-черный,price,268861,268842
2026-08-15T20:24:23Z,750000000,Алматы,122962879,Garmin Fenix 8 51 мм черный,price,607391,607381
2026-08-15T20:24:23Z,750000000,Алматы,109351561,Garmin Forerunner 965 белый,price,373588,373585
2026-08-15T20:24:23Z,750000000,Алматы,106852140,Garmin MARQ Golfer Gen 2 серебристый-зеленый-зеленый,price,1410777,1410751
2026-08-15T20:24:23Z,750000000,Алматы,152036275,HONOR Magic8 Pro 12 ГБ/512 ГБ черный,price,618589,618585
2026-08-15T20:24:23Z,750000000,Алматы,143300811,Наушники MOONDROP Aria 2 красный,price,49585,49579
2026-08-15T20:24:23Z,750000000,Алматы,154805003,Realme GT 8 Pro 16 ГБ/512 ГБ синий,price,599964,599962
2026-08-15T20:24:23Z,750000000,Алматы,101317689,Canon LIDE 400 2996C010 черный,price,58924,58921
2026-08-15T20:24:23Z,750000000,Алматы,120134606,AULA F75 Side-Printed голубой,price,22546,22542
2026-08-15T20:24:23Z,750000000,Алматы,128745315,Midea MF200W90WB/T-C серый,price,220919,220903
2026-08-15T20:24:23Z,750000000,Алматы,161563692,"Xiaomi камера видеонаблюдения Smart Camera C302 / MBC28, 3MP, расширение 2304x1296",price,18878,18874
2026-08-15T20:24:23Z,750000000,Алматы,109719960,Transcend TS250GESD260C 250 ГБ,price,41731,41728
2026-08-15T20:24:23Z,750000000,Алматы,140332233,Garmin Forerunner 970 47 мм белый-зеленый,price,455400,455374
2026-08-15T20:24:23Z,750000000,Алматы,148005901,Huawei WATCH GT 6 46 мм серебристый-зеленый,price,94386,94383
2026-08-15T20:24:23Z,750000000,Алматы,154027556,"Xiaomi камера видеонаблюдения C500, 4MP, расширение 32001800",price,25898,25894
2026-08-15T20:24:23Z,750000000,Алматы,139561340,AULA HERO 68 HE белый,price,20686,20676
2026-08-15T20:24:23Z,750000000,Алматы,139955883,Huawei WATCH FIT 4 Pro 44 мм серебристый-зеленый,price,74744,74742
2026-08-15T20:24:23Z,750000000,Алматы,109731154,Canon EOS R7 Body черный,price,611403,611349
2026-08-15T20:24:23Z,750000000,Алматы,120935104,Dream H12 Pro PLUS черный,price,119515,119495
2026-08-15T20:24:23Z,750000000,Алматы,131430159,Наушники Soundcore Liberty 4 PRO черный,price,66372,66369
2026-08-15T20:24:23Z,750000000,Алматы,142884485,Garmin VENU X1 46 мм черный-черный,price,463644,463599
2026-08-15T20:24:23Z,750000000,Алматы,145820746,Roborock S8 Pro RRA0TAL черный,price,114666,114642
2026-08-15T20:24:23Z,750000000,Алматы,145451616,"Dreame H30 Ultra Mix черный, серый",price,162732,162729
2026-08-15T20:24:23Z,750000000,Алматы,154084045,Bambu Lab PLA Matte 1.75 мм 1 кг темно-синий,price,8458,8998
2026-08-15T20:24:23Z,750000000,Алматы,154084045,Bambu Lab PLA Matte 1.75 мм 1 кг темно-синий,discount,14,0
2026-08-15T20:24:23Z,750000000,Алматы,137352961,AULA F75 Black Contour черный,price,23101,23097
2026-08-15T20:24:23Z,750000000,Алматы,134108074,Наушники Soundcore Liberty 4 PRO белый,price,59674,59665
2026-08-15T20:24:23Z,750000000,Алматы,133975075,Garmin Instinct 3 Solar 45 мм черный,price,249849,249841
2026-08-15T20:24:23Z,750000000,Алматы,116455986,Система подачи материалов Bambu Lab AMS - Automatic Material System,price,148988,141539
2026-08-15T20:24:23Z,750000000,Алматы,116455986,Система подачи материалов Bambu Lab AMS - Automatic Material System,discount,0,11
2026-08-15T20:24:23Z,750000000,Алматы,114298557,МФУ Canon I-SENSYS MF461DW 5951C020,price,212596,212593
2026-08-15T20:24:23Z,750000000,Алматы,156555269,Garmin Instinct 3 AMOLED 50 мм черный-синий,price,312937,312934
2026-08-15T20:24:23Z,750000000,Алматы,169144934,Roborock S9+ белый,price,184714,184690
2026-08-15T20:24:23Z,750000000,Алматы,171512267,ONYX BOOX для Go 6 Gen II бежевый,price,10988,10439
2026-08-15T20:24:23Z,750000000,Алматы,171512267,ONYX BOOX для Go 6 Gen II бежевый,discount,22,25
2026-08-15T20:24:23Z,750000000,Алматы,169114829,Roborock S9+ черный,price,184702,184690
2026-08-15T20:24:23Z,750000000,Алматы,124278317,Garmin Fenix 8 Solar 47 мм черный,price,605496,605460
2026-08-15T20:24:23Z,750000000,Алматы,131472928,Портативная колонка Soundcore Boom 2 Plus синий,price,116395,116383
2026-08-15T20:24:23Z,750000000,Алматы,148348291,Canon EOS R50 + RF-S 18-45 mm IS STM,price,329443,329435
2026-08-15T20:24:23Z,750000000,Алматы,169114918,Roborock S9 черный,price,140702,140690
2026-08-15T20:24:23Z,750000000,Алматы,145557809,TECNO SPARK 40C 8 ГБ/256 ГБ белый,price,83055,83052
2026-08-15T20:24:23Z,750000000,Алматы,7300141,Transcend TS1TSJ25H3B 1000 Гб,price,62059,62051
2026-08-15T20:24:23Z,750000000,Алматы,141530670,Xiaomi Smart Band 10 серебристый,price,21927,21924
2026-08-15T20:24:23Z,750000000,Алматы,165935475,ATK Dragonfly A9 Air белый,price,34479,34476
2026-08-15T20:24:23Z,750000000,Алматы,143973797,TECNO SPARK 40C 8 ГБ/128 ГБ белый,price,74800,74773
2026-08-15T20:24:23Z,750000000,Алматы,109310228,Garmin Forerunner 265S 42 мм розовый-розовый,price,281901,281896
2026-08-15T20:24:23Z,750000000,Алматы,130022770,Canon CANOSCAN LIDE 300 черный,price,50891,50879
2026-08-15T20:24:23Z,750000000,Алматы,114237446,Transcend TS256GUSD340S 256 Гб,price,79847,79842
2026-08-15T20:24:23Z,750000000,Алматы,116193383,Garmin Lily 2 Classic 25 мм серебристый-бежевый-бежевый,price,218940,218934
2026-08-15T20:24:23Z,750000000,Алматы,100305103,"Бассейн каркасный Bestway 56082/56424, 400x211x81 см",price,58853,58832
2026-08-15T20:24:23Z,750000000,Алматы,167230393,Наушники Huawei FreeBuds Pro 5 темно-серый,price,79582,79578
2026-08-15T20:24:23Z,750000000,Алматы,110723747,Canon RF 100-400mm f/5.6-8 IS USM,price,390740,390687
2026-08-15T20:24:23Z,750000000,Алматы,116535193,МФУ Canon I-Sensys MF465dw 5951C007AA,price,224786,224772
2026-08-15T20:24:23Z,750000000,Алматы,141046478,Canon EOS R50 + RF-S 18-45 mm IS STM 5811C036,price,329443,329435
2026-08-15T20:24:23Z,750000000,Алматы,109731162,Canon EOS R10 kit RF-S 18–150mm f/3.5–6.3 IS STM,price,591587,591533
2026-08-15T20:24:23Z,750000000,Алматы,113556362,Canon EOS R50 RF-S 18-45 + Kit 55-210 mm,price,574207,574199
2026-08-15T20:24:23Z,750000000,Алматы,143300800,Наушники MOONDROP Aria 2 серебристый,price,48402,48399
2026-08-15T20:24:23Z,750000000,Алматы,132979867,AULA AU75 черный,price,22131,22127
2026-08-15T20:24:23Z,750000000,Алматы,129064979,Canon EOS R100 + RF-S 18-45mm + RF-S 55-210mm,price,455506,455503
2026-08-15T20:24:23Z,750000000,Алматы,113028541,Garmin VENU 3 45 мм белый-белый,price,292997,292994
2026-08-15T20:24:23Z,750000000,Алматы,116788713,Transcend TS1TESD410C 1000 Гб,price,183786,183782
2026-08-15T20:24:23Z,750000000,Алматы,163444484,Huawei nova 15 12 ГБ/256 ГБ белый,price,199876,199873
2026-08-15T20:24:23Z,750000000,Алматы,138584777,Garmin Vivoactive 6 42 мм зеленый,price,206467,206461
2026-08-15T20:24:23Z,750000000,Алматы,15400127,"Бассейн каркасный Bestway Steel Pro Frame 56424, 400x211x81 см",price,58853,58832
2026-08-15T20:24:23Z,750000000,Алматы,110648816,Philips BHS752/00 утюжок 25 мм,price,61946,61943
2026-08-15T20:24:23Z,750000000,Алматы,157683664,Наушники AULA G7 черный,price,12250,12246
2026-08-15T20:24:23Z,750000000,Алматы,106851929,Garmin MARQ Aviator Gen 2 серебристый,price,1476700,1476693
2026-08-15T20:24:23Z,750000000,Алматы,114801730,Canon RF 24mm f/1.8 Macro IS STM,price,272709,272702
2026-08-15T20:24:23Z,750000000,Алматы,143693130,Наушники AULA G7 белый,price,11454,11450
2026-08-15T20:24:23Z,750000000,Алматы,169077113,Roborock S9 белый,price,140714,140690
2026-08-15T20:24:23Z,750000000,Алматы,163483165,Наушники Soundcore Sleep A30 Green зеленый,price,85399,85397
2026-08-15T20:24:23Z,750000000,Алматы,141885718,Garmin Instinct 3 Solar Tactical 45 мм черный,price,289937,289934
2026-08-15T20:24:23Z,750000000,Алматы,128243261,Система подачи материалов Bambu Lab Ams lite,price,132719,132716
2026-08-15T20:24:23Z,750000000,Алматы,163414583,AULA F75 розовый,price,23527,23522
2026-08-15T20:24:23Z,750000000,Алматы,116193133,Garmin Lily 2 Classic 25 мм бордовый-бордовый,price,218937,218934
2026-08-15T20:24:23Z,750000000,Алматы,137761682,AULA SC380 PRO белый,price,11309,11305
2026-08-15T20:24:23Z,750000000,Алматы,171178069,Roborock Saros 20 черный,price,699702,699690
2026-08-15T20:24:23Z,750000000,Алматы,150445434,Sapphire PULSE AMD Radeon RX 9070 16 Гб,price,407658,407646
2026-08-15T20:24:23Z,750000000,Алматы,114176446,POCKET BOOK PB634-3-CIS 6 дюйм 1 Гб красный,price,105608,105605
2026-08-15T20:24:23Z,750000000,Алматы,108430983,Canon EOS R7 Kit 18-150mm черный,price,809837,809767
2026-08-15T20:24:23Z,750000000,Алматы,122265923,Canon EOS R5 Mark II body,price,1729504,1729395
2026-08-15T20:24:23Z,750000000,Алматы,146975796,AULA HERO 68 HE Frosted белый,price,27258,27254
2026-08-15T20:24:23Z,750000000,Алматы,137761585,AULA SC380 PRO черный,price,11132,11127
2026-08-15T20:24:23Z,750000000,Алматы,112143554,Transcend TS128GUSD340S 128 Гб,price,41768,41765
2026-08-15T20:24:23Z,750000000,Алматы,163483158,Наушники Soundcore Sleep A30 White белый,price,89988,85489
2026-08-15T20:24:23Z,750000000,Алматы,114460686,Garmin MARQ Golfer Gen 2 Carbon Edition черный,price,1756207,1756204
2026-08-15T20:24:23Z,750000000,Алматы,122651840,Canon RF-S 55-210mm f/5-7.1 IS STM,price,279356,279352
2026-08-15T20:24:23Z,750000000,Алматы,105544265,Canon RF 70-200mm f/4L IS USM,price,813432,813377
2026-08-15T20:24:23Z,750000000,Алматы,101018992,"Бассейн каркасный Bestway Power Steel 56465, 549x274x122 см",price,267806,267803
2026-08-15T20:24:23Z,750000000,Алматы,112921022,МФУ Canon imageRUNNER 2224 5942C001,price,608805,608802
2026-08-15T20:24:23Z,750000000,Алматы,130022687,Canon CANOSCAN LIDE 400 черный,price,58924,58921
2026-08-15T20:24:23Z,710000000,Астана,108430990,Canon EOS R6 Mark II Body черный,price,816897,816583
2026-08-15T20:24:23Z,710000000,Астана,108430990,Canon EOS R6 Mark II Body черный,discount,23,24
2026-08-15T20:24:23Z,710000000,Астана,129065160,Наушники REDMI Buds 6 Play розовый,price,6779,6776
2026-08-15T20:24:23Z,710000000,Астана,147374082,HONOR X9d 12 ГБ/256 ГБ черный,price,237954,237948
2026-08-15T20:24:23Z,710000000,Астана,134328061,"Видеорегистратор 70mai M310 черный, серый",price,28578,28575
2026-08-15T20:24:23Z,710000000,Астана,117969957,PXN V99 черный,price,102637,102634
2026-08-15T20:24:23Z,710000000,Астана,106042231,Наушники Fifine H6 черный,price,20018,20015
2026-08-15T20:24:23Z,710000000,Астана,106795757,Canon EOS R10 kit 18-45mm IS STM,price,462924,462806
2026-08-15T20:24:23Z,710000000,Астана,115034062,МФУ Canon i-SENSYS MF275dw,price,185953,185940
2026-08-15T20:24:23Z,710000000,Астана,110151201,Canon EOS R6 Mark II Kit RF 24-105mm F/4-7.1 IS STM черный,price,1079884,1079780
2026-08-15T20:24:23Z,710000000,Астана,141530632,Xiaomi Smart Band 10 черный,price,21927,21924
2026-08-15T20:24:23Z,710000000,Астана,119596967,EPOMAKER x AULA F75 черный,price,21358,21354
2026-08-15T20:24:23Z,710000000,Астана,139895845,Roborock F25 - ACE черный,price,199658,199646
2026-08-15T20:24:23Z,710000000,Астана,146792191,Midea MD200H90WB/T-C серый,price,266462,266420
2026-08-15T20:24:23Z,710000000,Астана,140332176,Garmin Forerunner 970 47 мм бежевый-фиолетовый,price,458119,458099
2026-08-15T20:24:23Z,710000000,Астана,122963224,Garmin Fenix 8 43 мм белый-белый,price,545065,545017
2026-08-15T20:24:23Z,710000000,Астана,106042325,Микрофон Fifine A6V черный,price,18711,18708
2026-08-15T20:24:23Z,710000000,Астана,115178468,POCKET BOOK PB629-M-CIS 6 дюйм 8 Гб серый,price,87646,87642
2026-08-15T20:24:23Z,710000000,Астана,145820693,Roborock S8 Pro RRA0TAL белый,price,114664,114652
2026-08-15T20:24:23Z,710000000,Астана,132855201,AULA F75 Side-Printed розовый,price,21481,21477
2026-08-15T20:24:23Z,710000000,Астана,110057315,70mai зарядное устройство для видеорегистратора Midrive UP03 USB Type-C черный,price,8362,8359
2026-08-15T20:24:23Z,710000000,Астана,133974886,Garmin Instinct E 45 мм серый,price,186940,186934
2026-08-15T20:24:23Z,710000000,Астана,113029065,Garmin VENU 3S 41 мм розовый-розовый,price,293919,293915
2026-08-15T20:24:23Z,710000000,Астана,103627190,Canon RF 16mm f/2.8 STM,price,129233,129212
2026-08-15T20:24:23Z,710000000,Астана,150110690,Sen Sulu blush stick румяна 03 frosted bllom,price,8874,8871
2026-08-15T20:24:23Z,710000000,Астана,145620660,TECNO SPARK 40C 8 ГБ/128 ГБ серый,price,74912,74904
2026-08-15T20:24:23Z,710000000,Астана,123942422,Canon RF 35mm f/1.4 L VCM,price,737439,737406
2026-08-15T20:24:23Z,710000000,Астана,145978939,Внешний аккумулятор Xiaomi Super Slim Magnetic Power Bank 5000 мАч 22.5 Вт WPB0507S фиолетовый,price,18890,18886
2026-08-15T20:24:23Z,710000000,Астана,141005445,AULA SC620 черный,price,11275,11994
2026-08-15T20:24:23Z,710000000,Астана,120263286,Bambu Lab PLA Matte 1.75 мм 1 кг черный,price,8948,8945
2026-08-15T20:24:23Z,710000000,Астана,145978921,Внешний аккумулятор Xiaomi Super Slim Magnetic Power Bank 5000 мАч 22.5 Вт WPB0507S золотистый,price,18892,18888
2026-08-15T20:24:23Z,710000000,Астана,147392127,Внешний аккумулятор Xiaomi Super Slim Magnetic WPB0507S (BHR08PMGL) 5000 мАч 22.5 Вт черный,price,18881,18877
2026-08-15T20:24:23Z,710000000,Астана,129319883,Garmin Lily 2 Active 38 мм серебристый-фиолетовый,price,218940,218937
2026-08-15T20:24:23Z,710000000,Астана,149659104,Наушники NOTHING CMF Headphone Pro белый,price,47916,47913
2026-08-15T20:24:23Z,710000000,Астана,103492220,"Бассейн каркасный Bestway 56714, 427x250x100 см",price,144671,144668
2026-08-15T20:24:23Z,710000000,Астана,116631467,"Бассейн каркасный Bestway 561FY, 396x396x107 см",price,116336,116332
2026-08-15T20:24:23Z,710000000,Астана,100091043,"Бассейн надувной Bestway Аквариум 53052, 239x206x26 см",price,21094,21090
2026-08-15T20:24:23Z,710000000,Астана,163444184,Huawei nova 15 Pro 12 ГБ/512 ГБ белый,price,284882,284879
2026-08-15T20:24:23Z,710000000,Астана,163444356,Huawei nova 15 12 ГБ/512 ГБ белый,price,199876,199873
2026-08-15T20:24:23Z,710000000,Астана,122237981,1WIN Магний + Витамин В6 для нервной системы капсулы 240 шт,price,3327,3324
2026-08-15T20:24:23Z,710000000,Астана,15400145,"Бассейн каркасный Bestway Steel Pro Max 56420, 366x122 см",price,134736,134713
2026-08-15T20:24:23Z,710000000,Астана,118273472,Аэрогриль Xiaomi Smart Air Fryer BHR7357EU 6.5 л черный,price,47906,47903
2026-08-15T20:24:23Z,710000000,Астана,115287903,DREAME H12 Pro Plus CN черный,price,119515,119484
2026-08-15T20:24:23Z,710000000,Астана,130251646,Наушники REDMI Buds 6 Play синий,price,6767,6764
2026-08-15T20:24:23Z,710000000,Астана,145557956,TECNO SPARK 40C 8 ГБ/256 ГБ черный,price,84115,84100
2026-08-15T20:24:23Z,710000000,Астана,132593287,"DREAME H30 Ultra Mix черный, серый",price,162732,162731
2026-08-15T20:24:23Z,710000000,Астана,123910502,Наушники Xiaomi Type-C Earphones M2413E1 белый,price,2542,2538
2026-08-15T20:24:23Z,710000000,Астана,137684212,DREAME H30 ULTRA MIX CE серый,price,162732,162729
2026-08-15T20:24:23Z,710000000,Астана,102158689,Микрофон Fifine T669 черный,price,21682,21674
2026-08-15T20:24:23Z,710000000,Астана,34700017,Фильтр Аквафор Кристалл А для жёсткой воды,price,24858,24854
2026-08-15T20:24:23Z,710000000,Астана,153376171,Bambu Lab PLA Basic 1.75 мм 1 кг красный,price,8709,8706
2026-08-15T20:24:23Z,710000000,Астана,118273499,Аэрогриль Xiaomi Smart Air Fryer BHR7358EU 6.5 л белый,price,47266,47259
2026-08-15T20:24:23Z,710000000,Астана,143119833,Midea FSC-900DX стальной,price,227920,227917
2026-08-15T20:24:23Z,710000000,Астана,145978945,Внешний аккумулятор Xiaomi Super Slim Magnetic Power Bank 5000 мАч 22.5 Вт WPB0507S черный,price,18881,18877
2026-08-15T20:24:23Z,710000000,Астана,102211273,Midea MH 60P 205 X серебристый,price,33587,33577
2026-08-15T20:24:23Z,710000000,Астана,123621889,Midea MFK03D105B/S-C серый,price,275227,275210
2026-08-15T20:24:23Z,710000000,Астана,110349310,Canon EOS R50 Kit 18-45mm f4.5-6.3 IS STM черный,price,329443,329435
2026-08-15T20:24:23Z,710000000,Астана,115633970,Canon LIDE 300 2995C010 черный,price,50891,50879
2026-08-15T20:24:23Z,710000000,Астана,15300377,Transcend TS128GSDC300S 128 Gb,price,21574,21571
2026-08-15T20:24:23Z,710000000,Астана,1500075,Принтер Canon i-SENSYS LBP6030B,price,85602,85599
2026-08-15T20:24:23Z,710000000,Астана,141746219,Xiaomi Robot Vacuum S40C Е101CDZ белый,price,84874,84871
2026-08-15T20:24:23Z,710000000,Астана,154255448,"Xiaomi камера видеонаблюдения MJSXJ27CM, 8MP, расширение 3840x2160",price,28184,28180
2026-08-15T20:24:23Z,710000000,Астана,152842877,Видеорегистратор 70mai A410 черный,price,46278,46276
2026-08-15T20:24:23Z,710000000,Астана,148148221,TCL 50V6C 127 см черный,price,219766,219760
2026-08-15T20:24:23Z,710000000,Астана,137060417,AULA F75 MAX черный,price,27410,27405
2026-08-15T20:24:23Z,710000000,Астана,101149860,Canon EOS RP RF 24-105 F4-7.1 IS STM,price,545458,545398
2026-08-15T20:24:23Z,710000000,Астана,154027559,"Xiaomi камера видеонаблюдения C201 MBC27, 2MP, расширение 1920x1080",price,13178,13174
2026-08-15T20:24:23Z,710000000,Астана,113404917,POCKET BOOK InkPad 4 7.8 дюйм 32 Гб серебристый,price,164676,164673
2026-08-15T20:24:23Z,710000000,Астана,112245834,Canon EOS R8 Body черный,price,603009,602913
2026-08-15T20:24:23Z,710000000,Астана,147987810,Huawei WATCH GT 6 41 мм золотистый-белый,price,105688,105488
2026-08-15T20:24:23Z,710000000,Астана,166975826,HONOR 600 Pro 12 ГБ/512 ГБ черный,price,548712,548706
2026-08-15T20:24:23Z,710000000,Астана,112301355,МФУ Canon MAXIFY GX3040,price,123866,123857
2026-08-15T20:24:23Z,710000000,Астана,103313279,Очиститель воздуха SmartMi Smartmi Air Purifier P1 серый,price,55154,55142
2026-08-15T20:24:23Z,710000000,Астана,147986879,Huawei WATCH GT 6 41 мм золотистый-золотистый,price,115488,115486
2026-08-15T20:24:23Z,710000000,Астана,151096402,Garmin Fenix 8 Pro 47 мм черный,price,653761,653744
2026-08-15T20:24:23Z,710000000,Астана,140332288,Garmin Forerunner 970 47 мм черный,price,449183,449170
2026-08-15T20:24:23Z,710000000,Астана,138584959,Garmin Vivoactive 6 42 мм бежевый,price,205997,205994
2026-08-15T20:24:23Z,710000000,Астана,139307969,Кофемашина Xiaomi Semi-Automatic Espresso Machine серебристый,price,61266,61263
2026-08-15T20:24:23Z,710000000,Астана,149031743,ZTE Nubia RedMagic Astra 9.06 дюйм 24 Гб/1024 Гб черный,price,569886,569883
2026-08-15T20:24:23Z,710000000,Астана,109310071,Garmin Forerunner 265S 42 мм белый-белый,price,275119,275103
2026-08-15T20:24:23Z,710000000,Астана,113029701,Garmin VENU 3S белый,price,278680,278672
2026-08-15T20:24:23Z,710000000,Астана,118179738,Canon EOS R50 RF-S 15-45 IS STM черный,price,329443,329435
2026-08-15T20:24:23Z,710000000,Астана,138585258,Garmin Vivoactive 6 42 мм черный,price,199485,199481
2026-08-15T20:24:23Z,710000000,Астана,114761211,Fifine SC3,price,25333,25329
2026-08-15T20:24:23Z,710000000,Астана,112972977,Видеорегистратор 70mai A810 черный,price,99951,99948
2026-08-15T20:24:23Z,710000000,Астана,153277705,TCL 75V6C 191 см черный,price,422843,422840
2026-08-15T20:24:23Z,710000000,Астана,122963617,Garmin Fenix 8 47 мм черный,price,605635,605600
2026-08-15T20:24:23Z,710000000,Астана,142719480,"27"" Xiaomi 4K Monitor 27 A27Ui-EU P27UCB-RAGL черный",price,144928,144922
2026-08-15T20:24:23Z,710000000,Астана,7300020,Transcend TS1TSJ25H3P 1000 Гб,price,63128,63125
2026-08-15T20:24:23Z,710000000,Астана,163510365,HONOR 600 Lite 8 ГБ/256 ГБ черный,price,209682,209664
2026-08-15T20:24:23Z,710000000,Астана,122966507,Garmin Fenix 8 51 мм черно-серый,price,653105,653072
2026-08-15T20:24:23Z,710000000,Астана,143300737,Наушники MOONDROP Rays фиолетовый,price,47239,47236
2026-08-15T20:24:23Z,710000000,Астана,151096352,Garmin Fenix 8 Pro 51 мм серебристый-серый,price,731234,731226
2026-08-15T20:24:23Z,710000000,Астана,154019790,"Xiaomi камера видеонаблюдения CW100, 3MP, расширение 2304x1296",price,26918,26914
2026-08-15T20:24:23Z,710000000,Астана,109310183,Garmin Forerunner 265S 42 мм черный-черный,price,268861,268842
2026-08-15T20:24:23Z,710000000,Астана,122962879,Garmin Fenix 8 51 мм черный,price,607391,607381
2026-08-15T20:24:23Z,710000000,Астана,109351561,Garmin Forerunner 965 белый,price,373588,373585
2026-08-15T20:24:23Z,710000000,Астана,106852140,Garmin MARQ Golfer Gen 2 серебристый-зеленый-зеленый,price,1410777,1410751
2026-08-15T20:24:23Z,710000000,Астана,152036275,HONOR Magic8 Pro 12 ГБ/512 ГБ черный,price,618589,618585
2026-08-15T20:24:23Z,710000000,Астана,143300811,Наушники MOONDROP Aria 2 красный,price,49582,49579
2026-08-15T20:24:23Z,710000000,Астана,154805003,Realme GT 8 Pro 16 ГБ/512 ГБ синий,price,599964,599962
2026-08-15T20:24:23Z,710000000,Астана,101317689,Canon LIDE 400 2996C010 черный,price,58924,58921
2026-08-15T20:24:23Z,710000000,Астана,120134606,AULA F75 Side-Printed голубой,price,22546,22542
2026-08-15T20:24:23Z,710000000,Астана,128745315,Midea MF200W90WB/T-C серый,price,220919,220903
2026-08-15T20:24:23Z,710000000,Астана,161563692,"Xiaomi камера видеонаблюдения Smart Camera C302 / MBC28, 3MP, расширение 2304x1296",price,18878,18874
2026-08-15T20:24:23Z,710000000,Астана,109719960,Transcend TS250GESD260C 250 ГБ,price,41731,41728
2026-08-15T20:24:23Z,710000000,Астана,140332233,Garmin Forerunner 970 47 мм белый-зеленый,price,455400,455374
2026-08-15T20:24:23Z,710000000,Астана,148005901,Huawei WATCH GT 6 46 мм серебристый-зеленый,price,94386,94383
2026-08-15T20:24:23Z,710000000,Астана,154027556,"Xiaomi камера видеонаблюдения C500, 4MP, расширение 32001800",price,25898,25894
2026-08-15T20:24:23Z,710000000,Астана,139561340,AULA HERO 68 HE белый,price,20686,20676
2026-08-15T20:24:23Z,710000000,Астана,139955883,Huawei WATCH FIT 4 Pro 44 мм серебристый-зеленый,price,74744,74742
2026-08-15T20:24:23Z,710000000,Астана,109731154,Canon EOS R7 Body черный,price,611403,611349
2026-08-15T20:24:23Z,710000000,Астана,120935104,Dream H12 Pro PLUS черный,price,119515,119495
2026-08-15T20:24:23Z,710000000,Астана,131430159,Наушники Soundcore Liberty 4 PRO черный,price,66372,66369
2026-08-15T20:24:23Z,710000000,Астана,142884485,Garmin VENU X1 46 мм черный-черный,price,463644,463599
2026-08-15T20:24:23Z,710000000,Астана,145820746,Roborock S8 Pro RRA0TAL черный,price,114654,114642
2026-08-15T20:24:23Z,710000000,Астана,145451616,"Dreame H30 Ultra Mix черный, серый",price,162732,162729
2026-08-15T20:24:23Z,710000000,Астана,154084045,Bambu Lab PLA Matte 1.75 мм 1 кг темно-синий,price,8458,8998
2026-08-15T20:24:23Z,710000000,Астана,154084045,Bambu Lab PLA Matte 1.75 мм 1 кг темно-синий,discount,15,0
2026-08-15T20:24:23Z,710000000,Астана,137352961,AULA F75 Black Contour черный,price,23101,23097
2026-08-15T20:24:23Z,710000000,Астана,134108074,Наушники Soundcore Liberty 4 PRO белый,price,59674,59665
2026-08-15T20:24:23Z,710000000,Астана,133975075,Garmin Instinct 3 Solar 45 мм черный,price,249849,249841
2026-08-15T20:24:23Z,710000000,Астана,116455986,Система подачи материалов Bambu Lab AMS - Automatic Material System,price,148988,141539
2026-08-15T20:24:23Z,710000000,Астана,116455986,Система подачи материалов Bambu Lab AMS - Automatic Material System,discount,0,11
2026-08-15T20:24:23Z,710000000,Астана,114298557,МФУ Canon I-SENSYS MF461DW 5951C020,price,212596,212593
2026-08-15T20:24:23Z,710000000,Астана,156555269,Garmin Instinct 3 AMOLED 50 мм черный-синий,price,312937,312934
2026-08-15T20:24:23Z,710000000,Астана,169144934,Roborock S9+ белый,price,184702,184690
2026-08-15T20:24:23Z,710000000,Астана,171512267,ONYX BOOX для Go 6 Gen II бежевый,price,10988,10439
2026-08-15T20:24:23Z,710000000,Астана,171512267,ONYX BOOX для Go 6 Gen II бежевый,discount,22,25
2026-08-15T20:24:23Z,710000000,Астана,169114829,Roborock S9+ черный,price,184702,184690
2026-08-15T20:24:23Z,710000000,Астана,124278317,Garmin Fenix 8 Solar 47 мм черный,price,605489,605443
2026-08-15T20:24:23Z,710000000,Астана,131472928,Портативная колонка Soundcore Boom 2 Plus синий,price,116395,116383
2026-08-15T20:24:23Z,710000000,Астана,148348291,Canon EOS R50 + RF-S 18-45 mm IS STM,price,329443,329435
2026-08-15T20:24:23Z,710000000,Астана,169114918,Roborock S9 черный,price,140702,140690
2026-08-15T20:24:23Z,710000000,Астана,145557809,TECNO SPARK 40C 8 ГБ/256 ГБ белый,price,83055,83052
2026-08-15T20:24:23Z,710000000,Астана,7300141,Transcend TS1TSJ25H3B 1000 Гб,price,62059,62051
2026-08-15T20:24:23Z,710000000,Астана,141530670,Xiaomi Smart Band 10 серебристый,price,21927,21924
2026-08-15T20:24:23Z,710000000,Астана,165935475,ATK Dragonfly A9 Air белый,price,34479,34476
2026-08-15T20:24:23Z,710000000,Астана,143973797,TECNO SPARK 40C 8 ГБ/128 ГБ белый,price,74789,74773
2026-08-15T20:24:23Z,710000000,Астана,109310228,Garmin Forerunner 265S 42 мм розовый-розовый,price,281901,281896
2026-08-15T20:24:23Z,710000000,Астана,130022770,Canon CANOSCAN LIDE 300 черный,price,50891,50879
2026-08-15T20:24:23Z,710000000,Астана,114237446,Transcend TS256GUSD340S 256 Гб,price,79847,79842
2026-08-15T20:24:23Z,710000000,Астана,116193383,Garmin Lily 2 Classic 25 мм серебристый-бежевый-бежевый,price,218937,218934
2026-08-15T20:24:23Z,710000000,Астана,100305103,"Бассейн каркасный Bestway 56082/56424, 400x211x81 см",price,58853,58832
2026-08-15T20:24:23Z,710000000,Астана,167230393,Наушники Huawei FreeBuds Pro 5 темно-серый,price,79582,79578
2026-08-15T20:24:23Z,710000000,Астана,110723747,Canon RF 100-400mm f/5.6-8 IS USM,price,390740,390687
2026-08-15T20:24:23Z,710000000,Астана,116535193,МФУ Canon I-Sensys MF465dw 5951C007AA,price,224786,224772
2026-08-15T20:24:23Z,710000000,Астана,141046478,Canon EOS R50 + RF-S 18-45 mm IS STM 5811C036,price,329443,329435
2026-08-15T20:24:23Z,710000000,Астана,109731162,Canon EOS R10 kit RF-S 18–150mm f/3.5–6.3 IS STM,price,591587,591533
2026-08-15T20:24:23Z,710000000,Астана,113556362,Canon EOS R50 RF-S 18-45 + Kit 55-210 mm,price,574207,574199
2026-08-15T20:24:23Z,710000000,Астана,143300800,Наушники MOONDROP Aria 2 серебристый,price,48402,48399
2026-08-15T20:24:23Z,710000000,Астана,132979867,AULA AU75 черный,price,22131,22127
2026-08-15T20:24:23Z,710000000,Астана,129064979,Canon EOS R100 + RF-S 18-45mm + RF-S 55-210mm,price,455506,455503
2026-08-15T20:24:23Z,710000000,Астана,113028541,Garmin VENU 3 45 мм белый-белый,price,292997,292994
2026-08-15T20:24:23Z,710000000,Астана,116788713,Transcend TS1TESD410C 1000 Гб,price,183786,183782
2026-08-15T20:24:23Z,710000000,Астана,163444484,Huawei nova 15 12 ГБ/256 ГБ белый,price,199876,199873
2026-08-15T20:24:23Z,710000000,Астана,138584777,Garmin Vivoactive 6 42 мм зеленый,price,206464,206461
2026-08-15T20:24:23Z,710000000,Астана,15400127,"Бассейн каркасный Bestway Steel Pro Frame 56424, 400x211x81 см",price,58853,58832
2026-08-15T20:24:23Z,710000000,Астана,110648816,Philips BHS752/00 утюжок 25 мм,price,61946,61943
2026-08-15T20:24:23Z,710000000,Астана,157683664,Наушники AULA G7 черный,price,12250,12246
2026-08-15T20:24:23Z,710000000,Астана,106851929,Garmin MARQ Aviator Gen 2 серебристый,price,1476700,1476693
2026-08-15T20:24:23Z,710000000,Астана,114801730,Canon RF 24mm f/1.8 Macro IS STM,price,272709,272702
2026-08-15T20:24:23Z,710000000,Астана,143693130,Наушники AULA G7 белый,price,11454,11450
2026-08-15T20:24:23Z,710000000,Астана,169077113,Roborock S9 белый,price,140702,140690
2026-08-15T20:24:23Z,710000000,Астана,163483165,Наушники Soundcore Sleep A30 Green зеленый,price,85399,85397
2026-08-15T20:24:23Z,710000000,Астана,141885718,Garmin Instinct 3 Solar Tactical 45 мм черный,price,289937,289934
2026-08-15T20:24:23Z,710000000,Астана,128243261,Система подачи материалов Bambu Lab Ams lite,price,132719,132716
2026-08-15T20:24:23Z,710000000,Астана,163414583,AULA F75 розовый,price,23527,23522
2026-08-15T20:24:23Z,710000000,Астана,116193133,Garmin Lily 2 Classic 25 мм бордовый-бордовый,price,218937,218934
2026-08-15T20:24:23Z,710000000,Астана,137761682,AULA SC380 PRO белый,price,11309,11305
2026-08-15T20:24:23Z,710000000,Астана,171178069,Roborock Saros 20 черный,price,699702,699690
2026-08-15T20:24:23Z,710000000,Астана,150445434,Sapphire PULSE AMD Radeon RX 9070 16 Гб,price,407658,407646
2026-08-15T20:24:23Z,710000000,Астана,114176446,POCKET BOOK PB634-3-CIS 6 дюйм 1 Гб красный,price,105608,105605
2026-08-15T20:24:23Z,710000000,Астана,108430983,Canon EOS R7 Kit 18-150mm черный,price,809837,809767
2026-08-15T20:24:23Z,710000000,Астана,122265923,Canon EOS R5 Mark II body,price,1729504,1729375
2026-08-15T20:24:23Z,710000000,Астана,146975796,AULA HERO 68 HE Frosted белый,price,27258,27254
2026-08-15T20:24:23Z,710000000,Астана,137761585,AULA SC380 PRO черный,price,11132,11127
2026-08-15T20:24:23Z,710000000,Астана,112143554,Transcend TS128GUSD340S 128 Гб,price,41768,41765
2026-08-15T20:24:23Z,710000000,Астана,163483158,Наушники Soundcore Sleep A30 White белый,price,89988,85489
2026-08-15T20:24:23Z,710000000,Астана,114460686,Garmin MARQ Golfer Gen 2 Carbon Edition черный,price,1756207,1756204
2026-08-15T20:24:23Z,710000000,Астана,122651840,Canon RF-S 55-210mm f/5-7.1 IS STM,price,279356,279352
2026-08-15T20:24:23Z,710000000,Астана,105544265,Canon RF 70-200mm f/4L IS USM,price,813432,813377
2026-08-15T20:24:23Z,710000000,Астана,101018992,"Бассейн каркасный Bestway Power Steel 56465, 549x274x122 см",price,267806,267803
2026-08-15T20:24:23Z,710000000,Астана,112921022,МФУ Canon imageRUNNER 2224 5942C001,price,608805,608802
2026-08-15T20:24:23Z,710000000,Астана,130022687,Canon CANOSCAN LIDE 400 черный,price,58924,58921
2026-08-15T20:24:23Z,511010000,Шымкент,108430990,Canon EOS R6 Mark II Body черный,price,816897,816583
2026-08-15T20:24:23Z,511010000,Шымкент,108430990,Canon EOS R6 Mark II Body черный,discount,23,24
2026-08-15T20:24:23Z,511010000,Шымкент,129065160,Наушники REDMI Buds 6 Play розовый,price,6779,6776
2026-08-15T20:24:23Z,511010000,Шымкент,147374082,HONOR X9d 12 ГБ/256 ГБ черный,price,237954,237948
2026-08-15T20:24:23Z,511010000,Шымкент,134328061,"Видеорегистратор 70mai M310 черный, серый",price,28578,28575
2026-08-15T20:24:23Z,511010000,Шымкент,117969957,PXN V99 черный,price,102637,102634
2026-08-15T20:24:23Z,511010000,Шымкент,106042231,Наушники Fifine H6 черный,price,20018,20015
2026-08-15T20:24:23Z,511010000,Шымкент,106795757,Canon EOS R10 kit 18-45mm IS STM,price,462924,462807
2026-08-15T20:24:23Z,511010000,Шымкент,115034062,МФУ Canon i-SENSYS MF275dw,price,185953,185940
2026-08-15T20:24:23Z,511010000,Шымкент,110151201,Canon EOS R6 Mark II Kit RF 24-105mm F/4-7.1 IS STM черный,price,1079884,1079780
2026-08-15T20:24:23Z,511010000,Шымкент,141530632,Xiaomi Smart Band 10 черный,price,21927,21924
2026-08-15T20:24:23Z,511010000,Шымкент,119596967,EPOMAKER x AULA F75 черный,price,21358,21354
2026-08-15T20:24:23Z,511010000,Шымкент,139895845,Roborock F25 - ACE черный,price,199658,199646
2026-08-15T20:24:23Z,511010000,Шымкент,146792191,Midea MD200H90WB/T-C серый,price,266462,266420
2026-08-15T20:24:23Z,511010000,Шымкент,140332176,Garmin Forerunner 970 47 мм бежевый-фиолетовый,price,458119,458099
2026-08-15T20:24:23Z,511010000,Шымкент,122963224,Garmin Fenix 8 43 мм белый-белый,price,545065,545017
2026-08-15T20:24:23Z,511010000,Шымкент,106042325,Микрофон Fifine A6V черный,price,18711,18708
2026-08-15T20:24:23Z,511010000,Шымкент,115178468,POCKET BOOK PB629-M-CIS 6 дюйм 8 Гб серый,price,87646,87642
2026-08-15T20:24:23Z,511010000,Шымкент,145820693,Roborock S8 Pro RRA0TAL белый,price,114664,114652
2026-08-15T20:24:23Z,511010000,Шымкент,132855201,AULA F75 Side-Printed розовый,price,21481,21477
2026-08-15T20:24:23Z,511010000,Шымкент,110057315,70mai зарядное устройство для видеорегистратора Midrive UP03 USB Type-C черный,price,8362,8359
2026-08-15T20:24:23Z,511010000,Шымкент,133974886,Garmin Instinct E 45 мм серый,price,186937,186934
2026-08-15T20:24:23Z,511010000,Шымкент,113029065,Garmin VENU 3S 41 мм розовый-розовый,price,293919,293915
2026-08-15T20:24:23Z,511010000,Шымкент,103627190,Canon RF 16mm f/2.8 STM,price,129233,129212
2026-08-15T20:24:23Z,511010000,Шымкент,150110690,Sen Sulu blush stick румяна 03 frosted bllom,price,8874,8871
2026-08-15T20:24:23Z,511010000,Шымкент,145620660,TECNO SPARK 40C 8 ГБ/128 ГБ серый,price,74912,74904
2026-08-15T20:24:23Z,511010000,Шымкент,123942422,Canon RF 35mm f/1.4 L VCM,price,737439,737406
2026-08-15T20:24:23Z,511010000,Шымкент,145978939,Внешний аккумулятор Xiaomi Super Slim Magnetic Power Bank 5000 мАч 22.5 Вт WPB0507S фиолетовый,price,18890,18886
2026-08-15T20:24:23Z,511010000,Шымкент,141005445,AULA SC620 черный,price,11275,11994
2026-08-15T20:24:23Z,511010000,Шымкент,120263286,Bambu Lab PLA Matte 1.75 мм 1 кг черный,price,8948,8945
2026-08-15T20:24:23Z,511010000,Шымкент,145978921,Внешний аккумулятор Xiaomi Super Slim Magnetic Power Bank 5000 мАч 22.5 Вт WPB0507S золотистый,price,18892,18888
2026-08-15T20:24:23Z,511010000,Шымкент,147392127,Внешний аккумулятор Xiaomi Super Slim Magnetic WPB0507S (BHR08PMGL) 5000 мАч 22.5 Вт черный,price,18881,18877
2026-08-15T20:24:23Z,511010000,Шымкент,129319883,Garmin Lily 2 Active 38 мм серебристый-фиолетовый,price,218940,218937
2026-08-15T20:24:23Z,511010000,Шымкент,149659104,Наушники NOTHING CMF Headphone Pro белый,price,47916,47913
2026-08-15T20:24:23Z,511010000,Шымкент,101513764,"Бассейн каркасный Bestway 5612B, 640x274x132 см",price,368699,324456
2026-08-15T20:24:23Z,511010000,Шымкент,101513764,"Бассейн каркасный Bestway 5612B, 640x274x132 см",discount,0,15
2026-08-15T20:24:23Z,511010000,Шымкент,103492220,"Бассейн каркасный Bestway 56714, 427x250x100 см",price,144671,144668
2026-08-15T20:24:23Z,511010000,Шымкент,116631467,"Бассейн каркасный Bestway 561FY, 396x396x107 см",price,116336,116332
2026-08-15T20:24:23Z,511010000,Шымкент,100091043,"Бассейн надувной Bestway Аквариум 53052, 239x206x26 см",price,21094,21090
2026-08-15T20:24:23Z,511010000,Шымкент,163444184,Huawei nova 15 Pro 12 ГБ/512 ГБ белый,price,284882,284879
2026-08-15T20:24:23Z,511010000,Шымкент,163444356,Huawei nova 15 12 ГБ/512 ГБ белый,price,199876,199873
2026-08-15T20:24:23Z,511010000,Шымкент,122237981,1WIN Магний + Витамин В6 для нервной системы капсулы 240 шт,price,3327,3324
2026-08-15T20:24:23Z,511010000,Шымкент,15400145,"Бассейн каркасный Bestway Steel Pro Max 56420, 366x122 см",price,134736,134713
2026-08-15T20:24:23Z,511010000,Шымкент,118273472,Аэрогриль Xiaomi Smart Air Fryer BHR7357EU 6.5 л черный,price,47906,47903
2026-08-15T20:24:23Z,511010000,Шымкент,115287903,DREAME H12 Pro Plus CN черный,price,119515,119484
2026-08-15T20:24:23Z,511010000,Шымкент,130251646,Наушники REDMI Buds 6 Play синий,price,6767,6764
2026-08-15T20:24:23Z,511010000,Шымкент,145557956,TECNO SPARK 40C 8 ГБ/256 ГБ черный,price,84115,84100
2026-08-15T20:24:23Z,511010000,Шымкент,132593287,"DREAME H30 Ultra Mix черный, серый",price,162732,162731
2026-08-15T20:24:23Z,511010000,Шымкент,123910502,Наушники Xiaomi Type-C Earphones M2413E1 белый,price,2542,2538
2026-08-15T20:24:23Z,511010000,Шымкент,137684212,DREAME H30 ULTRA MIX CE серый,price,162732,162729
2026-08-15T20:24:23Z,511010000,Шымкент,102158689,Микрофон Fifine T669 черный,price,21682,21674
2026-08-15T20:24:23Z,511010000,Шымкент,34700017,Фильтр Аквафор Кристалл А для жёсткой воды,price,24858,24854
2026-08-15T20:24:23Z,511010000,Шымкент,153376171,Bambu Lab PLA Basic 1.75 мм 1 кг красный,price,8709,8706
2026-08-15T20:24:23Z,511010000,Шымкент,118273499,Аэрогриль Xiaomi Smart Air Fryer BHR7358EU 6.5 л белый,price,47266,47259
2026-08-15T20:24:23Z,511010000,Шымкент,143119833,Midea FSC-900DX стальной,price,227920,227917
2026-08-15T20:24:23Z,511010000,Шымкент,145978945,Внешний аккумулятор Xiaomi Super Slim Magnetic Power Bank 5000 мАч 22.5 Вт WPB0507S черный,price,18881,18877
2026-08-15T20:24:23Z,511010000,Шымкент,102211273,Midea MH 60P 205 X серебристый,price,33587,33577
2026-08-15T20:24:23Z,511010000,Шымкент,123621889,Midea MFK03D105B/S-C серый,price,275227,275210
2026-08-15T20:24:23Z,511010000,Шымкент,110349310,Canon EOS R50 Kit 18-45mm f4.5-6.3 IS STM черный,price,329443,329435
2026-08-15T20:24:23Z,511010000,Шымкент,115633970,Canon LIDE 300 2995C010 черный,price,50891,50879
2026-08-15T20:24:23Z,511010000,Шымкент,15300377,Transcend TS128GSDC300S 128 Gb,price,21574,21571
2026-08-15T20:24:23Z,511010000,Шымкент,1500075,Принтер Canon i-SENSYS LBP6030B,price,85602,85599
2026-08-15T20:24:23Z,511010000,Шымкент,141746219,Xiaomi Robot Vacuum S40C Е101CDZ белый,price,84874,84871
2026-08-15T20:24:23Z,511010000,Шымкент,154255448,"Xiaomi камера видеонаблюдения MJSXJ27CM, 8MP, расширение 3840x2160",price,28184,28180
2026-08-15T20:24:23Z,511010000,Шымкент,148148221,TCL 50V6C 127 см черный,price,219766,219760
2026-08-15T20:24:23Z,511010000,Шымкент,152842877,Видеорегистратор 70mai A410 черный,price,46278,46276
2026-08-15T20:24:23Z,511010000,Шымкент,137060417,AULA F75 MAX черный,price,27410,27405
2026-08-15T20:24:23Z,511010000,Шымкент,101149860,Canon EOS RP RF 24-105 F4-7.1 IS STM,price,545458,545377
2026-08-15T20:24:23Z,511010000,Шымкент,154027559,"Xiaomi камера видеонаблюдения C201 MBC27, 2MP, расширение 1920x1080",price,13178,13174
2026-08-15T20:24:23Z,511010000,Шымкент,113404917,POCKET BOOK InkPad 4 7.8 дюйм 32 Гб серебристый,price,164676,164673
2026-08-15T20:24:23Z,511010000,Шымкент,112245834,Canon EOS R8 Body черный,price,603009,602913
2026-08-15T20:24:23Z,511010000,Шымкент,147987810,Huawei WATCH GT 6 41 мм золотистый-белый,price,105688,105488
2026-08-15T20:24:23Z,511010000,Шымкент,166975826,HONOR 600 Pro 12 ГБ/512 ГБ черный,price,548712,548706
2026-08-15T20:24:23Z,511010000,Шымкент,112301355,МФУ Canon MAXIFY GX3040,price,123861,123857
2026-08-15T20:24:23Z,511010000,Шымкент,103313279,Очиститель воздуха SmartMi Smartmi Air Purifier P1 серый,price,55154,55142
2026-08-15T20:24:23Z,511010000,Шымкент,147986879,Huawei WATCH GT 6 41 мм золотистый-золотистый,price,115488,115288
2026-08-15T20:24:23Z,511010000,Шымкент,151096402,Garmin Fenix 8 Pro 47 мм черный,price,653761,653744
2026-08-15T20:24:23Z,511010000,Шымкент,140332288,Garmin Forerunner 970 47 мм черный,price,449183,449170
2026-08-15T20:24:23Z,511010000,Шымкент,138584959,Garmin Vivoactive 6 42 мм бежевый,price,205997,205994
2026-08-15T20:24:23Z,511010000,Шымкент,139307969,Кофемашина Xiaomi Semi-Automatic Espresso Machine серебристый,price,61266,61263
2026-08-15T20:24:23Z,511010000,Шымкент,149031743,ZTE Nubia RedMagic Astra 9.06 дюйм 24 Гб/1024 Гб черный,price,569886,569883
2026-08-15T20:24:23Z,511010000,Шымкент,109310071,Garmin Forerunner 265S 42 мм белый-белый,price,275119,275103
2026-08-15T20:24:23Z,511010000,Шымкент,113029701,Garmin VENU 3S белый,price,278680,278672
2026-08-15T20:24:23Z,511010000,Шымкент,118179738,Canon EOS R50 RF-S 15-45 IS STM черный,price,329443,329435
2026-08-15T20:24:23Z,511010000,Шымкент,138585258,Garmin Vivoactive 6 42 мм черный,price,199485,199481
2026-08-15T20:24:23Z,511010000,Шымкент,114761211,Fifine SC3,price,25333,25329
2026-08-15T20:24:23Z,511010000,Шымкент,112972977,Видеорегистратор 70mai A810 черный,price,99951,99948
2026-08-15T20:24:23Z,511010000,Шымкент,153277705,TCL 75V6C 191 см черный,price,422843,422840
2026-08-15T20:24:23Z,511010000,Шымкент,122963617,Garmin Fenix 8 47 мм черный,price,605635,605604
2026-08-15T20:24:23Z,511010000,Шымкент,142719480,"27"" Xiaomi 4K Monitor 27 A27Ui-EU P27UCB-RAGL черный",price,144928,144922
2026-08-15T20:24:23Z,511010000,Шымкент,7300020,Transcend TS1TSJ25H3P 1000 Гб,price,63128,63125
2026-08-15T20:24:23Z,511010000,Шымкент,163510365,HONOR 600 Lite 8 ГБ/256 ГБ черный,price,209682,209664
2026-08-15T20:24:23Z,511010000,Шымкент,122966507,Garmin Fenix 8 51 мм черно-серый,price,653105,653072
2026-08-15T20:24:23Z,511010000,Шымкент,143300737,Наушники MOONDROP Rays фиолетовый,price,47239,47236
2026-08-15T20:24:23Z,511010000,Шымкент,151096352,Garmin Fenix 8 Pro 51 мм серебристый-серый,price,731234,731226
2026-08-15T20:24:23Z,511010000,Шымкент,154019790,"Xiaomi камера видеонаблюдения CW100, 3MP, расширение 2304x1296",price,26918,26914
2026-08-15T20:24:23Z,511010000,Шымкент,109310183,Garmin Forerunner 265S 42 мм черный-черный,price,268861,268842
2026-08-15T20:24:23Z,511010000,Шымкент,122962879,Garmin Fenix 8 51 мм черный,price,607391,607381
2026-08-15T20:24:23Z,511010000,Шымкент,109351561,Garmin Forerunner 965 белый,price,373588,373585
2026-08-15T20:24:23Z,511010000,Шымкент,106852140,Garmin MARQ Golfer Gen 2 серебристый-зеленый-зеленый,price,1410777,1410751
2026-08-15T20:24:23Z,511010000,Шымкент,152036275,HONOR Magic8 Pro 12 ГБ/512 ГБ черный,price,618589,618585
2026-08-15T20:24:23Z,511010000,Шымкент,143300811,Наушники MOONDROP Aria 2 красный,price,49582,49579
2026-08-15T20:24:23Z,511010000,Шымкент,154805003,Realme GT 8 Pro 16 ГБ/512 ГБ синий,price,599964,599962
2026-08-15T20:24:23Z,511010000,Шымкент,101317689,Canon LIDE 400 2996C010 черный,price,58924,58921
2026-08-15T20:24:23Z,511010000,Шымкент,120134606,AULA F75 Side-Printed голубой,price,22546,22542
2026-08-15T20:24:23Z,511010000,Шымкент,128745315,Midea MF200W90WB/T-C серый,price,220919,220903
2026-08-15T20:24:23Z,511010000,Шымкент,161563692,"Xiaomi камера видеонаблюдения Smart Camera C302 / MBC28, 3MP, расширение 2304x1296",price,18878,18874
2026-08-15T20:24:23Z,511010000,Шымкент,109719960,Transcend TS250GESD260C 250 ГБ,price,41731,41728
2026-08-15T20:24:23Z,511010000,Шымкент,140332233,Garmin Forerunner 970 47 мм белый-зеленый,price,455400,455374
2026-08-15T20:24:23Z,511010000,Шымкент,148005901,Huawei WATCH GT 6 46 мм серебристый-зеленый,price,94386,94383
2026-08-15T20:24:23Z,511010000,Шымкент,154027556,"Xiaomi камера видеонаблюдения C500, 4MP, расширение 32001800",price,25898,25894
2026-08-15T20:24:23Z,511010000,Шымкент,139561340,AULA HERO 68 HE белый,price,20681,20676
2026-08-15T20:24:23Z,511010000,Шымкент,139955883,Huawei WATCH FIT 4 Pro 44 мм серебристый-зеленый,price,74744,74742
2026-08-15T20:24:23Z,511010000,Шымкент,109731154,Canon EOS R7 Body черный,price,611403,611349
2026-08-15T20:24:23Z,511010000,Шымкент,120935104,Dream H12 Pro PLUS черный,price,119515,119495
2026-08-15T20:24:23Z,511010000,Шымкент,131430159,Наушники Soundcore Liberty 4 PRO черный,price,66372,66369
2026-08-15T20:24:23Z,511010000,Шымкент,142884485,Garmin VENU X1 46 мм черный-черный,price,463644,463599
2026-08-15T20:24:23Z,511010000,Шымкент,145820746,Roborock S8 Pro RRA0TAL черный,price,114654,114642
2026-08-15T20:24:23Z,511010000,Шымкент,145451616,"Dreame H30 Ultra Mix черный, серый",price,162732,162729
2026-08-15T20:24:23Z,511010000,Шымкент,154084045,Bambu Lab PLA Matte 1.75 мм 1 кг темно-синий,price,8458,8998
2026-08-15T20:24:23Z,511010000,Шымкент,154084045,Bambu Lab PLA Matte 1.75 мм 1 кг темно-синий,discount,14,0
2026-08-15T20:24:23Z,511010000,Шымкент,137352961,AULA F75 Black Contour черный,price,23101,23097
2026-08-15T20:24:23Z,511010000,Шымкент,134108074,Наушники Soundcore Liberty 4 PRO белый,price,59674,59665
2026-08-15T20:24:23Z,511010000,Шымкент,133975075,Garmin Instinct 3 Solar 45 мм черный,price,249849,249841
2026-08-15T20:24:23Z,511010000,Шымкент,116455986,Система подачи материалов Bambu Lab AMS - Automatic Material System,price,148988,141539
2026-08-15T20:24:23Z,511010000,Шымкент,116455986,Система подачи материалов Bambu Lab AMS - Automatic Material System,discount,0,11
2026-08-15T20:24:23Z,511010000,Шымкент,114298557,МФУ Canon I-SENSYS MF461DW 5951C020,price,212596,212593
2026-08-15T20:24:23Z,511010000,Шымкент,156555269,Garmin Instinct 3 AMOLED 50 мм черный-синий,price,312937,312934
2026-08-15T20:24:23Z,511010000,Шымкент,169144934,Roborock S9+ белый,price,184702,184690
2026-08-15T20:24:23Z,511010000,Шымкент,171512267,ONYX BOOX для Go 6 Gen II бежевый,price,10988,10439
2026-08-15T20:24:23Z,511010000,Шымкент,171512267,ONYX BOOX для Go 6 Gen II бежевый,discount,22,25
2026-08-15T20:24:23Z,511010000,Шымкент,169114829,Roborock S9+ черный,price,184702,184690
2026-08-15T20:24:23Z,511010000,Шымкент,124278317,Garmin Fenix 8 Solar 47 мм черный,price,605489,605443
2026-08-15T20:24:23Z,511010000,Шымкент,131472928,Портативная колонка Soundcore Boom 2 Plus синий,price,116395,116383
2026-08-15T20:24:23Z,511010000,Шымкент,148348291,Canon EOS R50 + RF-S 18-45 mm IS STM,price,329443,329435
2026-08-15T20:24:23Z,511010000,Шымкент,169114918,Roborock S9 черный,price,140702,140690
2026-08-15T20:24:23Z,511010000,Шымкент,145557809,TECNO SPARK 40C 8 ГБ/256 ГБ белый,price,83055,83052
2026-08-15T20:24:23Z,511010000,Шымкент,7300141,Transcend TS1TSJ25H3B 1000 Гб,price,62059,62051
2026-08-15T20:24:23Z,511010000,Шымкент,141530670,Xiaomi Smart Band 10 серебристый,price,21927,21924
2026-08-15T20:24:23Z,511010000,Шымкент,165935475,ATK Dragonfly A9 Air белый,price,34479,34476
2026-08-15T20:24:23Z,511010000,Шымкент,143973797,TECNO SPARK 40C 8 ГБ/128 ГБ белый,price,74789,74773
2026-08-15T20:24:23Z,511010000,Шымкент,109310228,Garmin Forerunner 265S 42 мм розовый-розовый,price,281901,281896
2026-08-15T20:24:23Z,511010000,Шымкент,130022770,Canon CANOSCAN LIDE 300 черный,price,50891,50879
2026-08-15T20:24:23Z,511010000,Шымкент,114237446,Transcend TS256GUSD340S 256 Гб,price,79847,79842
2026-08-15T20:24:23Z,511010000,Шымкент,116193383,Garmin Lily 2 Classic 25 мм серебристый-бежевый-бежевый,price,218937,218934
2026-08-15T20:24:23Z,511010000,Шымкент,100305103,"Бассейн каркасный Bestway 56082/56424, 400x211x81 см",price,58853,58832
2026-08-15T20:24:23Z,511010000,Шымкент,167230393,Наушники Huawei FreeBuds Pro 5 темно-серый,price,79582,79578
2026-08-15T20:24:23Z,511010000,Шымкент,110723747,Canon RF 100-400mm f/5.6-8 IS USM,price,390740,390687
2026-08-15T20:24:23Z,511010000,Шымкент,116535193,МФУ Canon I-Sensys MF465dw 5951C007AA,price,224786,224772
2026-08-15T20:24:23Z,511010000,Шымкент,141046478,Canon EOS R50 + RF-S 18-45 mm IS STM 5811C036,price,329443,329428
2026-08-15T20:24:23Z,511010000,Шымкент,109731162,Canon EOS R10 kit RF-S 18–150mm f/3.5–6.3 IS STM,price,591587,591533
2026-08-15T20:24:23Z,511010000,Шымкент,113556362,Canon EOS R50 RF-S 18-45 + Kit 55-210 mm,price,574207,574199
2026-08-15T20:24:23Z,511010000,Шымкент,143300800,Наушники MOONDROP Aria 2 серебристый,price,48402,48399
2026-08-15T20:24:23Z,511010000,Шымкент,132979867,AULA AU75 черный,price,22131,22127
2026-08-15T20:24:23Z,511010000,Шымкент,129064979,Canon EOS R100 + RF-S 18-45mm + RF-S 55-210mm,price,455506,455503
2026-08-15T20:24:23Z,511010000,Шымкент,113028541,Garmin VENU 3 45 мм белый-белый,price,292997,292994
2026-08-15T20:24:23Z,511010000,Шымкент,116788713,Transcend TS1TESD410C 1000 Гб,price,183786,183782
2026-08-15T20:24:23Z,511010000,Шымкент,163444484,Huawei nova 15 12 ГБ/256 ГБ белый,price,199876,199873
2026-08-15T20:24:23Z,511010000,Шымкент,138584777,Garmin Vivoactive 6 42 мм зеленый,price,206464,206461
2026-08-15T20:24:23Z,511010000,Шымкент,15400127,"Бассейн каркасный Bestway Steel Pro Frame 56424, 400x211x81 см",price,58853,58832
2026-08-15T20:24:23Z,511010000,Шымкент,110648816,Philips BHS752/00 утюжок 25 мм,price,61946,61943
2026-08-15T20:24:23Z,511010000,Шымкент,157683664,Наушники AULA G7 черный,price,12250,12246
2026-08-15T20:24:23Z,511010000,Шымкент,106851929,Garmin MARQ Aviator Gen 2 серебристый,price,1476700,1476694
2026-08-15T20:24:23Z,511010000,Шымкент,114801730,Canon RF 24mm f/1.8 Macro IS STM,price,272709,272702
2026-08-15T20:24:23Z,511010000,Шымкент,143693130,Наушники AULA G7 белый,price,11454,11450
2026-08-15T20:24:23Z,511010000,Шымкент,169077113,Roborock S9 белый,price,140702,140690
2026-08-15T20:24:23Z,511010000,Шымкент,163483165,Наушники Soundcore Sleep A30 Green зеленый,price,85399,85397
2026-08-15T20:24:23Z,511010000,Шымкент,141885718,Garmin Instinct 3 Solar Tactical 45 мм черный,price,289937,289934
2026-08-15T20:24:23Z,511010000,Шымкент,128243261,Система подачи материалов Bambu Lab Ams lite,price,132719,132716
2026-08-15T20:24:23Z,511010000,Шымкент,163414583,AULA F75 розовый,price,23527,23522
2026-08-15T20:24:23Z,511010000,Шымкент,116193133,Garmin Lily 2 Classic 25 мм бордовый-бордовый,price,218937,218934
2026-08-15T20:24:23Z,511010000,Шымкент,137761682,AULA SC380 PRO белый,price,11309,11305
2026-08-15T20:24:23Z,511010000,Шымкент,171178069,Roborock Saros 20 черный,price,699702,699690
2026-08-15T20:24:23Z,511010000,Шымкент,150445434,Sapphire PULSE AMD Radeon RX 9070 16 Гб,price,407658,407646
2026-08-15T20:24:23Z,511010000,Шымкент,114176446,POCKET BOOK PB634-3-CIS 6 дюйм 1 Гб красный,price,105608,105605
2026-08-15T20:24:23Z,511010000,Шымкент,108430983,Canon EOS R7 Kit 18-150mm черный,price,809837,809745
2026-08-15T20:24:23Z,511010000,Шымкент,122265923,Canon EOS R5 Mark II body,price,1729504,1729375
2026-08-15T20:24:23Z,511010000,Шымкент,146975796,AULA HERO 68 HE Frosted белый,price,27258,27254
2026-08-15T20:24:23Z,511010000,Шымкент,137761585,AULA SC380 PRO черный,price,11132,11127
2026-08-15T20:24:23Z,511010000,Шымкент,112143554,Transcend TS128GUSD340S 128 Гб,price,41768,41765
2026-08-15T20:24:23Z,511010000,Шымкент,163483158,Наушники Soundcore Sleep A30 White белый,price,89988,85489
2026-08-15T20:24:23Z,511010000,Шымкент,114460686,Garmin MARQ Golfer Gen 2 Carbon Edition черный,price,1756207,1756204
2026-08-15T20:24:23Z,511010000,Шымкент,122651840,Canon RF-S 55-210mm f/5-7.1 IS STM,price,279356,279352
2026-08-15T20:24:23Z,511010000,Шымкент,105544265,Canon RF 70-200mm f/4L IS USM,price,813432,813377
2026-08-15T20:24:23Z,511010000,Шымкент,101018992,"Бассейн каркасный Bestway Power Steel 56465, 549x274x122 см",price,267806,267803
2026-08-15T20:24:23Z,511010000,Шымкент,112921022,МФУ Canon imageRUNNER 2224 5942C001,price,608805,608802
2026-08-15T20:24:23Z,511010000,Шымкент,130022687,Canon CANOSCAN LIDE 400 черный,price,58924,58921
2026-08-15T20:24:23Z,470000000,Актобе,108430990,Canon EOS R6 Mark II Body черный,price,816897,816571
2026-08-15T20:24:23Z,470000000,Актобе,108430990,Canon EOS R6 Mark II Body черный,discount,23,24
2026-08-15T20:24:23Z,470000000,Актобе,129065160,Наушники REDMI Buds 6 Play розовый,price,6779,6776
2026-08-15T20:24:23Z,470000000,Актобе,147374082,HONOR X9d 12 ГБ/256 ГБ черный,price,237954,237948
2026-08-15T20:24:23Z,470000000,Актобе,134328061,"Видеорегистратор 70mai M310 черный, серый",price,28578,28575
2026-08-15T20:24:23Z,470000000,Актобе,117969957,PXN V99 черный,price,102637,102634
2026-08-15T20:24:23Z,470000000,Актобе,106042231,Наушники Fifine H6 черный,price,20018,20015
2026-08-15T20:24:23Z,470000000,Актобе,106795757,Canon EOS R10 kit 18-45mm IS STM,price,462924,462806
2026-08-15T20:24:23Z,470000000,Актобе,115034062,МФУ Canon i-SENSYS MF275dw,price,185953,185940
2026-08-15T20:24:23Z,470000000,Актобе,110151201,Canon EOS R6 Mark II Kit RF 24-105mm F/4-7.1 IS STM черный,price,1079847,1079780
2026-08-15T20:24:23Z,470000000,Актобе,141530632,Xiaomi Smart Band 10 черный,price,21927,21924
2026-08-15T20:24:23Z,470000000,Актобе,119596967,EPOMAKER x AULA F75 черный,price,21358,21354
2026-08-15T20:24:23Z,470000000,Актобе,139895845,Roborock F25 - ACE черный,price,199658,199646
2026-08-15T20:24:23Z,470000000,Актобе,146792191,Midea MD200H90WB/T-C серый,price,266462,266420
2026-08-15T20:24:23Z,470000000,Актобе,140332176,Garmin Forerunner 970 47 мм бежевый-фиолетовый,price,458119,458099
2026-08-15T20:24:23Z,470000000,Актобе,122963224,Garmin Fenix 8 43 мм белый-белый,price,545058,545017
2026-08-15T20:24:23Z,470000000,Актобе,106042325,Микрофон Fifine A6V черный,price,18711,18708
2026-08-15T20:24:23Z,470000000,Актобе,115178468,POCKET BOOK PB629-M-CIS 6 дюйм 8 Гб серый,price,87646,87642
2026-08-15T20:24:23Z,470000000,Актобе,145820693,Roborock S8 Pro RRA0TAL белый,price,114664,114652
2026-08-15T20:24:23Z,470000000,Актобе,132855201,AULA F75 Side-Printed розовый,price,21481,21477
2026-08-15T20:24:23Z,470000000,Актобе,110057315,70mai зарядное устройство для видеорегистратора Midrive UP03 USB Type-C черный,price,8362,8359
2026-08-15T20:24:23Z,470000000,Актобе,133974886,Garmin Instinct E 45 мм серый,price,186937,186934
2026-08-15T20:24:23Z,470000000,Актобе,113029065,Garmin VENU 3S 41 мм розовый-розовый,price,293919,293915
2026-08-15T20:24:23Z,470000000,Актобе,103627190,Canon RF 16mm f/2.8 STM,price,129233,129212
2026-08-15T20:24:23Z,470000000,Актобе,150110690,Sen Sulu blush stick румяна 03 frosted bllom,price,8874,8871
2026-08-15T20:24:23Z,470000000,Актобе,145620660,TECNO SPARK 40C 8 ГБ/128 ГБ серый,price,74912,74904
2026-08-15T20:24:23Z,470000000,Актобе,123942422,Canon RF 35mm f/1.4 L VCM,price,737439,737406
2026-08-15T20:24:23Z,470000000,Актобе,145978939,Внешний аккумулятор Xiaomi Super Slim Magnetic Power Bank 5000 мАч 22.5 Вт WPB0507S фиолетовый,price,18890,18886
2026-08-15T20:24:23Z,470000000,Актобе,141005445,AULA SC620 черный,price,11275,11994
2026-08-15T20:24:23Z,470000000,Актобе,120263286,Bambu Lab PLA Matte 1.75 мм 1 кг черный,price,8948,8945
2026-08-15T20:24:23Z,470000000,Актобе,145978921,Внешний аккумулятор Xiaomi Super Slim Magnetic Power Bank 5000 мАч 22.5 Вт WPB0507S золотистый,price,18892,18888
2026-08-15T20:24:23Z,470000000,Актобе,147392127,Внешний аккумулятор Xiaomi Super Slim Magnetic WPB0507S (BHR08PMGL) 5000 мАч 22.5 Вт черный,price,18881,18877
2026-08-15T20:24:23Z,470000000,Актобе,129319883,Garmin Lily 2 Active 38 мм серебристый-фиолетовый,price,218940,218937
2026-08-15T20:24:23Z,470000000,Актобе,149659104,Наушники NOTHING CMF Headphone Pro белый,price,47916,47913
2026-08-15T20:24:23Z,470000000,Актобе,101513764,"Бассейн каркасный Bestway 5612B, 640x274x132 см",price,368699,324456
2026-08-15T20:24:23Z,470000000,Актобе,101513764,"Бассейн каркасный Bestway 5612B, 640x274x132 см",discount,0,15
2026-08-15T20:24:23Z,470000000,Актобе,103492220,"Бассейн каркасный Bestway 56714, 427x250x100 см",price,144671,144668
2026-08-15T20:24:23Z,470000000,Актобе,116631467,"Бассейн каркасный Bestway 561FY, 396x396x107 см",price,116336,116332
2026-08-15T20:24:23Z,470000000,Актобе,100091043,"Бассейн надувной Bestway Аквариум 53052, 239x206x26 см",price,21094,21090
2026-08-15T20:24:23Z,470000000,Актобе,163444184,Huawei nova 15 Pro 12 ГБ/512 ГБ белый,price,284882,284879
2026-08-15T20:24:23Z,470000000,Актобе,163444356,Huawei nova 15 12 ГБ/512 ГБ белый,price,199876,199873
2026-08-15T20:24:23Z,470000000,Актобе,122237981,1WIN Магний + Витамин В6 для нервной системы капсулы 240 шт,price,3327,3324
2026-08-15T20:24:23Z,470000000,Актобе,15400145,"Бассейн каркасный Bestway Steel Pro Max 56420, 366x122 см",price,134736,134713
2026-08-15T20:24:23Z,470000000,Актобе,118273472,Аэрогриль Xiaomi Smart Air Fryer BHR7357EU 6.5 л черный,price,47906,47903
2026-08-15T20:24:23Z,470000000,Актобе,115287903,DREAME H12 Pro Plus CN черный,price,119510,119493
2026-08-15T20:24:23Z,470000000,Актобе,130251646,Наушники REDMI Buds 6 Play синий,price,6767,6764
2026-08-15T20:24:23Z,470000000,Актобе,145557956,TECNO SPARK 40C 8 ГБ/256 ГБ черный,price,84115,84100
2026-08-15T20:24:23Z,470000000,Актобе,132593287,"DREAME H30 Ultra Mix черный, серый",price,162734,162724
2026-08-15T20:24:23Z,470000000,Актобе,123910502,Наушники Xiaomi Type-C Earphones M2413E1 белый,price,2542,2538
2026-08-15T20:24:23Z,470000000,Актобе,137684212,DREAME H30 ULTRA MIX CE серый,price,162732,162729
2026-08-15T20:24:23Z,470000000,Актобе,102158689,Микрофон Fifine T669 черный,price,21682,21674
2026-08-15T20:24:23Z,470000000,Актобе,34700017,Фильтр Аквафор Кристалл А для жёсткой воды,price,24858,24854
2026-08-15T20:24:23Z,470000000,Актобе,153376171,Bambu Lab PLA Basic 1.75 мм 1 кг красный,price,8709,8706
2026-08-15T20:24:23Z,470000000,Актобе,118273499,Аэрогриль Xiaomi Smart Air Fryer BHR7358EU 6.5 л белый,price,47266,47259
2026-08-15T20:24:23Z,470000000,Актобе,143119833,Midea FSC-900DX стальной,price,227920,227917
2026-08-15T20:24:23Z,470000000,Актобе,145978945,Внешний аккумулятор Xiaomi Super Slim Magnetic Power Bank 5000 мАч 22.5 Вт WPB0507S черный,price,18881,18877
2026-08-15T20:24:23Z,470000000,Актобе,102211273,Midea MH 60P 205 X серебристый,price,33587,33577
2026-08-15T20:24:23Z,470000000,Актобе,123621889,Midea MFK03D105B/S-C серый,price,275227,275210
2026-08-15T20:24:23Z,470000000,Актобе,110349310,Canon EOS R50 Kit 18-45mm f4.5-6.3 IS STM черный,price,329443,329435
2026-08-15T20:24:23Z,470000000,Актобе,115633970,Canon LIDE 300 2995C010 черный,price,50891,50879
2026-08-15T20:24:23Z,470000000,Актобе,15300377,Transcend TS128GSDC300S 128 Gb,price,21574,21571
2026-08-15T20:24:23Z,470000000,Актобе,1500075,Принтер Canon i-SENSYS LBP6030B,price,85602,85599
2026-08-15T20:24:23Z,470000000,Актобе,141746219,Xiaomi Robot Vacuum S40C Е101CDZ белый,price,84874,84871
2026-08-15T20:24:23Z,470000000,Актобе,154255448,"Xiaomi камера видеонаблюдения MJSXJ27CM, 8MP, расширение 3840x2160",price,28184,28180
2026-08-15T20:24:23Z,470000000,Актобе,152842877,Видеорегистратор 70mai A410 черный,price,46278,46276
2026-08-15T20:24:23Z,470000000,Актобе,148148221,TCL 50V6C 127 см черный,price,219766,219760
2026-08-15T20:24:23Z,470000000,Актобе,137060417,AULA F75 MAX черный,price,27410,27405
2026-08-15T20:24:23Z,470000000,Актобе,101149860,Canon EOS RP RF 24-105 F4-7.1 IS STM,price,545434,545377
2026-08-15T20:24:23Z,470000000,Актобе,154027559,"Xiaomi камера видеонаблюдения C201 MBC27, 2MP, расширение 1920x1080",price,13178,13174
2026-08-15T20:24:23Z,470000000,Актобе,113404917,POCKET BOOK InkPad 4 7.8 дюйм 32 Гб серебристый,price,164676,164673
2026-08-15T20:24:23Z,470000000,Актобе,112245834,Canon EOS R8 Body черный,price,603009,602913
2026-08-15T20:24:23Z,470000000,Актобе,147987810,Huawei WATCH GT 6 41 мм золотистый-белый,price,105688,105488
2026-08-15T20:24:23Z,470000000,Актобе,166975826,HONOR 600 Pro 12 ГБ/512 ГБ черный,price,548712,548706
2026-08-15T20:24:23Z,470000000,Актобе,112301355,МФУ Canon MAXIFY GX3040,price,123861,123857
2026-08-15T20:24:23Z,470000000,Актобе,103313279,Очиститель воздуха SmartMi Smartmi Air Purifier P1 серый,price,55154,55142
2026-08-15T20:24:23Z,470000000,Актобе,147986879,Huawei WATCH GT 6 41 мм золотистый-золотистый,price,115488,115288
2026-08-15T20:24:23Z,470000000,Актобе,151096402,Garmin Fenix 8 Pro 47 мм черный,price,653761,653744
2026-08-15T20:24:23Z,470000000,Актобе,140332288,Garmin Forerunner 970 47 мм черный,price,449183,449170
2026-08-15T20:24:23Z,470000000,Актобе,138584959,Garmin Vivoactive 6 42 мм бежевый,price,205997,205994
2026-08-15T20:24:23Z,470000000,Актобе,139307969,Кофемашина Xiaomi Semi-Automatic Espresso Machine серебристый,price,61266,61263
2026-08-15T20:24:23Z,470000000,Актобе,149031743,ZTE Nubia RedMagic Astra 9.06 дюйм 24 Гб/1024 Гб черный,price,569886,569883
2026-08-15T20:24:23Z,470000000,Актобе,109310071,Garmin Forerunner 265S 42 мм белый-белый,price,275119,275103
2026-08-15T20:24:23Z,470000000,Актобе,113029701,Garmin VENU 3S белый,price,278680,278672
2026-08-15T20:24:23Z,470000000,Актобе,118179738,Canon EOS R50 RF-S 15-45 IS STM черный,price,329443,329435
2026-08-15T20:24:23Z,470000000,Актобе,138585258,Garmin Vivoactive 6 42 мм черный,price,199485,199481
2026-08-15T20:24:23Z,470000000,Актобе,114761211,Fifine SC3,price,25333,25329
2026-08-15T20:24:23Z,470000000,Актобе,112972977,Видеорегистратор 70mai A810 черный,price,99951,99948
2026-08-15T20:24:23Z,470000000,Актобе,153277705,TCL 75V6C 191 см черный,price,422843,422840
2026-08-15T20:24:23Z,470000000,Актобе,122963617,Garmin Fenix 8 47 мм черный,price,605635,605604
2026-08-15T20:24:23Z,470000000,Актобе,142719480,"27"" Xiaomi 4K Monitor 27 A27Ui-EU P27UCB-RAGL черный",price,144928,144922
2026-08-15T20:24:23Z,470000000,Актобе,7300020,Transcend TS1TSJ25H3P 1000 Гб,price,63128,63125
2026-08-15T20:24:23Z,470000000,Актобе,163510365,HONOR 600 Lite 8 ГБ/256 ГБ черный,price,209682,209664
2026-08-15T20:24:23Z,470000000,Актобе,122966507,Garmin Fenix 8 51 мм черно-серый,price,653105,653072
2026-08-15T20:24:23Z,470000000,Актобе,143300737,Наушники MOONDROP Rays фиолетовый,price,47239,47236
2026-08-15T20:24:23Z,470000000,Актобе,151096352,Garmin Fenix 8 Pro 51 мм серебристый-серый,price,731234,731226
2026-08-15T20:24:23Z,470000000,Актобе,154019790,"Xiaomi камера видеонаблюдения CW100, 3MP, расширение 2304x1296",price,26918,26914
2026-08-15T20:24:23Z,470000000,Актобе,109310183,Garmin Forerunner 265S 42 мм черный-черный,price,268861,268842
2026-08-15T20:24:23Z,470000000,Актобе,122962879,Garmin Fenix 8 51 мм черный,price,607384,607381
2026-08-15T20:24:23Z,470000000,Актобе,109351561,Garmin Forerunner 965 белый,price,373588,373585
2026-08-15T20:24:23Z,470000000,Актобе,106852140,Garmin MARQ Golfer Gen 2 серебристый-зеленый-зеленый,price,1410777,1410751
2026-08-15T20:24:23Z,470000000,Актобе,152036275,HONOR Magic8 Pro 12 ГБ/512 ГБ черный,price,618589,618585
2026-08-15T20:24:23Z,470000000,Актобе,143300811,Наушники MOONDROP Aria 2 красный,price,49582,49579
2026-08-15T20:24:23Z,470000000,Актобе,154805003,Realme GT 8 Pro 16 ГБ/512 ГБ синий,price,599964,599962
2026-08-15T20:24:23Z,470000000,Актобе,101317689,Canon LIDE 400 2996C010 черный,price,58924,58921
2026-08-15T20:24:23Z,470000000,Актобе,120134606,AULA F75 Side-Printed голубой,price,22546,22542
2026-08-15T20:24:23Z,470000000,Актобе,128745315,Midea MF200W90WB/T-C серый,price,220919,220903
2026-08-15T20:24:23Z,470000000,Актобе,161563692,"Xiaomi камера видеонаблюдения Smart Camera C302 / MBC28, 3MP, расширение 2304x1296",price,18878,18874
2026-08-15T20:24:23Z,470000000,Актобе,109719960,Transcend TS250GESD260C 250 ГБ,price,41731,41728
2026-08-15T20:24:23Z,470000000,Актобе,140332233,Garmin Forerunner 970 47 мм белый-зеленый,price,455400,455374
2026-08-15T20:24:23Z,470000000,Актобе,148005901,Huawei WATCH GT 6 46 мм серебристый-зеленый,price,94386,94383
2026-08-15T20:24:23Z,470000000,Актобе,154027556,"Xiaomi камера видеонаблюдения C500, 4MP, расширение 32001800",price,25898,25894
2026-08-15T20:24:23Z,470000000,Актобе,139561340,AULA HERO 68 HE белый,price,20681,20676
2026-08-15T20:24:23Z,470000000,Актобе,139955883,Huawei WATCH FIT 4 Pro 44 мм серебристый-зеленый,price,74745,74742
2026-08-15T20:24:23Z,470000000,Актобе,109731154,Canon EOS R7 Body черный,price,611403,611349
2026-08-15T20:24:23Z,470000000,Актобе,120935104,Dream H12 Pro PLUS черный,price,119515,119495
2026-08-15T20:24:23Z,470000000,Актобе,131430159,Наушники Soundcore Liberty 4 PRO черный,price,66372,66369
2026-08-15T20:24:23Z,470000000,Актобе,142884485,Garmin VENU X1 46 мм черный-черный,price,463644,463599
2026-08-15T20:24:23Z,470000000,Актобе,145820746,Roborock S8 Pro RRA0TAL черный,price,114654,114642
2026-08-15T20:24:23Z,470000000,Актобе,145451616,"Dreame H30 Ultra Mix черный, серый",price,162732,162729
2026-08-15T20:24:23Z,470000000,Актобе,154084045,Bambu Lab PLA Matte 1.75 мм 1 кг темно-синий,price,8458,8998
2026-08-15T20:24:23Z,470000000,Актобе,154084045,Bambu Lab PLA Matte 1.75 мм 1 кг темно-синий,discount,14,0
2026-08-15T20:24:23Z,470000000,Актобе,137352961,AULA F75 Black Contour черный,price,23101,23097
2026-08-15T20:24:23Z,470000000,Актобе,134108074,Наушники Soundcore Liberty 4 PRO белый,price,59674,59665
2026-08-15T20:24:23Z,470000000,Актобе,133975075,Garmin Instinct 3 Solar 45 мм черный,price,249849,249841
2026-08-15T20:24:23Z,470000000,Актобе,116455986,Система подачи материалов Bambu Lab AMS - Automatic Material System,price,148988,141539
2026-08-15T20:24:23Z,470000000,Актобе,116455986,Система подачи материалов Bambu Lab AMS - Automatic Material System,discount,0,11
2026-08-15T20:24:23Z,470000000,Актобе,114298557,МФУ Canon I-SENSYS MF461DW 5951C020,price,212596,212593
2026-08-15T20:24:23Z,470000000,Актобе,156555269,Garmin Instinct 3 AMOLED 50 мм черный-синий,price,312937,312934
2026-08-15T20:24:23Z,470000000,Актобе,169144934,Roborock S9+ белый,price,184702,184690
2026-08-15T20:24:23Z,470000000,Актобе,171512267,ONYX BOOX для Go 6 Gen II бежевый,price,10988,10439
2026-08-15T20:24:23Z,470000000,Актобе,171512267,ONYX BOOX для Go 6 Gen II бежевый,discount,22,25
2026-08-15T20:24:23Z,470000000,Актобе,169114829,Roborock S9+ черный,price,184702,184690
2026-08-15T20:24:23Z,470000000,Актобе,124278317,Garmin Fenix 8 Solar 47 мм черный,price,605489,605443
2026-08-15T20:24:23Z,470000000,Актобе,131472928,Портативная колонка Soundcore Boom 2 Plus синий,price,116395,116383
2026-08-15T20:24:23Z,470000000,Актобе,148348291,Canon EOS R50 + RF-S 18-45 mm IS STM,price,329443,329435
2026-08-15T20:24:23Z,470000000,Актобе,169114918,Roborock S9 черный,price,140702,140690
2026-08-15T20:24:23Z,470000000,Актобе,145557809,TECNO SPARK 40C 8 ГБ/256 ГБ белый,price,83055,83052
2026-08-15T20:24:23Z,470000000,Актобе,7300141,Transcend TS1TSJ25H3B 1000 Гб,price,62059,62051
2026-08-15T20:24:23Z,470000000,Актобе,141530670,Xiaomi Smart Band 10 серебристый,price,21927,21924
2026-08-15T20:24:23Z,470000000,Актобе,165935475,ATK Dragonfly A9 Air белый,price,34479,34476
2026-08-15T20:24:23Z,470000000,Актобе,143973797,TECNO SPARK 40C 8 ГБ/128 ГБ белый,price,74789,74773
2026-08-15T20:24:23Z,470000000,Актобе,109310228,Garmin Forerunner 265S 42 мм розовый-розовый,price,281901,281896
2026-08-15T20:24:23Z,470000000,Актобе,130022770,Canon CANOSCAN LIDE 300 черный,price,50891,50879
2026-08-15T20:24:23Z,470000000,Актобе,114237446,Transcend TS256GUSD340S 256 Гб,price,79847,79842
2026-08-15T20:24:23Z,470000000,Актобе,116193383,Garmin Lily 2 Classic 25 мм серебристый-бежевый-бежевый,price,218937,218934
2026-08-15T20:24:23Z,470000000,Актобе,100305103,"Бассейн каркасный Bestway 56082/56424, 400x211x81 см",price,58853,58832
2026-08-15T20:24:23Z,470000000,Актобе,167230393,Наушники Huawei FreeBuds Pro 5 темно-серый,price,79582,79578
2026-08-15T20:24:23Z,470000000,Актобе,110723747,Canon RF 100-400mm f/5.6-8 IS USM,price,390740,390687
2026-08-15T20:24:23Z,470000000,Актобе,116535193,МФУ Canon I-Sensys MF465dw 5951C007AA,price,224786,224772
2026-08-15T20:24:23Z,470000000,Актобе,141046478,Canon EOS R50 + RF-S 18-45 mm IS STM 5811C036,price,329443,329428
2026-08-15T20:24:23Z,470000000,Актобе,109731162,Canon EOS R10 kit RF-S 18–150mm f/3.5–6.3 IS STM,price,591587,591533
2026-08-15T20:24:23Z,470000000,Актобе,113556362,Canon EOS R50 RF-S 18-45 + Kit 55-210 mm,price,574207,574199
2026-08-15T20:24:23Z,470000000,Актобе,143300800,Наушники MOONDROP Aria 2 серебристый,price,48402,48399
2026-08-15T20:24:23Z,470000000,Актобе,132979867,AULA AU75 черный,price,22131,22127
2026-08-15T20:24:23Z,470000000,Актобе,129064979,Canon EOS R100 + RF-S 18-45mm + RF-S 55-210mm,price,455506,455503
2026-08-15T20:24:23Z,470000000,Актобе,113028541,Garmin VENU 3 45 мм белый-белый,price,292997,292994
2026-08-15T20:24:23Z,470000000,Актобе,116788713,Transcend TS1TESD410C 1000 Гб,price,183786,183782
2026-08-15T20:24:23Z,470000000,Актобе,163444484,Huawei nova 15 12 ГБ/256 ГБ белый,price,199876,199873
2026-08-15T20:24:23Z,470000000,Актобе,138584777,Garmin Vivoactive 6 42 мм зеленый,price,206464,206461
2026-08-15T20:24:23Z,470000000,Актобе,15400127,"Бассейн каркасный Bestway Steel Pro Frame 56424, 400x211x81 см",price,58853,58832
2026-08-15T20:24:23Z,470000000,Актобе,110648816,Philips BHS752/00 утюжок 25 мм,price,61946,61943
2026-08-15T20:24:23Z,470000000,Актобе,157683664,Наушники AULA G7 черный,price,12250,12246
2026-08-15T20:24:23Z,470000000,Актобе,106851929,Garmin MARQ Aviator Gen 2 серебристый,price,1476700,1476694
2026-08-15T20:24:23Z,470000000,Актобе,114801730,Canon RF 24mm f/1.8 Macro IS STM,price,272709,272702
2026-08-15T20:24:23Z,470000000,Актобе,143693130,Наушники AULA G7 белый,price,11454,11450
2026-08-15T20:24:23Z,470000000,Актобе,169077113,Roborock S9 белый,price,140702,140690
2026-08-15T20:24:23Z,470000000,Актобе,163483165,Наушники Soundcore Sleep A30 Green зеленый,price,85399,85397
2026-08-15T20:24:23Z,470000000,Актобе,141885718,Garmin Instinct 3 Solar Tactical 45 мм черный,price,289937,289934
2026-08-15T20:24:23Z,470000000,Актобе,128243261,Система подачи материалов Bambu Lab Ams lite,price,132719,132716
2026-08-15T20:24:23Z,470000000,Актобе,163414583,AULA F75 розовый,price,23527,23522
2026-08-15T20:24:23Z,470000000,Актобе,116193133,Garmin Lily 2 Classic 25 мм бордовый-бордовый,price,218937,218934
2026-08-15T20:24:23Z,470000000,Актобе,137761682,AULA SC380 PRO белый,price,11309,11305
2026-08-15T20:24:23Z,470000000,Актобе,171178069,Roborock Saros 20 черный,price,699702,699690
2026-08-15T20:24:23Z,470000000,Актобе,150445434,Sapphire PULSE AMD Radeon RX 9070 16 Гб,price,407658,407646
2026-08-15T20:24:23Z,470000000,Актобе,114176446,POCKET BOOK PB634-3-CIS 6 дюйм 1 Гб красный,price,105608,105605
2026-08-15T20:24:23Z,470000000,Актобе,108430983,Canon EOS R7 Kit 18-150mm черный,price,809837,809745
2026-08-15T20:24:23Z,470000000,Актобе,122265923,Canon EOS R5 Mark II body,price,1729514,1729375
2026-08-15T20:24:23Z,470000000,Актобе,146975796,AULA HERO 68 HE Frosted белый,price,27258,27254
2026-08-15T20:24:23Z,470000000,Актобе,137761585,AULA SC380 PRO черный,price,11132,11127
2026-08-15T20:24:23Z,470000000,Актобе,112143554,Transcend TS128GUSD340S 128 Гб,price,41768,41765
2026-08-15T20:24:23Z,470000000,Актобе,163483158,Наушники Soundcore Sleep A30 White белый,price,89988,85489
2026-08-15T20:24:23Z,470000000,Актобе,114460686,Garmin MARQ Golfer Gen 2 Carbon Edition черный,price,1756207,1756204
2026-08-15T20:24:23Z,470000000,Актобе,122651840,Canon RF-S 55-210mm f/5-7.1 IS STM,price,279356,279352
2026-08-15T20:24:23Z,470000000,Актобе,105544265,Canon RF 70-200mm f/4L IS USM,price,813432,813377
2026-08-15T20:24:23Z,470000000,Актобе,101018992,"Бассейн каркасный Bestway Power Steel 56465, 549x274x122 см",price,267806,267803
2026-08-15T20:24:23Z,470000000,Актобе,112921022,МФУ Canon imageRUNNER 2224 5942C001,price,608805,608802
2026-08-15T20:24:23Z,470000000,Актобе,130022687,Canon CANOSCAN LIDE 400 черный,price,58924,58921
2026-08-15T21:22:37Z,750000000,Алматы,108430990,Canon EOS R6 Mark II Body черный,price,816583,816416
2026-08-15T21:22:37Z,750000000,Алматы,129065160,Наушники REDMI Buds 6 Play розовый,price,6776,6773
2026-08-15T21:22:37Z,750000000,Алматы,147374082,HONOR X9d 12 ГБ/256 ГБ черный,price,237948,237942
2026-08-15T21:22:37Z,750000000,Алматы,134328061,"Видеорегистратор 70mai M310 черный, серый",price,28575,28572
2026-08-15T21:22:37Z,750000000,Алматы,117969957,PXN V99 черный,price,102634,102631
2026-08-15T21:22:37Z,750000000,Алматы,106042231,Наушники Fifine H6 черный,price,20015,20012
2026-08-15T21:22:37Z,750000000,Алматы,106795757,Canon EOS R10 kit 18-45mm IS STM,price,462807,462746
2026-08-15T21:22:37Z,750000000,Алматы,115034062,МФУ Canon i-SENSYS MF275dw,price,185940,185935
2026-08-15T21:22:37Z,750000000,Алматы,7300284,Transcend TS4TSJ25H3P 4000 Гб,price,138214,138212
2026-08-15T21:22:37Z,750000000,Алматы,110151201,Canon EOS R6 Mark II Kit RF 24-105mm F/4-7.1 IS STM черный,price,1079780,1079717
2026-08-15T21:22:37Z,750000000,Алматы,141530632,Xiaomi Smart Band 10 черный,price,21924,21921
2026-08-15T21:22:37Z,750000000,Алматы,119596967,EPOMAKER x AULA F75 черный,price,21354,21350
2026-08-15T21:22:37Z,750000000,Алматы,139895845,Roborock F25 - ACE черный,price,199646,199634
2026-08-15T21:22:37Z,750000000,Алматы,146792191,Midea MD200H90WB/T-C серый,price,266420,266378
2026-08-15T21:22:37Z,750000000,Алматы,140332176,Garmin Forerunner 970 47 мм бежевый-фиолетовый,price,458099,458070
2026-08-15T21:22:37Z,750000000,Алматы,122963224,Garmin Fenix 8 43 мм белый-белый,price,545017,544956
2026-08-15T21:22:37Z,750000000,Алматы,106042325,Микрофон Fifine A6V черный,price,18708,18705
2026-08-15T21:22:37Z,750000000,Алматы,115178468,POCKET BOOK PB629-M-CIS 6 дюйм 8 Гб серый,price,87642,87638
2026-08-15T21:22:37Z,750000000,Алматы,145820693,Roborock S8 Pro RRA0TAL белый,price,114652,114640
2026-08-15T21:22:37Z,750000000,Алматы,132855201,AULA F75 Side-Printed розовый,price,21477,21473
2026-08-15T21:22:37Z,750000000,Алматы,110057315,70mai зарядное устройство для видеорегистратора Midrive UP03 USB Type-C черный,price,8359,8356
2026-08-15T21:22:37Z,750000000,Алматы,133974886,Garmin Instinct E 45 мм серый,price,186934,186931
2026-08-15T21:22:37Z,750000000,Алматы,113029065,Garmin VENU 3S 41 мм розовый-розовый,price,293915,293911
2026-08-15T21:22:37Z,750000000,Алматы,103627190,Canon RF 16mm f/2.8 STM,price,129212,129191
2026-08-15T21:22:37Z,750000000,Алматы,150110690,Sen Sulu blush stick румяна 03 frosted bllom,price,8871,8868
2026-08-15T21:22:37Z,750000000,Алматы,101392231,Wi-Fi точка доступа TP-LINK Deco X20 белый,price,79924,79922
2026-08-15T21:22:37Z,750000000,Алматы,145620660,TECNO SPARK 40C 8 ГБ/128 ГБ серый,price,74904,74890
2026-08-15T21:22:37Z,750000000,Алматы,123942422,Canon RF 35mm f/1.4 L VCM,price,737406,737382
2026-08-15T21:22:37Z,750000000,Алматы,145978939,Внешний аккумулятор Xiaomi Super Slim Magnetic Power Bank 5000 мАч 22.5 Вт WPB0507S фиолетовый,price,18886,18882
2026-08-15T21:22:37Z,750000000,Алматы,141005445,AULA SC620 черный,price,11994,11275
2026-08-15T21:22:37Z,750000000,Алматы,120263286,Bambu Lab PLA Matte 1.75 мм 1 кг черный,price,8945,8942
2026-08-15T21:22:37Z,750000000,Алматы,145978921,Внешний аккумулятор Xiaomi Super Slim Magnetic Power Bank 5000 мАч 22.5 Вт WPB0507S золотистый,price,18888,18884
2026-08-15T21:22:37Z,750000000,Алматы,147392127,Внешний аккумулятор Xiaomi Super Slim Magnetic WPB0507S (BHR08PMGL) 5000 мАч 22.5 Вт черный,price,18877,18873
2026-08-15T21:22:37Z,750000000,Алматы,129319883,Garmin Lily 2 Active 38 мм серебристый-фиолетовый,price,218937,218934
2026-08-15T21:22:37Z,750000000,Алматы,101513764,"Бассейн каркасный Bestway 5612B, 640x274x132 см",price,324456,368699
2026-08-15T21:22:37Z,750000000,Алматы,101513764,"Бассейн каркасный Bestway 5612B, 640x274x132 см",discount,15,0
2026-08-15T21:22:37Z,750000000,Алматы,103492220,"Бассейн каркасный Bestway 56714, 427x250x100 см",price,144668,144665
2026-08-15T21:22:37Z,750000000,Алматы,116631467,"Бассейн каркасный Bestway 561FY, 396x396x107 см",price,116332,116328
2026-08-15T21:22:37Z,750000000,Алматы,163444184,Huawei nova 15 Pro 12 ГБ/512 ГБ белый,price,284879,284876
2026-08-15T21:22:37Z,750000000,Алматы,163444356,Huawei nova 15 12 ГБ/512 ГБ белый,price,199873,199870
2026-08-15T21:22:37Z,750000000,Алматы,167232229,Huawei Watch Fit 5 43 мм серебристый--белый,price,80488,80288
2026-08-15T21:22:37Z,750000000,Алматы,167232188,Huawei Watch Fit 5 43 мм черный,price,80488,80288
2026-08-15T21:22:37Z,750000000,Алматы,15400145,"Бассейн каркасный Bestway Steel Pro Max 56420, 366x122 см",price,134713,134694
2026-08-15T21:22:37Z,750000000,Алматы,118273472,Аэрогриль Xiaomi Smart Air Fryer BHR7357EU 6.5 л черный,price,47903,47900
2026-08-15T21:22:37Z,750000000,Алматы,115287903,DREAME H12 Pro Plus CN черный,price,119484,119487
2026-08-15T21:22:37Z,750000000,Алматы,130251646,Наушники REDMI Buds 6 Play синий,price,6764,6761
2026-08-15T21:22:37Z,750000000,Алматы,148148261,TCL 55P8K 140 см черный,price,325554,329988
2026-08-15T21:22:37Z,750000000,Алматы,151176828,TCL 65V6C 165 см черный,price,318887,329988
2026-08-15T21:22:37Z,750000000,Алматы,151176828,TCL 65V6C 165 см черный,discount,13,10
2026-08-15T21:22:37Z,750000000,Алматы,145557956,TECNO SPARK 40C 8 ГБ/256 ГБ черный,price,84100,84082
2026-08-15T21:22:37Z,750000000,Алматы,132593287,"DREAME H30 Ultra Mix черный, серый",price,162731,162728
2026-08-15T21:22:37Z,750000000,Алматы,137684212,DREAME H30 ULTRA MIX CE серый,price,162729,162721
2026-08-15T21:22:37Z,750000000,Алматы,102158689,Микрофон Fifine T669 черный,price,21674,21662
2026-08-15T21:22:37Z,750000000,Алматы,118273499,Аэрогриль Xiaomi Smart Air Fryer BHR7358EU 6.5 л белый,price,47259,47251
2026-08-15T21:22:37Z,750000000,Алматы,143119833,Midea FSC-900DX стальной,price,227917,227914
2026-08-15T21:22:37Z,750000000,Алматы,145978945,Внешний аккумулятор Xiaomi Super Slim Magnetic Power Bank 5000 мАч 22.5 Вт WPB0507S черный,price,18877,18873
2026-08-15T21:22:37Z,750000000,Алматы,102211273,Midea MH 60P 205 X серебристый,price,33577,33567
2026-08-15T21:22:37Z,750000000,Алматы,148462479,TCL 32S5K 81 см черный,price,119889,119898
2026-08-15T21:22:37Z,750000000,Алматы,123621889,Midea MFK03D105B/S-C серый,price,275210,275193
2026-08-15T21:22:37Z,750000000,Алматы,110349310,Canon EOS R50 Kit 18-45mm f4.5-6.3 IS STM черный,price,329435,329419
2026-08-15T21:22:37Z,750000000,Алматы,115633970,Canon LIDE 300 2995C010 черный,price,50879,50866
2026-08-15T21:22:37Z,750000000,Алматы,15300377,Transcend TS128GSDC300S 128 Gb,price,21571,21568
2026-08-15T21:22:37Z,750000000,Алматы,1500075,Принтер Canon i-SENSYS LBP6030B,price,85599,85596
2026-08-15T21:22:37Z,750000000,Алматы,141746219,Xiaomi Robot Vacuum S40C Е101CDZ белый,price,84871,84868
2026-08-15T21:22:37Z,750000000,Алматы,144488883,Midea MCI-631LB2 черный,price,79572,79606
2026-08-15T21:22:37Z,750000000,Алматы,154255448,"Xiaomi камера видеонаблюдения MJSXJ27CM, 8MP, расширение 3840x2160",price,28180,28176
2026-08-15T21:22:37Z,750000000,Алматы,145553631,Xiaomi Robot Vacuum 5 Pro EU OV21GL белый,price,326101,326123
2026-08-15T21:22:37Z,750000000,Алматы,148148221,TCL 50V6C 127 см черный,price,219760,219754
2026-08-15T21:22:37Z,750000000,Алматы,137060417,AULA F75 MAX черный,price,27405,27400
2026-08-15T21:22:37Z,750000000,Алматы,101149860,Canon EOS RP RF 24-105 F4-7.1 IS STM,price,545398,545344
2026-08-15T21:22:37Z,750000000,Алматы,154027559,"Xiaomi камера видеонаблюдения C201 MBC27, 2MP, расширение 1920x1080",price,13174,13170
2026-08-15T21:22:37Z,750000000,Алматы,113404917,POCKET BOOK InkPad 4 7.8 дюйм 32 Гб серебристый,price,164673,164670
2026-08-15T21:22:37Z,750000000,Алматы,112245834,Canon EOS R8 Body черный,price,602913,602770
2026-08-15T21:22:37Z,750000000,Алматы,147987810,Huawei WATCH GT 6 41 мм золотистый-белый,price,105686,105488
2026-08-15T21:22:37Z,750000000,Алматы,166975826,HONOR 600 Pro 12 ГБ/512 ГБ черный,price,548706,548700
2026-08-15T21:22:37Z,750000000,Алматы,112301355,МФУ Canon MAXIFY GX3040,price,123857,123853
2026-08-15T21:22:37Z,750000000,Алматы,103313279,Очиститель воздуха SmartMi Smartmi Air Purifier P1 серый,price,55142,55130
2026-08-15T21:22:37Z,750000000,Алматы,147986879,Huawei WATCH GT 6 41 мм золотистый-золотистый,price,115486,115288
2026-08-15T21:22:37Z,750000000,Алматы,151096402,Garmin Fenix 8 Pro 47 мм черный,price,653744,653715
2026-08-15T21:22:37Z,750000000,Алматы,140332288,Garmin Forerunner 970 47 мм черный,price,449170,449150
2026-08-15T21:22:37Z,750000000,Алматы,138584959,Garmin Vivoactive 6 42 мм бежевый,price,205994,205991
2026-08-15T21:22:37Z,750000000,Алматы,139307969,Кофемашина Xiaomi Semi-Automatic Espresso Machine серебристый,price,61263,61260
2026-08-15T21:22:37Z,750000000,Алматы,120554885,Xiaomi Robot Vacuum S20+ белый,price,131004,131002
2026-08-15T21:22:37Z,750000000,Алматы,149031743,ZTE Nubia RedMagic Astra 9.06 дюйм 24 Гб/1024 Гб черный,price,569883,569880
2026-08-15T21:22:37Z,750000000,Алматы,109310071,Garmin Forerunner 265S 42 мм белый-белый,price,275103,275081
2026-08-15T21:22:37Z,750000000,Алматы,134108182,Портативная колонка Soundcore Select 4 Go черный,price,13261,13259
2026-08-15T21:22:37Z,750000000,Алматы,113029701,Garmin VENU 3S белый,price,278672,278660
2026-08-15T21:22:37Z,750000000,Алматы,118179738,Canon EOS R50 RF-S 15-45 IS STM черный,price,329435,329419
2026-08-15T21:22:37Z,750000000,Алматы,138585258,Garmin Vivoactive 6 42 мм черный,price,199481,199477
2026-08-15T21:22:37Z,750000000,Алматы,114761211,Fifine SC3,price,25329,25325
2026-08-15T21:22:37Z,750000000,Алматы,112972977,Видеорегистратор 70mai A810 черный,price,99948,99945
2026-08-15T21:22:37Z,750000000,Алматы,153277705,TCL 75V6C 191 см черный,price,422840,422837
2026-08-15T21:22:37Z,750000000,Алматы,122963617,Garmin Fenix 8 47 мм черный,price,605600,605556
2026-08-15T21:22:37Z,750000000,Алматы,142719480,"27"" Xiaomi 4K Monitor 27 A27Ui-EU P27UCB-RAGL черный",price,144922,144916
2026-08-15T21:22:37Z,750000000,Алматы,140597312,Midea MDWF-6029СLS серый,price,224590,229898
2026-08-15T21:22:37Z,750000000,Алматы,7300020,Transcend TS1TSJ25H3P 1000 Гб,price,63125,63122
2026-08-15T21:22:37Z,750000000,Алматы,163510365,HONOR 600 Lite 8 ГБ/256 ГБ черный,price,209664,209645
2026-08-15T21:22:37Z,750000000,Алматы,122966507,Garmin Fenix 8 51 мм черно-серый,price,653072,653023
2026-08-15T21:22:37Z,750000000,Алматы,143300737,Наушники MOONDROP Rays фиолетовый,price,47236,47233
2026-08-15T21:22:37Z,750000000,Алматы,151096352,Garmin Fenix 8 Pro 51 мм серебристый-серый,price,731226,731218
2026-08-15T21:22:37Z,750000000,Алматы,109310183,Garmin Forerunner 265S 42 мм черный-черный,price,268842,268815
2026-08-15T21:22:37Z,750000000,Алматы,122962879,Garmin Fenix 8 51 мм черный,price,607381,607365
2026-08-15T21:22:37Z,750000000,Алматы,109351561,Garmin Forerunner 965 белый,price,373585,373582
2026-08-15T21:22:37Z,750000000,Алматы,106852140,Garmin MARQ Golfer Gen 2 серебристый-зеленый-зеленый,price,1410751,1410701
2026-08-15T21:22:37Z,750000000,Алматы,152036275,HONOR Magic8 Pro 12 ГБ/512 ГБ черный,price,618585,618581
2026-08-15T21:22:37Z,750000000,Алматы,143300811,Наушники MOONDROP Aria 2 красный,price,49579,49576
2026-08-15T21:22:37Z,750000000,Алматы,154805003,Realme GT 8 Pro 16 ГБ/512 ГБ синий,price,599962,599960
2026-08-15T21:22:37Z,750000000,Алматы,101317689,Canon LIDE 400 2996C010 черный,price,58921,58918
2026-08-15T21:22:37Z,750000000,Алматы,120134606,AULA F75 Side-Printed голубой,price,22542,22538
2026-08-15T21:22:37Z,750000000,Алматы,128745315,Midea MF200W90WB/T-C серый,price,220903,220887
2026-08-15T21:22:37Z,750000000,Алматы,109719960,Transcend TS250GESD260C 250 ГБ,price,41728,41725
2026-08-15T21:22:37Z,750000000,Алматы,140332233,Garmin Forerunner 970 47 мм белый-зеленый,price,455374,455342
2026-08-15T21:22:37Z,750000000,Алматы,148005901,Huawei WATCH GT 6 46 мм серебристый-зеленый,price,94383,94380
2026-08-15T21:22:37Z,750000000,Алматы,139561340,AULA HERO 68 HE белый,price,20676,20671
2026-08-15T21:22:37Z,750000000,Алматы,139955883,Huawei WATCH FIT 4 Pro 44 мм серебристый-зеленый,price,74742,74733
2026-08-15T21:22:37Z,750000000,Алматы,109731154,Canon EOS R7 Body черный,price,611349,611290
2026-08-15T21:22:37Z,750000000,Алматы,120935104,Dream H12 Pro PLUS черный,price,119495,119487
2026-08-15T21:22:37Z,750000000,Алматы,131430159,Наушники Soundcore Liberty 4 PRO черный,price,66369,66366
2026-08-15T21:22:37Z,750000000,Алматы,142884485,Garmin VENU X1 46 мм черный-черный,price,463599,463509
2026-08-15T21:22:37Z,750000000,Алматы,145820746,Roborock S8 Pro RRA0TAL черный,price,114642,114630
2026-08-15T21:22:37Z,750000000,Алматы,145451616,"Dreame H30 Ultra Mix черный, серый",price,162729,162721
2026-08-15T21:22:37Z,750000000,Алматы,154084045,Bambu Lab PLA Matte 1.75 мм 1 кг темно-синий,price,8998,8458
2026-08-15T21:22:37Z,750000000,Алматы,154084045,Bambu Lab PLA Matte 1.75 мм 1 кг темно-синий,discount,0,14
2026-08-15T21:22:37Z,750000000,Алматы,137352961,AULA F75 Black Contour черный,price,23097,23093
2026-08-15T21:22:37Z,750000000,Алматы,133975075,Garmin Instinct 3 Solar 45 мм черный,price,249841,249833
2026-08-15T21:22:37Z,750000000,Алматы,116455986,Система подачи материалов Bambu Lab AMS - Automatic Material System,price,141539,148988
2026-08-15T21:22:37Z,750000000,Алматы,116455986,Система подачи материалов Bambu Lab AMS - Automatic Material System,discount,11,0
2026-08-15T21:22:37Z,750000000,Алматы,114298557,МФУ Canon I-SENSYS MF461DW 5951C020,price,212593,212590
2026-08-15T21:22:37Z,750000000,Алматы,156555269,Garmin Instinct 3 AMOLED 50 мм черный-синий,price,312934,312931
2026-08-15T21:22:37Z,750000000,Алматы,169144934,Roborock S9+ белый,price,184690,184678
2026-08-15T21:22:37Z,750000000,Алматы,171512267,ONYX BOOX для Go 6 Gen II бежевый,price,10439,10988
2026-08-15T21:22:37Z,750000000,Алматы,171512267,ONYX BOOX для Go 6 Gen II бежевый,discount,25,22
2026-08-15T21:22:37Z,750000000,Алматы,169114829,Roborock S9+ черный,price,184690,184678
2026-08-15T21:22:37Z,750000000,Алматы,124278317,Garmin Fenix 8 Solar 47 мм черный,price,605460,605405
2026-08-15T21:22:37Z,750000000,Алматы,131472928,Портативная колонка Soundcore Boom 2 Plus синий,price,116383,116371
2026-08-15T21:22:37Z,750000000,Алматы,148348291,Canon EOS R50 + RF-S 18-45 mm IS STM,price,329435,329419
2026-08-15T21:22:37Z,750000000,Алматы,169114918,Roborock S9 черный,price,140690,140678
2026-08-15T21:22:37Z,750000000,Алматы,145557809,TECNO SPARK 40C 8 ГБ/256 ГБ белый,price,83052,83049
2026-08-15T21:22:37Z,750000000,Алматы,7300141,Transcend TS1TSJ25H3B 1000 Гб,price,62051,62041
2026-08-15T21:22:37Z,750000000,Алматы,141530670,Xiaomi Smart Band 10 серебристый,price,21924,21921
2026-08-15T21:22:37Z,750000000,Алматы,148148023,TCL 43V6C 109 см черный,price,179979,179988
2026-08-15T21:22:37Z,750000000,Алматы,165935475,ATK Dragonfly A9 Air белый,price,34476,34473
2026-08-15T21:22:37Z,750000000,Алматы,143973797,TECNO SPARK 40C 8 ГБ/128 ГБ белый,price,74773,74752
2026-08-15T21:22:37Z,750000000,Алматы,109310228,Garmin Forerunner 265S 42 мм розовый-розовый,price,281896,281891
2026-08-15T21:22:37Z,750000000,Алматы,130022770,Canon CANOSCAN LIDE 300 черный,price,50879,50866
2026-08-15T21:22:37Z,750000000,Алматы,114237446,Transcend TS256GUSD340S 256 Гб,price,79842,79837
2026-08-15T21:22:37Z,750000000,Алматы,116193383,Garmin Lily 2 Classic 25 мм серебристый-бежевый-бежевый,price,218934,218931
2026-08-15T21:22:37Z,750000000,Алматы,100305103,"Бассейн каркасный Bestway 56082/56424, 400x211x81 см",price,58832,58811
2026-08-15T21:22:37Z,750000000,Алматы,167230393,Наушники Huawei FreeBuds Pro 5 темно-серый,price,79578,79386
2026-08-15T21:22:37Z,750000000,Алматы,110723747,Canon RF 100-400mm f/5.6-8 IS USM,price,390687,390634
2026-08-15T21:22:37Z,750000000,Алматы,116535193,МФУ Canon I-Sensys MF465dw 5951C007AA,price,224772,224751
2026-08-15T21:22:37Z,750000000,Алматы,141046478,Canon EOS R50 + RF-S 18-45 mm IS STM 5811C036,price,329435,329415
2026-08-15T21:22:37Z,750000000,Алматы,109731162,Canon EOS R10 kit RF-S 18–150mm f/3.5–6.3 IS STM,price,591533,591466
2026-08-15T21:22:37Z,750000000,Алматы,113556362,Canon EOS R50 RF-S 18-45 + Kit 55-210 mm,price,574199,574189
2026-08-15T21:22:37Z,750000000,Алматы,143300800,Наушники MOONDROP Aria 2 серебристый,price,48399,48396
2026-08-15T21:22:37Z,750000000,Алматы,132979867,AULA AU75 черный,price,22127,22123
2026-08-15T21:22:37Z,750000000,Алматы,129064979,Canon EOS R100 + RF-S 18-45mm + RF-S 55-210mm,price,455503,455500
2026-08-15T21:22:37Z,750000000,Алматы,113028541,Garmin VENU 3 45 мм белый-белый,price,292994,292991
2026-08-15T21:22:37Z,750000000,Алматы,116788713,Transcend TS1TESD410C 1000 Гб,price,183782,183778
2026-08-15T21:22:37Z,750000000,Алматы,163444484,Huawei nova 15 12 ГБ/256 ГБ белый,price,199873,199870
2026-08-15T21:22:37Z,750000000,Алматы,138584777,Garmin Vivoactive 6 42 мм зеленый,price,206461,206458
2026-08-15T21:22:37Z,750000000,Алматы,15400127,"Бассейн каркасный Bestway Steel Pro Frame 56424, 400x211x81 см",price,58832,58811
2026-08-15T21:22:37Z,750000000,Алматы,110648816,Philips BHS752/00 утюжок 25 мм,price,61943,61940
2026-08-15T21:22:37Z,750000000,Алматы,157683664,Наушники AULA G7 черный,price,12246,12242
2026-08-15T21:22:37Z,750000000,Алматы,106851929,Garmin MARQ Aviator Gen 2 серебристый,price,1476693,1476678
2026-08-15T21:22:37Z,750000000,Алматы,114801730,Canon RF 24mm f/1.8 Macro IS STM,price,272702,272687
2026-08-15T21:22:37Z,750000000,Алматы,143693130,Наушники AULA G7 белый,price,11450,11446
2026-08-15T21:22:37Z,750000000,Алматы,169077113,Roborock S9 белый,price,140690,140678
2026-08-15T21:22:37Z,750000000,Алматы,163483165,Наушники Soundcore Sleep A30 Green зеленый,price,85397,85395
2026-08-15T21:22:37Z,750000000,Алматы,141885718,Garmin Instinct 3 Solar Tactical 45 мм черный,price,289934,289931
2026-08-15T21:22:37Z,750000000,Алматы,128243261,Система подачи материалов Bambu Lab Ams lite,price,132716,132713
2026-08-15T21:22:37Z,750000000,Алматы,163414583,AULA F75 розовый,price,23522,23517
2026-08-15T21:22:37Z,750000000,Алматы,116193133,Garmin Lily 2 Classic 25 мм бордовый-бордовый,price,218934,218931
2026-08-15T21:22:37Z,750000000,Алматы,137761682,AULA SC380 PRO белый,price,11305,11301
2026-08-15T21:22:37Z,750000000,Алматы,171178069,Roborock Saros 20 черный,price,699690,699678
2026-08-15T21:22:37Z,750000000,Алматы,150445434,Sapphire PULSE AMD Radeon RX 9070 16 Гб,price,407646,407634
2026-08-15T21:22:37Z,750000000,Алматы,114176446,POCKET BOOK PB634-3-CIS 6 дюйм 1 Гб красный,price,105605,105602
2026-08-15T21:22:37Z,750000000,Алматы,108430983,Canon EOS R7 Kit 18-150mm черный,price,809767,809688
2026-08-15T21:22:37Z,750000000,Алматы,122265923,Canon EOS R5 Mark II body,price,1729395,1729301
2026-08-15T21:22:37Z,750000000,Алматы,146975796,AULA HERO 68 HE Frosted белый,price,27254,27250
2026-08-15T21:22:37Z,750000000,Алматы,137761585,AULA SC380 PRO черный,price,11127,11122
2026-08-15T21:22:37Z,750000000,Алматы,112143554,Transcend TS128GUSD340S 128 Гб,price,41765,41762
2026-08-15T21:22:37Z,750000000,Алматы,163483158,Наушники Soundcore Sleep A30 White белый,price,85489,89988
2026-08-15T21:22:37Z,750000000,Алматы,114460686,Garmin MARQ Golfer Gen 2 Carbon Edition черный,price,1756204,1756201
2026-08-15T21:22:37Z,750000000,Алматы,140932721,Midea MID60S350i-C серый,price,221494,221492
2026-08-15T21:22:37Z,750000000,Алматы,122651840,Canon RF-S 55-210mm f/5-7.1 IS STM,price,279352,279348
2026-08-15T21:22:37Z,750000000,Алматы,105544265,Canon RF 70-200mm f/4L IS USM,price,813377,813320
2026-08-15T21:22:37Z,750000000,Алматы,101018992,"Бассейн каркасный Bestway Power Steel 56465, 549x274x122 см",price,267803,267800
2026-08-15T21:22:37Z,750000000,Алматы,112921022,МФУ Canon imageRUNNER 2224 5942C001,price,608802,608799
2026-08-15T21:22:37Z,750000000,Алматы,130022687,Canon CANOSCAN LIDE 400 черный,price,58921,58918
2026-08-15T21:22:37Z,710000000,Астана,108430990,Canon EOS R6 Mark II Body черный,price,816583,816416
2026-08-15T21:22:37Z,710000000,Астана,129065160,Наушники REDMI Buds 6 Play розовый,price,6776,6773
2026-08-15T21:22:37Z,710000000,Астана,147374082,HONOR X9d 12 ГБ/256 ГБ черный,price,237948,237942
2026-08-15T21:22:37Z,710000000,Астана,134328061,"Видеорегистратор 70mai M310 черный, серый",price,28575,28572
2026-08-15T21:22:37Z,710000000,Астана,117969957,PXN V99 черный,price,102634,102631
2026-08-15T21:22:37Z,710000000,Астана,106042231,Наушники Fifine H6 черный,price,20015,20012
2026-08-15T21:22:37Z,710000000,Астана,106795757,Canon EOS R10 kit 18-45mm IS STM,price,462806,462706
2026-08-15T21:22:37Z,710000000,Астана,115034062,МФУ Canon i-SENSYS MF275dw,price,185940,185935
2026-08-15T21:22:37Z,710000000,Астана,7300284,Transcend TS4TSJ25H3P 4000 Гб,price,138214,138212
2026-08-15T21:22:37Z,710000000,Астана,110151201,Canon EOS R6 Mark II Kit RF 24-105mm F/4-7.1 IS STM черный,price,1079780,1079717
2026-08-15T21:22:37Z,710000000,Астана,141530632,Xiaomi Smart Band 10 черный,price,21924,21921
2026-08-15T21:22:37Z,710000000,Астана,119596967,EPOMAKER x AULA F75 черный,price,21354,21350
2026-08-15T21:22:37Z,710000000,Астана,139895845,Roborock F25 - ACE черный,price,199646,199634
2026-08-15T21:22:37Z,710000000,Астана,146792191,Midea MD200H90WB/T-C серый,price,266420,266378
2026-08-15T21:22:37Z,710000000,Астана,140332176,Garmin Forerunner 970 47 мм бежевый-фиолетовый,price,458099,458070
2026-08-15T21:22:37Z,710000000,Астана,122963224,Garmin Fenix 8 43 мм белый-белый,price,545017,544956
2026-08-15T21:22:37Z,710000000,Астана,106042325,Микрофон Fifine A6V черный,price,18708,18705
2026-08-15T21:22:37Z,710000000,Астана,115178468,POCKET BOOK PB629-M-CIS 6 дюйм 8 Гб серый,price,87642,87638
2026-08-15T21:22:37Z,710000000,Астана,145820693,Roborock S8 Pro RRA0TAL белый,price,114652,114640
2026-08-15T21:22:37Z,710000000,Астана,132855201,AULA F75 Side-Printed розовый,price,21477,21473
2026-08-15T21:22:37Z,710000000,Астана,110057315,70mai зарядное устройство для видеорегистратора Midrive UP03 USB Type-C черный,price,8359,8356
2026-08-15T21:22:37Z,710000000,Астана,133974886,Garmin Instinct E 45 мм серый,price,186934,186931
2026-08-15T21:22:37Z,710000000,Астана,113029065,Garmin VENU 3S 41 мм розовый-розовый,price,293915,293911
2026-08-15T21:22:37Z,710000000,Астана,103627190,Canon RF 16mm f/2.8 STM,price,129212,129191
2026-08-15T21:22:37Z,710000000,Астана,150110690,Sen Sulu blush stick румяна 03 frosted bllom,price,8871,8868
2026-08-15T21:22:37Z,710000000,Астана,101392231,Wi-Fi точка доступа TP-LINK Deco X20 белый,price,79924,79922
2026-08-15T21:22:37Z,710000000,Астана,145620660,TECNO SPARK 40C 8 ГБ/128 ГБ серый,price,74904,74890
2026-08-15T21:22:37Z,710000000,Астана,123942422,Canon RF 35mm f/1.4 L VCM,price,737406,737382
2026-08-15T21:22:37Z,710000000,Астана,145978939,Внешний аккумулятор Xiaomi Super Slim Magnetic Power Bank 5000 мАч 22.5 Вт WPB0507S фиолетовый,price,18886,18882
2026-08-15T21:22:37Z,710000000,Астана,141005445,AULA SC620 черный,price,11994,11275
2026-08-15T21:22:37Z,710000000,Астана,120263286,Bambu Lab PLA Matte 1.75 мм 1 кг черный,price,8945,8942
2026-08-15T21:22:37Z,710000000,Астана,145978921,Внешний аккумулятор Xiaomi Super Slim Magnetic Power Bank 5000 мАч 22.5 Вт WPB0507S золотистый,price,18888,18884
2026-08-15T21:22:37Z,710000000,Астана,147392127,Внешний аккумулятор Xiaomi Super Slim Magnetic WPB0507S (BHR08PMGL) 5000 мАч 22.5 Вт черный,price,18877,18873
2026-08-15T21:22:37Z,710000000,Астана,129319883,Garmin Lily 2 Active 38 мм серебристый-фиолетовый,price,218937,218934
2026-08-15T21:22:37Z,710000000,Астана,101513764,"Бассейн каркасный Bestway 5612B, 640x274x132 см",price,324456,368699
2026-08-15T21:22:37Z,710000000,Астана,101513764,"Бассейн каркасный Bestway 5612B, 640x274x132 см",discount,15,0
2026-08-15T21:22:37Z,710000000,Астана,103492220,"Бассейн каркасный Bestway 56714, 427x250x100 см",price,144668,144665
2026-08-15T21:22:37Z,710000000,Астана,116631467,"Бассейн каркасный Bestway 561FY, 396x396x107 см",price,116332,116328
2026-08-15T21:22:37Z,710000000,Астана,163444184,Huawei nova 15 Pro 12 ГБ/512 ГБ белый,price,284879,284876
2026-08-15T21:22:37Z,710000000,Астана,163444356,Huawei nova 15 12 ГБ/512 ГБ белый,price,199873,199870
2026-08-15T21:22:37Z,710000000,Астана,167232229,Huawei Watch Fit 5 43 мм серебристый--белый,price,80488,80288
2026-08-15T21:22:37Z,710000000,Астана,167232188,Huawei Watch Fit 5 43 мм черный,price,80488,80288
2026-08-15T21:22:37Z,710000000,Астана,15400145,"Бассейн каркасный Bestway Steel Pro Max 56420, 366x122 см",price,134713,134694
2026-08-15T21:22:37Z,710000000,Астана,118273472,Аэрогриль Xiaomi Smart Air Fryer BHR7357EU 6.5 л черный,price,47903,47900
2026-08-15T21:22:37Z,710000000,Астана,115287903,DREAME H12 Pro Plus CN черный,price,119484,119487
2026-08-15T21:22:37Z,710000000,Астана,130251646,Наушники REDMI Buds 6 Play синий,price,6764,6761
2026-08-15T21:22:37Z,710000000,Астана,148148261,TCL 55P8K 140 см черный,price,325554,329988
2026-08-15T21:22:37Z,710000000,Астана,151176828,TCL 65V6C 165 см черный,price,318887,329988
2026-08-15T21:22:37Z,710000000,Астана,151176828,TCL 65V6C 165 см черный,discount,13,10
2026-08-15T21:22:37Z,710000000,Астана,145557956,TECNO SPARK 40C 8 ГБ/256 ГБ черный,price,84100,84082
2026-08-15T21:22:37Z,710000000,Астана,132593287,"DREAME H30 Ultra Mix черный, серый",price,162731,162721
2026-08-15T21:22:37Z,710000000,Астана,137684212,DREAME H30 ULTRA MIX CE серый,price,162729,162721
2026-08-15T21:22:37Z,710000000,Астана,102158689,Микрофон Fifine T669 черный,price,21674,21662
2026-08-15T21:22:37Z,710000000,Астана,118273499,Аэрогриль Xiaomi Smart Air Fryer BHR7358EU 6.5 л белый,price,47259,47251
2026-08-15T21:22:37Z,710000000,Астана,143119833,Midea FSC-900DX стальной,price,227917,227914
2026-08-15T21:22:37Z,710000000,Астана,145978945,Внешний аккумулятор Xiaomi Super Slim Magnetic Power Bank 5000 мАч 22.5 Вт WPB0507S черный,price,18877,18873
2026-08-15T21:22:37Z,710000000,Астана,102211273,Midea MH 60P 205 X серебристый,price,33577,33567
2026-08-15T21:22:37Z,710000000,Астана,148462479,TCL 32S5K 81 см черный,price,119889,119898
2026-08-15T21:22:37Z,710000000,Астана,123621889,Midea MFK03D105B/S-C серый,price,275210,275193
2026-08-15T21:22:37Z,710000000,Астана,110349310,Canon EOS R50 Kit 18-45mm f4.5-6.3 IS STM черный,price,329435,329419
2026-08-15T21:22:37Z,710000000,Астана,115633970,Canon LIDE 300 2995C010 черный,price,50879,50866
2026-08-15T21:22:37Z,710000000,Астана,15300377,Transcend TS128GSDC300S 128 Gb,price,21571,21568
2026-08-15T21:22:37Z,710000000,Астана,1500075,Принтер Canon i-SENSYS LBP6030B,price,85599,85596
2026-08-15T21:22:37Z,710000000,Астана,141746219,Xiaomi Robot Vacuum S40C Е101CDZ белый,price,84871,84868
2026-08-15T21:22:37Z,710000000,Астана,144488883,Midea MCI-631LB2 черный,price,79572,79606
2026-08-15T21:22:37Z,710000000,Астана,154255448,"Xiaomi камера видеонаблюдения MJSXJ27CM, 8MP, расширение 3840x2160",price,28180,28176
2026-08-15T21:22:37Z,710000000,Астана,145553631,Xiaomi Robot Vacuum 5 Pro EU OV21GL белый,price,326101,326123
2026-08-15T21:22:37Z,710000000,Астана,148148221,TCL 50V6C 127 см черный,price,219760,219754
2026-08-15T21:22:37Z,710000000,Астана,137060417,AULA F75 MAX черный,price,27405,27400
2026-08-15T21:22:37Z,710000000,Астана,101149860,Canon EOS RP RF 24-105 F4-7.1 IS STM,price,545398,545313
2026-08-15T21:22:37Z,710000000,Астана,154027559,"Xiaomi камера видеонаблюдения C201 MBC27, 2MP, расширение 1920x1080",price,13174,13170
2026-08-15T21:22:37Z,710000000,Астана,113404917,POCKET BOOK InkPad 4 7.8 дюйм 32 Гб серебристый,price,164673,164670
2026-08-15T21:22:37Z,710000000,Астана,112245834,Canon EOS R8 Body черный,price,602913,602770
2026-08-15T21:22:37Z,710000000,Астана,166975826,HONOR 600 Pro 12 ГБ/512 ГБ черный,price,548706,548700
2026-08-15T21:22:37Z,710000000,Астана,112301355,МФУ Canon MAXIFY GX3040,price,123857,123853
2026-08-15T21:22:37Z,710000000,Астана,103313279,Очиститель воздуха SmartMi Smartmi Air Purifier P1 серый,price,55142,55130
2026-08-15T21:22:37Z,710000000,Астана,147986879,Huawei WATCH GT 6 41 мм золотистый-золотистый,price,115486,115288
2026-08-15T21:22:37Z,710000000,Астана,151096402,Garmin Fenix 8 Pro 47 мм черный,price,653744,653715
2026-08-15T21:22:37Z,710000000,Астана,140332288,Garmin Forerunner 970 47 мм черный,price,449170,449150
2026-08-15T21:22:37Z,710000000,Астана,138584959,Garmin Vivoactive 6 42 мм бежевый,price,205994,205991
2026-08-15T21:22:37Z,710000000,Астана,139307969,Кофемашина Xiaomi Semi-Automatic Espresso Machine серебристый,price,61263,61260
2026-08-15T21:22:37Z,710000000,Астана,120554885,Xiaomi Robot Vacuum S20+ белый,price,131004,131002
2026-08-15T21:22:37Z,710000000,Астана,149031743,ZTE Nubia RedMagic Astra 9.06 дюйм 24 Гб/1024 Гб черный,price,569883,569880
2026-08-15T21:22:37Z,710000000,Астана,109310071,Garmin Forerunner 265S 42 мм белый-белый,price,275103,275081
2026-08-15T21:22:37Z,710000000,Астана,134108182,Портативная колонка Soundcore Select 4 Go черный,price,13261,13259
2026-08-15T21:22:37Z,710000000,Астана,113029701,Garmin VENU 3S белый,price,278672,278660
2026-08-15T21:22:37Z,710000000,Астана,118179738,Canon EOS R50 RF-S 15-45 IS STM черный,price,329435,329419
2026-08-15T21:22:37Z,710000000,Астана,138585258,Garmin Vivoactive 6 42 мм черный,price,199481,199477
2026-08-15T21:22:37Z,710000000,Астана,114761211,Fifine SC3,price,25329,25325
2026-08-15T21:22:37Z,710000000,Астана,112972977,Видеорегистратор 70mai A810 черный,price,99948,99945
2026-08-15T21:22:37Z,710000000,Астана,153277705,TCL 75V6C 191 см черный,price,422840,422837
2026-08-15T21:22:37Z,710000000,Астана,122963617,Garmin Fenix 8 47 мм черный,price,605600,605543
2026-08-15T21:22:37Z,710000000,Астана,142719480,"27"" Xiaomi 4K Monitor 27 A27Ui-EU P27UCB-RAGL черный",price,144922,144916
2026-08-15T21:22:37Z,710000000,Астана,140597312,Midea MDWF-6029СLS серый,price,224590,229898
2026-08-15T21:22:37Z,710000000,Астана,7300020,Transcend TS1TSJ25H3P 1000 Гб,price,63125,63122
2026-08-15T21:22:37Z,710000000,Астана,163510365,HONOR 600 Lite 8 ГБ/256 ГБ черный,price,209664,209645
2026-08-15T21:22:37Z,710000000,Астана,122966507,Garmin Fenix 8 51 мм черно-серый,price,653072,653023
2026-08-15T21:22:37Z,710000000,Астана,143300737,Наушники MOONDROP Rays фиолетовый,price,47236,47233
2026-08-15T21:22:37Z,710000000,Астана,151096352,Garmin Fenix 8 Pro 51 мм серебристый-серый,price,731226,731218
2026-08-15T21:22:37Z,710000000,Астана,109310183,Garmin Forerunner 265S 42 мм черный-черный,price,268842,268815
2026-08-15T21:22:37Z,710000000,Астана,122962879,Garmin Fenix 8 51 мм черный,price,607381,607365
2026-08-15T21:22:37Z,710000000,Астана,109351561,Garmin Forerunner 965 белый,price,373585,373582
2026-08-15T21:22:37Z,710000000,Астана,106852140,Garmin MARQ Golfer Gen 2 серебристый-зеленый-зеленый,price,1410751,1410701
2026-08-15T21:22:37Z,710000000,Астана,152036275,HONOR Magic8 Pro 12 ГБ/512 ГБ черный,price,618585,618581
2026-08-15T21:22:37Z,710000000,Астана,143300811,Наушники MOONDROP Aria 2 красный,price,49579,49576
2026-08-15T21:22:37Z,710000000,Астана,154805003,Realme GT 8 Pro 16 ГБ/512 ГБ синий,price,599962,599960
2026-08-15T21:22:37Z,710000000,Астана,101317689,Canon LIDE 400 2996C010 черный,price,58921,58918
2026-08-15T21:22:37Z,710000000,Астана,120134606,AULA F75 Side-Printed голубой,price,22542,22538
2026-08-15T21:22:37Z,710000000,Астана,128745315,Midea MF200W90WB/T-C серый,price,220903,220887
2026-08-15T21:22:37Z,710000000,Астана,109719960,Transcend TS250GESD260C 250 ГБ,price,41728,41725
2026-08-15T21:22:37Z,710000000,Астана,140332233,Garmin Forerunner 970 47 мм белый-зеленый,price,455374,455342
2026-08-15T21:22:37Z,710000000,Астана,148005901,Huawei WATCH GT 6 46 мм серебристый-зеленый,price,94383,94380
2026-08-15T21:22:37Z,710000000,Астана,139561340,AULA HERO 68 HE белый,price,20676,20671
2026-08-15T21:22:37Z,710000000,Астана,139955883,Huawei WATCH FIT 4 Pro 44 мм серебристый-зеленый,price,74742,74739
2026-08-15T21:22:37Z,710000000,Астана,109731154,Canon EOS R7 Body черный,price,611349,611290
2026-08-15T21:22:37Z,710000000,Астана,120935104,Dream H12 Pro PLUS черный,price,119495,119487
2026-08-15T21:22:37Z,710000000,Астана,131430159,Наушники Soundcore Liberty 4 PRO черный,price,66369,66366
2026-08-15T21:22:37Z,710000000,Астана,142884485,Garmin VENU X1 46 мм черный-черный,price,463599,463509
2026-08-15T21:22:37Z,710000000,Астана,145820746,Roborock S8 Pro RRA0TAL черный,price,114642,114630
2026-08-15T21:22:37Z,710000000,Астана,145451616,"Dreame H30 Ultra Mix черный, серый",price,162729,162721
2026-08-15T21:22:37Z,710000000,Астана,154084045,Bambu Lab PLA Matte 1.75 мм 1 кг темно-синий,price,8998,8458
2026-08-15T21:22:37Z,710000000,Астана,154084045,Bambu Lab PLA Matte 1.75 мм 1 кг темно-синий,discount,0,15
2026-08-15T21:22:37Z,710000000,Астана,137352961,AULA F75 Black Contour черный,price,23097,23093
2026-08-15T21:22:37Z,710000000,Астана,133975075,Garmin Instinct 3 Solar 45 мм черный,price,249841,249833
2026-08-15T21:22:37Z,710000000,Астана,116455986,Система подачи материалов Bambu Lab AMS - Automatic Material System,price,141539,148988
2026-08-15T21:22:37Z,710000000,Астана,116455986,Система подачи материалов Bambu Lab AMS - Automatic Material System,discount,11,0
2026-08-15T21:22:37Z,710000000,Астана,114298557,МФУ Canon I-SENSYS MF461DW 5951C020,price,212593,212590
2026-08-15T21:22:37Z,710000000,Астана,156555269,Garmin Instinct 3 AMOLED 50 мм черный-синий,price,312934,312931
2026-08-15T21:22:37Z,710000000,Астана,169144934,Roborock S9+ белый,price,184690,184678
2026-08-15T21:22:37Z,710000000,Астана,171512267,ONYX BOOX для Go 6 Gen II бежевый,price,10439,10988
2026-08-15T21:22:37Z,710000000,Астана,171512267,ONYX BOOX для Go 6 Gen II бежевый,discount,25,22
2026-08-15T21:22:37Z,710000000,Астана,169114829,Roborock S9+ черный,price,184690,184678
2026-08-15T21:22:37Z,710000000,Астана,124278317,Garmin Fenix 8 Solar 47 мм черный,price,605443,605405
2026-08-15T21:22:37Z,710000000,Астана,131472928,Портативная колонка Soundcore Boom 2 Plus синий,price,116383,116371
2026-08-15T21:22:37Z,710000000,Астана,148348291,Canon EOS R50 + RF-S 18-45 mm IS STM,price,329435,329419
2026-08-15T21:22:37Z,710000000,Астана,169114918,Roborock S9 черный,price,140690,140678
2026-08-15T21:22:37Z,710000000,Астана,145557809,TECNO SPARK 40C 8 ГБ/256 ГБ белый,price,83052,83049
2026-08-15T21:22:37Z,710000000,Астана,7300141,Transcend TS1TSJ25H3B 1000 Гб,price,62051,62041
2026-08-15T21:22:37Z,710000000,Астана,141530670,Xiaomi Smart Band 10 серебристый,price,21924,21921
2026-08-15T21:22:37Z,710000000,Астана,148148023,TCL 43V6C 109 см черный,price,179979,179988
2026-08-15T21:22:37Z,710000000,Астана,165935475,ATK Dragonfly A9 Air белый,price,34476,34473
2026-08-15T21:22:37Z,710000000,Астана,143973797,TECNO SPARK 40C 8 ГБ/128 ГБ белый,price,74773,74752
2026-08-15T21:22:37Z,710000000,Астана,109310228,Garmin Forerunner 265S 42 мм розовый-розовый,price,281896,281891
2026-08-15T21:22:37Z,710000000,Астана,130022770,Canon CANOSCAN LIDE 300 черный,price,50879,50866
2026-08-15T21:22:37Z,710000000,Астана,114237446,Transcend TS256GUSD340S 256 Гб,price,79842,79837
2026-08-15T21:22:37Z,710000000,Астана,116193383,Garmin Lily 2 Classic 25 мм серебристый-бежевый-бежевый,price,218934,218931
2026-08-15T21:22:37Z,710000000,Астана,100305103,"Бассейн каркасный Bestway 56082/56424, 400x211x81 см",price,58832,58811
2026-08-15T21:22:37Z,710000000,Астана,167230393,Наушники Huawei FreeBuds Pro 5 темно-серый,price,79578,79386
2026-08-15T21:22:37Z,710000000,Астана,110723747,Canon RF 100-400mm f/5.6-8 IS USM,price,390687,390634
2026-08-15T21:22:37Z,710000000,Астана,116535193,МФУ Canon I-Sensys MF465dw 5951C007AA,price,224772,224751
2026-08-15T21:22:37Z,710000000,Астана,141046478,Canon EOS R50 + RF-S 18-45 mm IS STM 5811C036,price,329435,329415
2026-08-15T21:22:37Z,710000000,Астана,109731162,Canon EOS R10 kit RF-S 18–150mm f/3.5–6.3 IS STM,price,591533,591466
2026-08-15T21:22:37Z,710000000,Астана,113556362,Canon EOS R50 RF-S 18-45 + Kit 55-210 mm,price,574199,574189
2026-08-15T21:22:37Z,710000000,Астана,143300800,Наушники MOONDROP Aria 2 серебристый,price,48399,48396
2026-08-15T21:22:37Z,710000000,Астана,132979867,AULA AU75 черный,price,22127,22123
2026-08-15T21:22:37Z,710000000,Астана,129064979,Canon EOS R100 + RF-S 18-45mm + RF-S 55-210mm,price,455503,455500
2026-08-15T21:22:37Z,710000000,Астана,113028541,Garmin VENU 3 45 мм белый-белый,price,292994,292991
2026-08-15T21:22:37Z,710000000,Астана,116788713,Transcend TS1TESD410C 1000 Гб,price,183782,183778
2026-08-15T21:22:37Z,710000000,Астана,163444484,Huawei nova 15 12 ГБ/256 ГБ белый,price,199873,199870
2026-08-15T21:22:37Z,710000000,Астана,138584777,Garmin Vivoactive 6 42 мм зеленый,price,206461,206458
2026-08-15T21:22:37Z,710000000,Астана,15400127,"Бассейн каркасный Bestway Steel Pro Frame 56424, 400x211x81 см",price,58832,58811
2026-08-15T21:22:37Z,710000000,Астана,110648816,Philips BHS752/00 утюжок 25 мм,price,61943,61940
2026-08-15T21:22:37Z,710000000,Астана,157683664,Наушники AULA G7 черный,price,12246,12242
2026-08-15T21:22:37Z,710000000,Астана,106851929,Garmin MARQ Aviator Gen 2 серебристый,price,1476693,1476678
2026-08-15T21:22:37Z,710000000,Астана,114801730,Canon RF 24mm f/1.8 Macro IS STM,price,272702,272687
2026-08-15T21:22:37Z,710000000,Астана,143693130,Наушники AULA G7 белый,price,11450,11446
2026-08-15T21:22:37Z,710000000,Астана,169077113,Roborock S9 белый,price,140690,140678
2026-08-15T21:22:37Z,710000000,Астана,163483165,Наушники Soundcore Sleep A30 Green зеленый,price,85397,85395
2026-08-15T21:22:37Z,710000000,Астана,141885718,Garmin Instinct 3 Solar Tactical 45 мм черный,price,289934,289931
2026-08-15T21:22:37Z,710000000,Астана,128243261,Система подачи материалов Bambu Lab Ams lite,price,132716,132713
2026-08-15T21:22:37Z,710000000,Астана,163414583,AULA F75 розовый,price,23522,23517
2026-08-15T21:22:37Z,710000000,Астана,116193133,Garmin Lily 2 Classic 25 мм бордовый-бордовый,price,218934,218931
2026-08-15T21:22:37Z,710000000,Астана,137761682,AULA SC380 PRO белый,price,11305,11301
2026-08-15T21:22:37Z,710000000,Астана,171178069,Roborock Saros 20 черный,price,699690,699678
2026-08-15T21:22:37Z,710000000,Астана,150445434,Sapphire PULSE AMD Radeon RX 9070 16 Гб,price,407646,407634
2026-08-15T21:22:37Z,710000000,Астана,114176446,POCKET BOOK PB634-3-CIS 6 дюйм 1 Гб красный,price,105605,105602
2026-08-15T21:22:37Z,710000000,Астана,108430983,Canon EOS R7 Kit 18-150mm черный,price,809767,809688
2026-08-15T21:22:37Z,710000000,Астана,122265923,Canon EOS R5 Mark II body,price,1729375,1729260
2026-08-15T21:22:37Z,710000000,Астана,146975796,AULA HERO 68 HE Frosted белый,price,27254,27250
2026-08-15T21:22:37Z,710000000,Астана,137761585,AULA SC380 PRO черный,price,11127,11122
2026-08-15T21:22:37Z,710000000,Астана,112143554,Transcend TS128GUSD340S 128 Гб,price,41765,41762
2026-08-15T21:22:37Z,710000000,Астана,163483158,Наушники Soundcore Sleep A30 White белый,price,85489,89988
2026-08-15T21:22:37Z,710000000,Астана,114460686,Garmin MARQ Golfer Gen 2 Carbon Edition черный,price,1756204,1756201
2026-08-15T21:22:37Z,710000000,Астана,140932721,Midea MID60S350i-C серый,price,221494,221492
2026-08-15T21:22:37Z,710000000,Астана,122651840,Canon RF-S 55-210mm f/5-7.1 IS STM,price,279352,279348
2026-08-15T21:22:37Z,710000000,Астана,105544265,Canon RF 70-200mm f/4L IS USM,price,813377,813320
2026-08-15T21:22:37Z,710000000,Астана,101018992,"Бассейн каркасный Bestway Power Steel 56465, 549x274x122 см",price,267803,267800
2026-08-15T21:22:37Z,710000000,Астана,112921022,МФУ Canon imageRUNNER 2224 5942C001,price,608802,608799
2026-08-15T21:22:37Z,710000000,Астана,130022687,Canon CANOSCAN LIDE 400 черный,price,58921,58918
2026-08-15T21:22:37Z,511010000,Шымкент,108430990,Canon EOS R6 Mark II Body черный,price,816583,816276
2026-08-15T21:22:37Z,511010000,Шымкент,129065160,Наушники REDMI Buds 6 Play розовый,price,6776,6773
2026-08-15T21:22:37Z,511010000,Шымкент,147374082,HONOR X9d 12 ГБ/256 ГБ черный,price,237948,237942
2026-08-15T21:22:37Z,511010000,Шымкент,134328061,"Видеорегистратор 70mai M310 черный, серый",price,28575,28572
2026-08-15T21:22:37Z,511010000,Шымкент,117969957,PXN V99 черный,price,102634,102631
2026-08-15T21:22:37Z,511010000,Шымкент,106042231,Наушники Fifine H6 черный,price,20015,20012
2026-08-15T21:22:37Z,511010000,Шымкент,106795757,Canon EOS R10 kit 18-45mm IS STM,price,462807,462701
2026-08-15T21:22:37Z,511010000,Шымкент,115034062,МФУ Canon i-SENSYS MF275dw,price,185940,185935
2026-08-15T21:22:37Z,511010000,Шымкент,7300284,Transcend TS4TSJ25H3P 4000 Гб,price,138214,138212
2026-08-15T21:22:37Z,511010000,Шымкент,110151201,Canon EOS R6 Mark II Kit RF 24-105mm F/4-7.1 IS STM черный,price,1079780,1079717
2026-08-15T21:22:37Z,511010000,Шымкент,141530632,Xiaomi Smart Band 10 черный,price,21924,21921
2026-08-15T21:22:37Z,511010000,Шымкент,119596967,EPOMAKER x AULA F75 черный,price,21354,21350
2026-08-15T21:22:37Z,511010000,Шымкент,139895845,Roborock F25 - ACE черный,price,199646,199634
2026-08-15T21:22:37Z,511010000,Шымкент,146792191,Midea MD200H90WB/T-C серый,price,266420,266378
2026-08-15T21:22:37Z,511010000,Шымкент,140332176,Garmin Forerunner 970 47 мм бежевый-фиолетовый,price,458099,458070
2026-08-15T21:22:37Z,511010000,Шымкент,122963224,Garmin Fenix 8 43 мм белый-белый,price,545017,544939
2026-08-15T21:22:37Z,511010000,Шымкент,106042325,Микрофон Fifine A6V черный,price,18708,18705
2026-08-15T21:22:37Z,511010000,Шымкент,115178468,POCKET BOOK PB629-M-CIS 6 дюйм 8 Гб серый,price,87642,87638
2026-08-15T21:22:37Z,511010000,Шымкент,145820693,Roborock S8 Pro RRA0TAL белый,price,114652,114640
2026-08-15T21:22:37Z,511010000,Шымкент,132855201,AULA F75 Side-Printed розовый,price,21477,21473
2026-08-15T21:22:37Z,511010000,Шымкент,110057315,70mai зарядное устройство для видеорегистратора Midrive UP03 USB Type-C черный,price,8359,8356
2026-08-15T21:22:37Z,511010000,Шымкент,133974886,Garmin Instinct E 45 мм серый,price,186934,186931
2026-08-15T21:22:37Z,511010000,Шымкент,113029065,Garmin VENU 3S 41 мм розовый-розовый,price,293915,293911
2026-08-15T21:22:37Z,511010000,Шымкент,103627190,Canon RF 16mm f/2.8 STM,price,129212,129191
2026-08-15T21:22:37Z,511010000,Шымкент,150110690,Sen Sulu blush stick румяна 03 frosted bllom,price,8871,8868
2026-08-15T21:22:37Z,511010000,Шымкент,101392231,Wi-Fi точка доступа TP-LINK Deco X20 белый,price,79924,79922
2026-08-15T21:22:37Z,511010000,Шымкент,145620660,TECNO SPARK 40C 8 ГБ/128 ГБ серый,price,74904,74890
2026-08-15T21:22:37Z,511010000,Шымкент,123942422,Canon RF 35mm f/1.4 L VCM,price,737406,737382
2026-08-15T21:22:37Z,511010000,Шымкент,145978939,Внешний аккумулятор Xiaomi Super Slim Magnetic Power Bank 5000 мАч 22.5 Вт WPB0507S фиолетовый,price,18886,18882
2026-08-15T21:22:37Z,511010000,Шымкент,141005445,AULA SC620 черный,price,11994,11275
2026-08-15T21:22:37Z,511010000,Шымкент,120263286,Bambu Lab PLA Matte 1.75 мм 1 кг черный,price,8945,8942
2026-08-15T21:22:37Z,511010000,Шымкент,145978921,Внешний аккумулятор Xiaomi Super Slim Magnetic Power Bank 5000 мАч 22.5 Вт WPB0507S золотистый,price,18888,18884
2026-08-15T21:22:37Z,511010000,Шымкент,147392127,Внешний аккумулятор Xiaomi Super Slim Magnetic WPB0507S (BHR08PMGL) 5000 мАч 22.5 Вт черный,price,18877,18873
2026-08-15T21:22:37Z,511010000,Шымкент,129319883,Garmin Lily 2 Active 38 мм серебристый-фиолетовый,price,218937,218934
2026-08-15T21:22:37Z,511010000,Шымкент,101513764,"Бассейн каркасный Bestway 5612B, 640x274x132 см",price,324456,368699
2026-08-15T21:22:37Z,511010000,Шымкент,101513764,"Бассейн каркасный Bestway 5612B, 640x274x132 см",discount,15,0
2026-08-15T21:22:37Z,511010000,Шымкент,103492220,"Бассейн каркасный Bestway 56714, 427x250x100 см",price,144668,144665
2026-08-15T21:22:37Z,511010000,Шымкент,116631467,"Бассейн каркасный Bestway 561FY, 396x396x107 см",price,116332,116328
2026-08-15T21:22:37Z,511010000,Шымкент,163444184,Huawei nova 15 Pro 12 ГБ/512 ГБ белый,price,284879,284876
2026-08-15T21:22:37Z,511010000,Шымкент,163444356,Huawei nova 15 12 ГБ/512 ГБ белый,price,199873,199870
2026-08-15T21:22:37Z,511010000,Шымкент,167232229,Huawei Watch Fit 5 43 мм серебристый--белый,price,80488,80288
2026-08-15T21:22:37Z,511010000,Шымкент,167232188,Huawei Watch Fit 5 43 мм черный,price,80488,80288
2026-08-15T21:22:37Z,511010000,Шымкент,15400145,"Бассейн каркасный Bestway Steel Pro Max 56420, 366x122 см",price,134713,134694
2026-08-15T21:22:37Z,511010000,Шымкент,118273472,Аэрогриль Xiaomi Smart Air Fryer BHR7357EU 6.5 л черный,price,47903,47900
2026-08-15T21:22:37Z,511010000,Шымкент,115287903,DREAME H12 Pro Plus CN черный,price,119484,119487
2026-08-15T21:22:37Z,511010000,Шымкент,130251646,Наушники REDMI Buds 6 Play синий,price,6764,6761
2026-08-15T21:22:37Z,511010000,Шымкент,148148261,TCL 55P8K 140 см черный,price,325554,329988
2026-08-15T21:22:37Z,511010000,Шымкент,151176828,TCL 65V6C 165 см черный,price,318887,329988
2026-08-15T21:22:37Z,511010000,Шымкент,151176828,TCL 65V6C 165 см черный,discount,13,10
2026-08-15T21:22:37Z,511010000,Шымкент,145557956,TECNO SPARK 40C 8 ГБ/256 ГБ черный,price,84100,84082
2026-08-15T21:22:37Z,511010000,Шымкент,132593287,"DREAME H30 Ultra Mix черный, серый",price,162731,162728
2026-08-15T21:22:37Z,511010000,Шымкент,137684212,DREAME H30 ULTRA MIX CE серый,price,162729,162721
2026-08-15T21:22:37Z,511010000,Шымкент,102158689,Микрофон Fifine T669 черный,price,21674,21662
2026-08-15T21:22:37Z,511010000,Шымкент,118273499,Аэрогриль Xiaomi Smart Air Fryer BHR7358EU 6.5 л белый,price,47259,47251
2026-08-15T21:22:37Z,511010000,Шымкент,143119833,Midea FSC-900DX стальной,price,227917,227914
2026-08-15T21:22:37Z,511010000,Шымкент,145978945,Внешний аккумулятор Xiaomi Super Slim Magnetic Power Bank 5000 мАч 22.5 Вт WPB0507S черный,price,18877,18873
2026-08-15T21:22:37Z,511010000,Шымкент,102211273,Midea MH 60P 205 X серебристый,price,33577,33567
2026-08-15T21:22:37Z,511010000,Шымкент,148462479,TCL 32S5K 81 см черный,price,119889,119898
2026-08-15T21:22:37Z,511010000,Шымкент,123621889,Midea MFK03D105B/S-C серый,price,275210,275193
2026-08-15T21:22:37Z,511010000,Шымкент,110349310,Canon EOS R50 Kit 18-45mm f4.5-6.3 IS STM черный,price,329435,329419
2026-08-15T21:22:37Z,511010000,Шымкент,115633970,Canon LIDE 300 2995C010 черный,price,50879,50866
2026-08-15T21:22:37Z,511010000,Шымкент,15300377,Transcend TS128GSDC300S 128 Gb,price,21571,21568
2026-08-15T21:22:37Z,511010000,Шымкент,1500075,Принтер Canon i-SENSYS LBP6030B,price,85599,85596
2026-08-15T21:22:37Z,511010000,Шымкент,141746219,Xiaomi Robot Vacuum S40C Е101CDZ белый,price,84871,84868
2026-08-15T21:22:37Z,511010000,Шымкент,144488883,Midea MCI-631LB2 черный,price,79572,79606
2026-08-15T21:22:37Z,511010000,Шымкент,154255448,"Xiaomi камера видеонаблюдения MJSXJ27CM, 8MP, расширение 3840x2160",price,28180,28176
2026-08-15T21:22:37Z,511010000,Шымкент,145553631,Xiaomi Robot Vacuum 5 Pro EU OV21GL белый,price,326101,326123
2026-08-15T21:22:37Z,511010000,Шымкент,148148221,TCL 50V6C 127 см черный,price,219760,219754
2026-08-15T21:22:37Z,511010000,Шымкент,137060417,AULA F75 MAX черный,price,27405,27400
2026-08-15T21:22:37Z,511010000,Шымкент,101149860,Canon EOS RP RF 24-105 F4-7.1 IS STM,price,545377,545313
2026-08-15T21:22:37Z,511010000,Шымкент,154027559,"Xiaomi камера видеонаблюдения C201 MBC27, 2MP, расширение 1920x1080",price,13174,13170
2026-08-15T21:22:37Z,511010000,Шымкент,113404917,POCKET BOOK InkPad 4 7.8 дюйм 32 Гб серебристый,price,164673,164670
2026-08-15T21:22:37Z,511010000,Шымкент,112245834,Canon EOS R8 Body черный,price,602913,602770
2026-08-15T21:22:37Z,511010000,Шымкент,166975826,HONOR 600 Pro 12 ГБ/512 ГБ черный,price,548706,548700
2026-08-15T21:22:37Z,511010000,Шымкент,112301355,МФУ Canon MAXIFY GX3040,price,123857,123853
2026-08-15T21:22:37Z,511010000,Шымкент,103313279,Очиститель воздуха SmartMi Smartmi Air Purifier P1 серый,price,55142,55130
2026-08-15T21:22:37Z,511010000,Шымкент,151096402,Garmin Fenix 8 Pro 47 мм черный,price,653744,653715
2026-08-15T21:22:37Z,511010000,Шымкент,140332288,Garmin Forerunner 970 47 мм черный,price,449170,449150
2026-08-15T21:22:37Z,511010000,Шымкент,138584959,Garmin Vivoactive 6 42 мм бежевый,price,205994,205991
2026-08-15T21:22:37Z,511010000,Шымкент,139307969,Кофемашина Xiaomi Semi-Automatic Espresso Machine серебристый,price,61263,61260
2026-08-15T21:22:37Z,511010000,Шымкент,120554885,Xiaomi Robot Vacuum S20+ белый,price,131004,131002
2026-08-15T21:22:37Z,511010000,Шымкент,149031743,ZTE Nubia RedMagic Astra 9.06 дюйм 24 Гб/1024 Гб черный,price,569883,569880
2026-08-15T21:22:37Z,511010000,Шымкент,109310071,Garmin Forerunner 265S 42 мм белый-белый,price,275103,275081
2026-08-15T21:22:37Z,511010000,Шымкент,134108182,Портативная колонка Soundcore Select 4 Go черный,price,13261,13259
2026-08-15T21:22:37Z,511010000,Шымкент,113029701,Garmin VENU 3S белый,price,278672,278660
2026-08-15T21:22:37Z,511010000,Шымкент,118179738,Canon EOS R50 RF-S 15-45 IS STM черный,price,329435,329419
2026-08-15T21:22:37Z,511010000,Шымкент,138585258,Garmin Vivoactive 6 42 мм черный,price,199481,199477
2026-08-15T21:22:37Z,511010000,Шымкент,114761211,Fifine SC3,price,25329,25325
2026-08-15T21:22:37Z,511010000,Шымкент,112972977,Видеорегистратор 70mai A810 черный,price,99948,99945
2026-08-15T21:22:37Z,511010000,Шымкент,153277705,TCL 75V6C 191 см черный,price,422840,422837
2026-08-15T21:22:37Z,511010000,Шымкент,122963617,Garmin Fenix 8 47 мм черный,price,605604,605543
2026-08-15T21:22:37Z,511010000,Шымкент,142719480,"27"" Xiaomi 4K Monitor 27 A27Ui-EU P27UCB-RAGL черный",price,144922,144916
2026-08-15T21:22:37Z,511010000,Шымкент,140597312,Midea MDWF-6029СLS серый,price,224590,229898
2026-08-15T21:22:37Z,511010000,Шымкент,7300020,Transcend TS1TSJ25H3P 1000 Гб,price,63125,63122
2026-08-15T21:22:37Z,511010000,Шымкент,163510365,HONOR 600 Lite 8 ГБ/256 ГБ черный,price,209664,209645
2026-08-15T21:22:37Z,511010000,Шымкент,122966507,Garmin Fenix 8 51 мм черно-серый,price,653072,653023
2026-08-15T21:22:37Z,511010000,Шымкент,143300737,Наушники MOONDROP Rays фиолетовый,price,47236,47233
2026-08-15T21:22:37Z,511010000,Шымкент,151096352,Garmin Fenix 8 Pro 51 мм серебристый-серый,price,731226,731218
2026-08-15T21:22:37Z,511010000,Шымкент,109310183,Garmin Forerunner 265S 42 мм черный-черный,price,268842,268815
2026-08-15T21:22:37Z,511010000,Шымкент,122962879,Garmin Fenix 8 51 мм черный,price,607381,607365
2026-08-15T21:22:37Z,511010000,Шымкент,109351561,Garmin Forerunner 965 белый,price,373585,373582
2026-08-15T21:22:37Z,511010000,Шымкент,106852140,Garmin MARQ Golfer Gen 2 серебристый-зеленый-зеленый,price,1410751,1410701
2026-08-15T21:22:37Z,511010000,Шымкент,152036275,HONOR Magic8 Pro 12 ГБ/512 ГБ черный,price,618585,618581
2026-08-15T21:22:37Z,511010000,Шымкент,143300811,Наушники MOONDROP Aria 2 красный,price,49579,49576
2026-08-15T21:22:37Z,511010000,Шымкент,154805003,Realme GT 8 Pro 16 ГБ/512 ГБ синий,price,599962,599960
2026-08-15T21:22:37Z,511010000,Шымкент,101317689,Canon LIDE 400 2996C010 черный,price,58921,58918
2026-08-15T21:22:37Z,511010000,Шымкент,120134606,AULA F75 Side-Printed голубой,price,22542,22538
2026-08-15T21:22:37Z,511010000,Шымкент,128745315,Midea MF200W90WB/T-C серый,price,220903,220887
2026-08-15T21:22:37Z,511010000,Шымкент,109719960,Transcend TS250GESD260C 250 ГБ,price,41728,41725
2026-08-15T21:22:37Z,511010000,Шымкент,140332233,Garmin Forerunner 970 47 мм белый-зеленый,price,455374,455342
2026-08-15T21:22:37Z,511010000,Шымкент,148005901,Huawei WATCH GT 6 46 мм серебристый-зеленый,price,94383,94380
2026-08-15T21:22:37Z,511010000,Шымкент,139561340,AULA HERO 68 HE белый,price,20676,20671
2026-08-15T21:22:37Z,511010000,Шымкент,139955883,Huawei WATCH FIT 4 Pro 44 мм серебристый-зеленый,price,74742,74739
2026-08-15T21:22:37Z,511010000,Шымкент,109731154,Canon EOS R7 Body черный,price,611349,611290
2026-08-15T21:22:37Z,511010000,Шымкент,120935104,Dream H12 Pro PLUS черный,price,119495,119487
2026-08-15T21:22:37Z,511010000,Шымкент,131430159,Наушники Soundcore Liberty 4 PRO черный,price,66369,66366
2026-08-15T21:22:37Z,511010000,Шымкент,142884485,Garmin VENU X1 46 мм черный-черный,price,463599,463509
2026-08-15T21:22:37Z,511010000,Шымкент,145820746,Roborock S8 Pro RRA0TAL черный,price,114642,114630
2026-08-15T21:22:37Z,511010000,Шымкент,145451616,"Dreame H30 Ultra Mix черный, серый",price,162729,162721
2026-08-15T21:22:37Z,511010000,Шымкент,154084045,Bambu Lab PLA Matte 1.75 мм 1 кг темно-синий,price,8998,8458
2026-08-15T21:22:37Z,511010000,Шымкент,154084045,Bambu Lab PLA Matte 1.75 мм 1 кг темно-синий,discount,0,14
2026-08-15T21:22:37Z,511010000,Шымкент,137352961,AULA F75 Black Contour черный,price,23097,23093
2026-08-15T21:22:37Z,511010000,Шымкент,133975075,Garmin Instinct 3 Solar 45 мм черный,price,249841,249833
2026-08-15T21:22:37Z,511010000,Шымкент,116455986,Система подачи материалов Bambu Lab AMS - Automatic Material System,price,141539,148988
2026-08-15T21:22:37Z,511010000,Шымкент,116455986,Система подачи материалов Bambu Lab AMS - Automatic Material System,discount,11,0
2026-08-15T21:22:37Z,511010000,Шымкент,114298557,МФУ Canon I-SENSYS MF461DW 5951C020,price,212593,212590
2026-08-15T21:22:37Z,511010000,Шымкент,156555269,Garmin Instinct 3 AMOLED 50 мм черный-синий,price,312934,312931
2026-08-15T21:22:37Z,511010000,Шымкент,169144934,Roborock S9+ белый,price,184690,184678
2026-08-15T21:22:37Z,511010000,Шымкент,171512267,ONYX BOOX для Go 6 Gen II бежевый,price,10439,10988
2026-08-15T21:22:37Z,511010000,Шымкент,171512267,ONYX BOOX для Go 6 Gen II бежевый,discount,25,22
2026-08-15T21:22:37Z,511010000,Шымкент,169114829,Roborock S9+ черный,price,184690,184678
2026-08-15T21:22:37Z,511010000,Шымкент,124278317,Garmin Fenix 8 Solar 47 мм черный,price,605443,605405
2026-08-15T21:22:37Z,511010000,Шымкент,131472928,Портативная колонка Soundcore Boom 2 Plus синий,price,116383,116371
2026-08-15T21:22:37Z,511010000,Шымкент,148348291,Canon EOS R50 + RF-S 18-45 mm IS STM,price,329435,329419
2026-08-15T21:22:37Z,511010000,Шымкент,169114918,Roborock S9 черный,price,140690,140678
2026-08-15T21:22:37Z,511010000,Шымкент,145557809,TECNO SPARK 40C 8 ГБ/256 ГБ белый,price,83052,83049
2026-08-15T21:22:37Z,511010000,Шымкент,7300141,Transcend TS1TSJ25H3B 1000 Гб,price,62051,62041
2026-08-15T21:22:37Z,511010000,Шымкент,141530670,Xiaomi Smart Band 10 серебристый,price,21924,21921
2026-08-15T21:22:37Z,511010000,Шымкент,148148023,TCL 43V6C 109 см черный,price,179979,179988
2026-08-15T21:22:37Z,511010000,Шымкент,165935475,ATK Dragonfly A9 Air белый,price,34476,34473
2026-08-15T21:22:37Z,511010000,Шымкент,143973797,TECNO SPARK 40C 8 ГБ/128 ГБ белый,price,74773,74752
2026-08-15T21:22:37Z,511010000,Шымкент,109310228,Garmin Forerunner 265S 42 мм розовый-розовый,price,281896,281891
2026-08-15T21:22:37Z,511010000,Шымкент,130022770,Canon CANOSCAN LIDE 300 черный,price,50879,50866
2026-08-15T21:22:37Z,511010000,Шымкент,114237446,Transcend TS256GUSD340S 256 Гб,price,79842,79837
2026-08-15T21:22:37Z,511010000,Шымкент,116193383,Garmin Lily 2 Classic 25 мм серебристый-бежевый-бежевый,price,218934,218931
2026-08-15T21:22:37Z,511010000,Шымкент,100305103,"Бассейн каркасный Bestway 56082/56424, 400x211x81 см",price,58832,58811
2026-08-15T21:22:37Z,511010000,Шымкент,167230393,Наушники Huawei FreeBuds Pro 5 темно-серый,price,79578,79386
2026-08-15T21:22:37Z,511010000,Шымкент,110723747,Canon RF 100-400mm f/5.6-8 IS USM,price,390687,390634
2026-08-15T21:22:37Z,511010000,Шымкент,116535193,МФУ Canon I-Sensys MF465dw 5951C007AA,price,224772,224751
2026-08-15T21:22:37Z,511010000,Шымкент,141046478,Canon EOS R50 + RF-S 18-45 mm IS STM 5811C036,price,329428,329415
2026-08-15T21:22:37Z,511010000,Шымкент,109731162,Canon EOS R10 kit RF-S 18–150mm f/3.5–6.3 IS STM,price,591533,591466
2026-08-15T21:22:37Z,511010000,Шымкент,113556362,Canon EOS R50 RF-S 18-45 + Kit 55-210 mm,price,574199,574189
2026-08-15T21:22:37Z,511010000,Шымкент,143300800,Наушники MOONDROP Aria 2 серебристый,price,48399,48396
2026-08-15T21:22:37Z,511010000,Шымкент,132979867,AULA AU75 черный,price,22127,22123
2026-08-15T21:22:37Z,511010000,Шымкент,129064979,Canon EOS R100 + RF-S 18-45mm + RF-S 55-210mm,price,455503,455500
2026-08-15T21:22:37Z,511010000,Шымкент,113028541,Garmin VENU 3 45 мм белый-белый,price,292994,292991
2026-08-15T21:22:37Z,511010000,Шымкент,116788713,Transcend TS1TESD410C 1000 Гб,price,183782,183778
2026-08-15T21:22:37Z,511010000,Шымкент,163444484,Huawei nova 15 12 ГБ/256 ГБ белый,price,199873,199870
2026-08-15T21:22:37Z,511010000,Шымкент,138584777,Garmin Vivoactive 6 42 мм зеленый,price,206461,206458
2026-08-15T21:22:37Z,511010000,Шымкент,15400127,"Бассейн каркасный Bestway Steel Pro Frame 56424, 400x211x81 см",price,58832,58811
2026-08-15T21:22:37Z,511010000,Шымкент,110648816,Philips BHS752/00 утюжок 25 мм,price,61943,61940
2026-08-15T21:22:37Z,511010000,Шымкент,157683664,Наушники AULA G7 черный,price,12246,12242
2026-08-15T21:22:37Z,511010000,Шымкент,106851929,Garmin MARQ Aviator Gen 2 серебристый,price,1476694,1476678
2026-08-15T21:22:37Z,511010000,Шымкент,114801730,Canon RF 24mm f/1.8 Macro IS STM,price,272702,272687
2026-08-15T21:22:37Z,511010000,Шымкент,143693130,Наушники AULA G7 белый,price,11450,11446
2026-08-15T21:22:37Z,511010000,Шымкент,169077113,Roborock S9 белый,price,140690,140678
2026-08-15T21:22:37Z,511010000,Шымкент,163483165,Наушники Soundcore Sleep A30 Green зеленый,price,85397,85395
2026-08-15T21:22:37Z,511010000,Шымкент,141885718,Garmin Instinct 3 Solar Tactical 45 мм черный,price,289934,289931
2026-08-15T21:22:37Z,511010000,Шымкент,128243261,Система подачи материалов Bambu Lab Ams lite,price,132716,132713
2026-08-15T21:22:37Z,511010000,Шымкент,163414583,AULA F75 розовый,price,23522,23517
2026-08-15T21:22:37Z,511010000,Шымкент,116193133,Garmin Lily 2 Classic 25 мм бордовый-бордовый,price,218934,218931
2026-08-15T21:22:37Z,511010000,Шымкент,137761682,AULA SC380 PRO белый,price,11305,11301
2026-08-15T21:22:37Z,511010000,Шымкент,171178069,Roborock Saros 20 черный,price,699690,699678
2026-08-15T21:22:37Z,511010000,Шымкент,150445434,Sapphire PULSE AMD Radeon RX 9070 16 Гб,price,407646,407634
2026-08-15T21:22:37Z,511010000,Шымкент,114176446,POCKET BOOK PB634-3-CIS 6 дюйм 1 Гб красный,price,105605,105602
2026-08-15T21:22:37Z,511010000,Шымкент,108430983,Canon EOS R7 Kit 18-150mm черный,price,809745,809688
2026-08-15T21:22:37Z,511010000,Шымкент,122265923,Canon EOS R5 Mark II body,price,1729375,1729260
2026-08-15T21:22:37Z,511010000,Шымкент,146975796,AULA HERO 68 HE Frosted белый,price,27254,27250
2026-08-15T21:22:37Z,511010000,Шымкент,137761585,AULA SC380 PRO черный,price,11127,11122
2026-08-15T21:22:37Z,511010000,Шымкент,112143554,Transcend TS128GUSD340S 128 Гб,price,41765,41762
2026-08-15T21:22:37Z,511010000,Шымкент,163483158,Наушники Soundcore Sleep A30 White белый,price,85489,89988
2026-08-15T21:22:37Z,511010000,Шымкент,114460686,Garmin MARQ Golfer Gen 2 Carbon Edition черный,price,1756204,1756201
2026-08-15T21:22:37Z,511010000,Шымкент,140932721,Midea MID60S350i-C серый,price,221494,221492
2026-08-15T21:22:37Z,511010000,Шымкент,122651840,Canon RF-S 55-210mm f/5-7.1 IS STM,price,279352,279348
2026-08-15T21:22:37Z,511010000,Шымкент,105544265,Canon RF 70-200mm f/4L IS USM,price,813377,813320
2026-08-15T21:22:37Z,511010000,Шымкент,101018992,"Бассейн каркасный Bestway Power Steel 56465, 549x274x122 см",price,267803,267800
2026-08-15T21:22:37Z,511010000,Шымкент,112921022,МФУ Canon imageRUNNER 2224 5942C001,price,608802,608799
2026-08-15T21:22:37Z,511010000,Шымкент,130022687,Canon CANOSCAN LIDE 400 черный,price,58921,58918
2026-08-15T21:22:37Z,470000000,Актобе,108430990,Canon EOS R6 Mark II Body черный,price,816571,816276
2026-08-15T21:22:37Z,470000000,Актобе,129065160,Наушники REDMI Buds 6 Play розовый,price,6776,6773
2026-08-15T21:22:37Z,470000000,Актобе,147374082,HONOR X9d 12 ГБ/256 ГБ черный,price,237948,237942
2026-08-15T21:22:37Z,470000000,Актобе,134328061,"Видеорегистратор 70mai M310 черный, серый",price,28575,28572
2026-08-15T21:22:37Z,470000000,Актобе,117969957,PXN V99 черный,price,102634,102631
2026-08-15T21:22:37Z,470000000,Актобе,106042231,Наушники Fifine H6 черный,price,20015,20012
2026-08-15T21:22:37Z,470000000,Актобе,106795757,Canon EOS R10 kit 18-45mm IS STM,price,462806,462701
2026-08-15T21:22:37Z,470000000,Актобе,115034062,МФУ Canon i-SENSYS MF275dw,price,185940,185935
2026-08-15T21:22:37Z,470000000,Актобе,7300284,Transcend TS4TSJ25H3P 4000 Гб,price,138214,138212
2026-08-15T21:22:37Z,470000000,Актобе,110151201,Canon EOS R6 Mark II Kit RF 24-105mm F/4-7.1 IS STM черный,price,1079780,1079659
2026-08-15T21:22:37Z,470000000,Актобе,141530632,Xiaomi Smart Band 10 черный,price,21924,21921
2026-08-15T21:22:37Z,470000000,Актобе,119596967,EPOMAKER x AULA F75 черный,price,21354,21350
2026-08-15T21:22:37Z,470000000,Актобе,139895845,Roborock F25 - ACE черный,price,199646,199634
2026-08-15T21:22:37Z,470000000,Актобе,146792191,Midea MD200H90WB/T-C серый,price,266420,266378
2026-08-15T21:22:37Z,470000000,Актобе,140332176,Garmin Forerunner 970 47 мм бежевый-фиолетовый,price,458099,458070
2026-08-15T21:22:37Z,470000000,Актобе,122963224,Garmin Fenix 8 43 мм белый-белый,price,545017,544921
2026-08-15T21:22:37Z,470000000,Актобе,106042325,Микрофон Fifine A6V черный,price,18708,18705
2026-08-15T21:22:37Z,470000000,Актобе,115178468,POCKET BOOK PB629-M-CIS 6 дюйм 8 Гб серый,price,87642,87638
2026-08-15T21:22:37Z,470000000,Актобе,145820693,Roborock S8 Pro RRA0TAL белый,price,114652,114640
2026-08-15T21:22:37Z,470000000,Актобе,132855201,AULA F75 Side-Printed розовый,price,21477,21473
2026-08-15T21:22:37Z,470000000,Актобе,110057315,70mai зарядное устройство для видеорегистратора Midrive UP03 USB Type-C черный,price,8359,8356
2026-08-15T21:22:37Z,470000000,Актобе,133974886,Garmin Instinct E 45 мм серый,price,186934,186931
2026-08-15T21:22:37Z,470000000,Актобе,113029065,Garmin VENU 3S 41 мм розовый-розовый,price,293915,293911
2026-08-15T21:22:37Z,470000000,Актобе,103627190,Canon RF 16mm f/2.8 STM,price,129212,129191
2026-08-15T21:22:37Z,470000000,Актобе,150110690,Sen Sulu blush stick румяна 03 frosted bllom,price,8871,8868
2026-08-15T21:22:37Z,470000000,Актобе,101392231,Wi-Fi точка доступа TP-LINK Deco X20 белый,price,79924,79922
2026-08-15T21:22:37Z,470000000,Актобе,145620660,TECNO SPARK 40C 8 ГБ/128 ГБ серый,price,74904,74890
2026-08-15T21:22:37Z,470000000,Актобе,123942422,Canon RF 35mm f/1.4 L VCM,price,737406,737382
2026-08-15T21:22:37Z,470000000,Актобе,145978939,Внешний аккумулятор Xiaomi Super Slim Magnetic Power Bank 5000 мАч 22.5 Вт WPB0507S фиолетовый,price,18886,18882
2026-08-15T21:22:37Z,470000000,Актобе,141005445,AULA SC620 черный,price,11994,11275
2026-08-15T21:22:37Z,470000000,Актобе,120263286,Bambu Lab PLA Matte 1.75 мм 1 кг черный,price,8945,8942
2026-08-15T21:22:37Z,470000000,Актобе,145978921,Внешний аккумулятор Xiaomi Super Slim Magnetic Power Bank 5000 мАч 22.5 Вт WPB0507S золотистый,price,18888,18884
2026-08-15T21:22:37Z,470000000,Актобе,147392127,Внешний аккумулятор Xiaomi Super Slim Magnetic WPB0507S (BHR08PMGL) 5000 мАч 22.5 Вт черный,price,18877,18873
2026-08-15T21:22:37Z,470000000,Актобе,129319883,Garmin Lily 2 Active 38 мм серебристый-фиолетовый,price,218937,218934
2026-08-15T21:22:37Z,470000000,Актобе,101513764,"Бассейн каркасный Bestway 5612B, 640x274x132 см",price,324456,368699
2026-08-15T21:22:37Z,470000000,Актобе,101513764,"Бассейн каркасный Bestway 5612B, 640x274x132 см",discount,15,0
2026-08-15T21:22:37Z,470000000,Актобе,103492220,"Бассейн каркасный Bestway 56714, 427x250x100 см",price,144668,144665
2026-08-15T21:22:37Z,470000000,Актобе,116631467,"Бассейн каркасный Bestway 561FY, 396x396x107 см",price,116332,116328
2026-08-15T21:22:37Z,470000000,Актобе,163444184,Huawei nova 15 Pro 12 ГБ/512 ГБ белый,price,284879,284876
2026-08-15T21:22:37Z,470000000,Актобе,163444356,Huawei nova 15 12 ГБ/512 ГБ белый,price,199873,199870
2026-08-15T21:22:37Z,470000000,Актобе,167232229,Huawei Watch Fit 5 43 мм серебристый--белый,price,80488,80288
2026-08-15T21:22:37Z,470000000,Актобе,167232188,Huawei Watch Fit 5 43 мм черный,price,80488,80288
2026-08-15T21:22:37Z,470000000,Актобе,15400145,"Бассейн каркасный Bestway Steel Pro Max 56420, 366x122 см",price,134713,134694
2026-08-15T21:22:37Z,470000000,Актобе,118273472,Аэрогриль Xiaomi Smart Air Fryer BHR7357EU 6.5 л черный,price,47903,47900
2026-08-15T21:22:37Z,470000000,Актобе,115287903,DREAME H12 Pro Plus CN черный,price,119493,119487
2026-08-15T21:22:37Z,470000000,Актобе,130251646,Наушники REDMI Buds 6 Play синий,price,6764,6761
2026-08-15T21:22:37Z,470000000,Актобе,148148261,TCL 55P8K 140 см черный,price,325554,329988
2026-08-15T21:22:37Z,470000000,Актобе,151176828,TCL 65V6C 165 см черный,price,318887,329988
2026-08-15T21:22:37Z,470000000,Актобе,151176828,TCL 65V6C 165 см черный,discount,13,10
2026-08-15T21:22:37Z,470000000,Актобе,145557956,TECNO SPARK 40C 8 ГБ/256 ГБ черный,price,84100,84082
2026-08-15T21:22:37Z,470000000,Актобе,132593287,"DREAME H30 Ultra Mix черный, серый",price,162724,162718
2026-08-15T21:22:37Z,470000000,Актобе,137684212,DREAME H30 ULTRA MIX CE серый,price,162729,162721
2026-08-15T21:22:37Z,470000000,Актобе,102158689,Микрофон Fifine T669 черный,price,21674,21662
2026-08-15T21:22:37Z,470000000,Актобе,118273499,Аэрогриль Xiaomi Smart Air Fryer BHR7358EU 6.5 л белый,price,47259,47251
2026-08-15T21:22:37Z,470000000,Актобе,143119833,Midea FSC-900DX стальной,price,227917,227914
2026-08-15T21:22:37Z,470000000,Актобе,145978945,Внешний аккумулятор Xiaomi Super Slim Magnetic Power Bank 5000 мАч 22.5 Вт WPB0507S черный,price,18877,18873
2026-08-15T21:22:37Z,470000000,Актобе,102211273,Midea MH 60P 205 X серебристый,price,33577,33567
2026-08-15T21:22:37Z,470000000,Актобе,148462479,TCL 32S5K 81 см черный,price,119889,119898
2026-08-15T21:22:37Z,470000000,Актобе,123621889,Midea MFK03D105B/S-C серый,price,275210,275193
2026-08-15T21:22:37Z,470000000,Актобе,110349310,Canon EOS R50 Kit 18-45mm f4.5-6.3 IS STM черный,price,329435,329419
2026-08-15T21:22:37Z,470000000,Актобе,115633970,Canon LIDE 300 2995C010 черный,price,50879,50866
2026-08-15T21:22:37Z,470000000,Актобе,15300377,Transcend TS128GSDC300S 128 Gb,price,21571,21568
2026-08-15T21:22:37Z,470000000,Актобе,1500075,Принтер Canon i-SENSYS LBP6030B,price,85599,85596
2026-08-15T21:22:37Z,470000000,Актобе,141746219,Xiaomi Robot Vacuum S40C Е101CDZ белый,price,84871,84868
2026-08-15T21:22:37Z,470000000,Актобе,144488883,Midea MCI-631LB2 черный,price,79572,79606
2026-08-15T21:22:37Z,470000000,Актобе,154255448,"Xiaomi камера видеонаблюдения MJSXJ27CM, 8MP, расширение 3840x2160",price,28180,28176
2026-08-15T21:22:37Z,470000000,Актобе,145553631,Xiaomi Robot Vacuum 5 Pro EU OV21GL белый,price,326101,326123
2026-08-15T21:22:37Z,470000000,Актобе,148148221,TCL 50V6C 127 см черный,price,219760,219754
2026-08-15T21:22:37Z,470000000,Актобе,137060417,AULA F75 MAX черный,price,27405,27400
2026-08-15T21:22:37Z,470000000,Актобе,101149860,Canon EOS RP RF 24-105 F4-7.1 IS STM,price,545377,545313
2026-08-15T21:22:37Z,470000000,Актобе,154027559,"Xiaomi камера видеонаблюдения C201 MBC27, 2MP, расширение 1920x1080",price,13174,13170
2026-08-15T21:22:37Z,470000000,Актобе,113404917,POCKET BOOK InkPad 4 7.8 дюйм 32 Гб серебристый,price,164673,164670
2026-08-15T21:22:37Z,470000000,Актобе,112245834,Canon EOS R8 Body черный,price,602913,602770
2026-08-15T21:22:37Z,470000000,Актобе,166975826,HONOR 600 Pro 12 ГБ/512 ГБ черный,price,548706,548700
2026-08-15T21:22:37Z,470000000,Актобе,112301355,МФУ Canon MAXIFY GX3040,price,123857,123853
2026-08-15T21:22:37Z,470000000,Актобе,103313279,Очиститель воздуха SmartMi Smartmi Air Purifier P1 серый,price,55142,55130
2026-08-15T21:22:37Z,470000000,Актобе,151096402,Garmin Fenix 8 Pro 47 мм черный,price,653744,653715
2026-08-15T21:22:37Z,470000000,Актобе,140332288,Garmin Forerunner 970 47 мм черный,price,449170,449150
2026-08-15T21:22:37Z,470000000,Актобе,138584959,Garmin Vivoactive 6 42 мм бежевый,price,205994,205991
2026-08-15T21:22:37Z,470000000,Актобе,139307969,Кофемашина Xiaomi Semi-Automatic Espresso Machine серебристый,price,61263,61260
2026-08-15T21:22:37Z,470000000,Актобе,120554885,Xiaomi Robot Vacuum S20+ белый,price,131004,131002
2026-08-15T21:22:37Z,470000000,Актобе,149031743,ZTE Nubia RedMagic Astra 9.06 дюйм 24 Гб/1024 Гб черный,price,569883,569880
2026-08-15T21:22:37Z,470000000,Актобе,109310071,Garmin Forerunner 265S 42 мм белый-белый,price,275103,275081
2026-08-15T21:22:37Z,470000000,Актобе,134108182,Портативная колонка Soundcore Select 4 Go черный,price,13261,13259
2026-08-15T21:22:37Z,470000000,Актобе,113029701,Garmin VENU 3S белый,price,278672,278660
2026-08-15T21:22:37Z,470000000,Актобе,118179738,Canon EOS R50 RF-S 15-45 IS STM черный,price,329435,329419
2026-08-15T21:22:37Z,470000000,Актобе,138585258,Garmin Vivoactive 6 42 мм черный,price,199481,199477
2026-08-15T21:22:37Z,470000000,Актобе,114761211,Fifine SC3,price,25329,25325
2026-08-15T21:22:37Z,470000000,Актобе,112972977,Видеорегистратор 70mai A810 черный,price,99948,99945
2026-08-15T21:22:37Z,470000000,Актобе,153277705,TCL 75V6C 191 см черный,price,422840,422837
2026-08-15T21:22:37Z,470000000,Актобе,122963617,Garmin Fenix 8 47 мм черный,price,605604,605538
2026-08-15T21:22:37Z,470000000,Актобе,142719480,"27"" Xiaomi 4K Monitor 27 A27Ui-EU P27UCB-RAGL черный",price,144922,144916
2026-08-15T21:22:37Z,470000000,Актобе,140597312,Midea MDWF-6029СLS серый,price,224590,229898
2026-08-15T21:22:37Z,470000000,Актобе,7300020,Transcend TS1TSJ25H3P 1000 Гб,price,63125,63122
2026-08-15T21:22:37Z,470000000,Актобе,163510365,HONOR 600 Lite 8 ГБ/256 ГБ черный,price,209664,209645
2026-08-15T21:22:37Z,470000000,Актобе,122966507,Garmin Fenix 8 51 мм черно-серый,price,653072,653023
2026-08-15T21:22:37Z,470000000,Актобе,143300737,Наушники MOONDROP Rays фиолетовый,price,47236,47233
2026-08-15T21:22:37Z,470000000,Актобе,151096352,Garmin Fenix 8 Pro 51 мм серебристый-серый,price,731226,731218
2026-08-15T21:22:37Z,470000000,Актобе,109310183,Garmin Forerunner 265S 42 мм черный-черный,price,268842,268815
2026-08-15T21:22:37Z,470000000,Актобе,122962879,Garmin Fenix 8 51 мм черный,price,607381,607365
2026-08-15T21:22:37Z,470000000,Актобе,109351561,Garmin Forerunner 965 белый,price,373585,373582
2026-08-15T21:22:37Z,470000000,Актобе,106852140,Garmin MARQ Golfer Gen 2 серебристый-зеленый-зеленый,price,1410751,1410697
2026-08-15T21:22:37Z,470000000,Актобе,152036275,HONOR Magic8 Pro 12 ГБ/512 ГБ черный,price,618585,618581
2026-08-15T21:22:37Z,470000000,Актобе,143300811,Наушники MOONDROP Aria 2 красный,price,49579,49576
2026-08-15T21:22:37Z,470000000,Актобе,154805003,Realme GT 8 Pro 16 ГБ/512 ГБ синий,price,599962,599960
2026-08-15T21:22:37Z,470000000,Актобе,101317689,Canon LIDE 400 2996C010 черный,price,58921,58918
2026-08-15T21:22:37Z,470000000,Актобе,120134606,AULA F75 Side-Printed голубой,price,22542,22538
2026-08-15T21:22:37Z,470000000,Актобе,128745315,Midea MF200W90WB/T-C серый,price,220903,220887
2026-08-15T21:22:37Z,470000000,Актобе,109719960,Transcend TS250GESD260C 250 ГБ,price,41728,41725
2026-08-15T21:22:37Z,470000000,Актобе,140332233,Garmin Forerunner 970 47 мм белый-зеленый,price,455374,455342
2026-08-15T21:22:37Z,470000000,Актобе,148005901,Huawei WATCH GT 6 46 мм серебристый-зеленый,price,94383,94380
2026-08-15T21:22:37Z,470000000,Актобе,139561340,AULA HERO 68 HE белый,price,20676,20671
2026-08-15T21:22:37Z,470000000,Актобе,139955883,Huawei WATCH FIT 4 Pro 44 мм серебристый-зеленый,price,74742,74729
2026-08-15T21:22:37Z,470000000,Актобе,109731154,Canon EOS R7 Body черный,price,611349,611290
2026-08-15T21:22:37Z,470000000,Актобе,120935104,Dream H12 Pro PLUS черный,price,119495,119487
2026-08-15T21:22:37Z,470000000,Актобе,131430159,Наушники Soundcore Liberty 4 PRO черный,price,66369,66366
2026-08-15T21:22:37Z,470000000,Актобе,142884485,Garmin VENU X1 46 мм черный-черный,price,463599,463509
2026-08-15T21:22:37Z,470000000,Актобе,145820746,Roborock S8 Pro RRA0TAL черный,price,114642,114630
2026-08-15T21:22:37Z,470000000,Актобе,145451616,"Dreame H30 Ultra Mix черный, серый",price,162729,162721
2026-08-15T21:22:37Z,470000000,Актобе,154084045,Bambu Lab PLA Matte 1.75 мм 1 кг темно-синий,price,8998,8458
2026-08-15T21:22:37Z,470000000,Актобе,154084045,Bambu Lab PLA Matte 1.75 мм 1 кг темно-синий,discount,0,14
2026-08-15T21:22:37Z,470000000,Актобе,137352961,AULA F75 Black Contour черный,price,23097,23093
2026-08-15T21:22:37Z,470000000,Актобе,133975075,Garmin Instinct 3 Solar 45 мм черный,price,249841,249833
2026-08-15T21:22:37Z,470000000,Актобе,116455986,Система подачи материалов Bambu Lab AMS - Automatic Material System,price,141539,148988
2026-08-15T21:22:37Z,470000000,Актобе,116455986,Система подачи материалов Bambu Lab AMS - Automatic Material System,discount,11,0
2026-08-15T21:22:37Z,470000000,Актобе,114298557,МФУ Canon I-SENSYS MF461DW 5951C020,price,212593,212590
2026-08-15T21:22:37Z,470000000,Актобе,156555269,Garmin Instinct 3 AMOLED 50 мм черный-синий,price,312934,312931
2026-08-15T21:22:37Z,470000000,Актобе,169144934,Roborock S9+ белый,price,184690,184678
2026-08-15T21:22:37Z,470000000,Актобе,171512267,ONYX BOOX для Go 6 Gen II бежевый,price,10439,10988
2026-08-15T21:22:37Z,470000000,Актобе,171512267,ONYX BOOX для Go 6 Gen II бежевый,discount,25,22
2026-08-15T21:22:37Z,470000000,Актобе,169114829,Roborock S9+ черный,price,184690,184678
2026-08-15T21:22:37Z,470000000,Актобе,124278317,Garmin Fenix 8 Solar 47 мм черный,price,605443,605412
2026-08-15T21:22:37Z,470000000,Актобе,131472928,Портативная колонка Soundcore Boom 2 Plus синий,price,116383,116371
2026-08-15T21:22:37Z,470000000,Актобе,148348291,Canon EOS R50 + RF-S 18-45 mm IS STM,price,329435,329419
2026-08-15T21:22:37Z,470000000,Актобе,169114918,Roborock S9 черный,price,140690,140678
2026-08-15T21:22:37Z,470000000,Актобе,145557809,TECNO SPARK 40C 8 ГБ/256 ГБ белый,price,83052,83049
2026-08-15T21:22:37Z,470000000,Актобе,7300141,Transcend TS1TSJ25H3B 1000 Гб,price,62051,62041
2026-08-15T21:22:37Z,470000000,Актобе,141530670,Xiaomi Smart Band 10 серебристый,price,21924,21921
2026-08-15T21:22:37Z,470000000,Актобе,148148023,TCL 43V6C 109 см черный,price,179979,179988
2026-08-15T21:22:37Z,470000000,Актобе,165935475,ATK Dragonfly A9 Air белый,price,34476,34473
2026-08-15T21:22:37Z,470000000,Актобе,143973797,TECNO SPARK 40C 8 ГБ/128 ГБ белый,price,74773,74752
2026-08-15T21:22:37Z,470000000,Актобе,109310228,Garmin Forerunner 265S 42 мм розовый-розовый,price,281896,281891
2026-08-15T21:22:37Z,470000000,Актобе,130022770,Canon CANOSCAN LIDE 300 черный,price,50879,50866
2026-08-15T21:22:37Z,470000000,Актобе,114237446,Transcend TS256GUSD340S 256 Гб,price,79842,79837
2026-08-15T21:22:37Z,470000000,Актобе,116193383,Garmin Lily 2 Classic 25 мм серебристый-бежевый-бежевый,price,218934,218931
2026-08-15T21:22:37Z,470000000,Актобе,100305103,"Бассейн каркасный Bestway 56082/56424, 400x211x81 см",price,58832,58811
2026-08-15T21:22:37Z,470000000,Актобе,167230393,Наушники Huawei FreeBuds Pro 5 темно-серый,price,79578,79386
2026-08-15T21:22:37Z,470000000,Актобе,110723747,Canon RF 100-400mm f/5.6-8 IS USM,price,390687,390634
2026-08-15T21:22:37Z,470000000,Актобе,116535193,МФУ Canon I-Sensys MF465dw 5951C007AA,price,224772,224751
2026-08-15T21:22:37Z,470000000,Актобе,141046478,Canon EOS R50 + RF-S 18-45 mm IS STM 5811C036,price,329428,329412
2026-08-15T21:22:37Z,470000000,Актобе,109731162,Canon EOS R10 kit RF-S 18–150mm f/3.5–6.3 IS STM,price,591533,591466
2026-08-15T21:22:37Z,470000000,Актобе,113556362,Canon EOS R50 RF-S 18-45 + Kit 55-210 mm,price,574199,574189
2026-08-15T21:22:37Z,470000000,Актобе,143300800,Наушники MOONDROP Aria 2 серебристый,price,48399,48396
2026-08-15T21:22:37Z,470000000,Актобе,132979867,AULA AU75 черный,price,22127,22123
2026-08-15T21:22:37Z,470000000,Актобе,129064979,Canon EOS R100 + RF-S 18-45mm + RF-S 55-210mm,price,455503,455500
2026-08-15T21:22:37Z,470000000,Актобе,113028541,Garmin VENU 3 45 мм белый-белый,price,292994,292991
2026-08-15T21:22:37Z,470000000,Актобе,116788713,Transcend TS1TESD410C 1000 Гб,price,183782,183778
2026-08-15T21:22:37Z,470000000,Актобе,163444484,Huawei nova 15 12 ГБ/256 ГБ белый,price,199873,199870
2026-08-15T21:22:37Z,470000000,Актобе,138584777,Garmin Vivoactive 6 42 мм зеленый,price,206461,206458
2026-08-15T21:22:37Z,470000000,Актобе,15400127,"Бассейн каркасный Bestway Steel Pro Frame 56424, 400x211x81 см",price,58832,58811
2026-08-15T21:22:37Z,470000000,Актобе,110648816,Philips BHS752/00 утюжок 25 мм,price,61943,61940
2026-08-15T21:22:37Z,470000000,Актобе,157683664,Наушники AULA G7 черный,price,12246,12242
2026-08-15T21:22:37Z,470000000,Актобе,106851929,Garmin MARQ Aviator Gen 2 серебристый,price,1476694,1476678
2026-08-15T21:22:37Z,470000000,Актобе,114801730,Canon RF 24mm f/1.8 Macro IS STM,price,272702,272687
2026-08-15T21:22:37Z,470000000,Актобе,143693130,Наушники AULA G7 белый,price,11450,11446
2026-08-15T21:22:37Z,470000000,Актобе,169077113,Roborock S9 белый,price,140690,140678
2026-08-15T21:22:37Z,470000000,Актобе,163483165,Наушники Soundcore Sleep A30 Green зеленый,price,85397,85395
2026-08-15T21:22:37Z,470000000,Актобе,141885718,Garmin Instinct 3 Solar Tactical 45 мм черный,price,289934,289931
2026-08-15T21:22:37Z,470000000,Актобе,128243261,Система подачи материалов Bambu Lab Ams lite,price,132716,132713
2026-08-15T21:22:37Z,470000000,Актобе,163414583,AULA F75 розовый,price,23522,23517
2026-08-15T21:22:37Z,470000000,Актобе,116193133,Garmin Lily 2 Classic 25 мм бордовый-бордовый,price,218934,218931
2026-08-15T21:22:37Z,470000000,Актобе,137761682,AULA SC380 PRO белый,price,11305,11301
2026-08-15T21:22:37Z,470000000,Актобе,171178069,Roborock Saros 20 черный,price,699690,699678
2026-08-15T21:22:37Z,470000000,Актобе,150445434,Sapphire PULSE AMD Radeon RX 9070 16 Гб,price,407646,407634
2026-08-15T21:22:37Z,470000000,Актобе,114176446,POCKET BOOK PB634-3-CIS 6 дюйм 1 Гб красный,price,105605,105602
2026-08-15T21:22:37Z,470000000,Актобе,108430983,Canon EOS R7 Kit 18-150mm черный,price,809745,809672
2026-08-15T21:22:37Z,470000000,Актобе,122265923,Canon EOS R5 Mark II body,price,1729375,1729230
2026-08-15T21:22:37Z,470000000,Актобе,146975796,AULA HERO 68 HE Frosted белый,price,27254,27250
2026-08-15T21:22:37Z,470000000,Актобе,137761585,AULA SC380 PRO черный,price,11127,11122
2026-08-15T21:22:37Z,470000000,Актобе,112143554,Transcend TS128GUSD340S 128 Гб,price,41765,41762
2026-08-15T21:22:37Z,470000000,Актобе,163483158,Наушники Soundcore Sleep A30 White белый,price,85489,89988
2026-08-15T21:22:37Z,470000000,Актобе,114460686,Garmin MARQ Golfer Gen 2 Carbon Edition черный,price,1756204,1756201
2026-08-15T21:22:37Z,470000000,Актобе,140932721,Midea MID60S350i-C серый,price,221494,221492
2026-08-15T21:22:37Z,470000000,Актобе,122651840,Canon RF-S 55-210mm f/5-7.1 IS STM,price,279352,279348
2026-08-15T21:22:37Z,470000000,Актобе,105544265,Canon RF 70-200mm f/4L IS USM,price,813377,813320
2026-08-15T21:22:37Z,470000000,Актобе,101018992,"Бассейн каркасный Bestway Power Steel 56465, 549x274x122 см",price,267803,267800
2026-08-15T21:22:37Z,470000000,Актобе,112921022,МФУ Canon imageRUNNER 2224 5942C001,price,608802,608799
2026-08-15T21:22:37Z,470000000,Актобе,130022687,Canon CANOSCAN LIDE 400 черный,price,58921,58918
2026-08-15T22:23:17Z,750000000,Алматы,108430990,Canon EOS R6 Mark II Body черный,price,816416,815764
2026-08-15T22:23:17Z,750000000,Алматы,129065160,Наушники REDMI Buds 6 Play розовый,price,6773,6770
2026-08-15T22:23:17Z,750000000,Алматы,147374082,HONOR X9d 12 ГБ/256 ГБ черный,price,237942,237936
2026-08-15T22:23:17Z,750000000,Алматы,134328061,"Видеорегистратор 70mai M310 черный, серый",price,28572,28569
2026-08-15T22:23:17Z,750000000,Алматы,117969957,PXN V99 черный,price,102631,102628
2026-08-15T22:23:17Z,750000000,Алматы,106042231,Наушники Fifine H6 черный,price,20012,20009
2026-08-15T22:23:17Z,750000000,Алматы,106795757,Canon EOS R10 kit 18-45mm IS STM,price,462746,462593
2026-08-15T22:23:17Z,750000000,Алматы,115034062,МФУ Canon i-SENSYS MF275dw,price,185935,185917
2026-08-15T22:23:17Z,750000000,Алматы,110151201,Canon EOS R6 Mark II Kit RF 24-105mm F/4-7.1 IS STM черный,price,1079717,1079536
2026-08-15T22:23:17Z,750000000,Алматы,141530632,Xiaomi Smart Band 10 черный,price,21921,21918
2026-08-15T22:23:17Z,750000000,Алматы,119596967,EPOMAKER x AULA F75 черный,price,21350,21346
2026-08-15T22:23:17Z,750000000,Алматы,139895845,Roborock F25 - ACE черный,price,199634,199622
2026-08-15T22:23:17Z,750000000,Алматы,146792191,Midea MD200H90WB/T-C серый,price,266378,266336
2026-08-15T22:23:17Z,750000000,Алматы,140332176,Garmin Forerunner 970 47 мм бежевый-фиолетовый,price,458070,458032
2026-08-15T22:23:17Z,750000000,Алматы,122963224,Garmin Fenix 8 43 мм белый-белый,price,544956,544828
2026-08-15T22:23:17Z,750000000,Алматы,106042325,Микрофон Fifine A6V черный,price,18705,18702
2026-08-15T22:23:17Z,750000000,Алматы,115178468,POCKET BOOK PB629-M-CIS 6 дюйм 8 Гб серый,price,87638,87634
2026-08-15T22:23:17Z,750000000,Алматы,145820693,Roborock S8 Pro RRA0TAL белый,price,114640,114628
2026-08-15T22:23:17Z,750000000,Алматы,132855201,AULA F75 Side-Printed розовый,price,21473,21469
2026-08-15T22:23:17Z,750000000,Алматы,110057315,70mai зарядное устройство для видеорегистратора Midrive UP03 USB Type-C черный,price,8356,8353
2026-08-15T22:23:17Z,750000000,Алматы,133974886,Garmin Instinct E 45 мм серый,price,186931,186928
2026-08-15T22:23:17Z,750000000,Алматы,113029065,Garmin VENU 3S 41 мм розовый-розовый,price,293911,293907
2026-08-15T22:23:17Z,750000000,Алматы,103627190,Canon RF 16mm f/2.8 STM,price,129191,129170
2026-08-15T22:23:17Z,750000000,Алматы,150110690,Sen Sulu blush stick румяна 03 frosted bllom,price,8868,8865
2026-08-15T22:23:17Z,750000000,Алматы,145620660,TECNO SPARK 40C 8 ГБ/128 ГБ серый,price,74890,74872
2026-08-15T22:23:17Z,750000000,Алматы,123942422,Canon RF 35mm f/1.4 L VCM,price,737382,737363
2026-08-15T22:23:17Z,750000000,Алматы,145978939,Внешний аккумулятор Xiaomi Super Slim Magnetic Power Bank 5000 мАч 22.5 Вт WPB0507S фиолетовый,price,18882,18878
2026-08-15T22:23:17Z,750000000,Алматы,141005445,AULA SC620 черный,price,11275,11994
2026-08-15T22:23:17Z,750000000,Алматы,120263286,Bambu Lab PLA Matte 1.75 мм 1 кг черный,price,8942,8939
2026-08-15T22:23:17Z,750000000,Алматы,145978921,Внешний аккумулятор Xiaomi Super Slim Magnetic Power Bank 5000 мАч 22.5 Вт WPB0507S золотистый,price,18884,18880
2026-08-15T22:23:17Z,750000000,Алматы,147392127,Внешний аккумулятор Xiaomi Super Slim Magnetic WPB0507S (BHR08PMGL) 5000 мАч 22.5 Вт черный,price,18873,18869
2026-08-15T22:23:17Z,750000000,Алматы,129319883,Garmin Lily 2 Active 38 мм серебристый-фиолетовый,price,218934,218931
2026-08-15T22:23:17Z,750000000,Алматы,103492220,"Бассейн каркасный Bestway 56714, 427x250x100 см",price,144665,144662
2026-08-15T22:23:17Z,750000000,Алматы,116631467,"Бассейн каркасный Bestway 561FY, 396x396x107 см",price,116328,116324
2026-08-15T22:23:17Z,750000000,Алматы,163444184,Huawei nova 15 Pro 12 ГБ/512 ГБ белый,price,284876,284873
2026-08-15T22:23:17Z,750000000,Алматы,163444356,Huawei nova 15 12 ГБ/512 ГБ белый,price,199870,199867
2026-08-15T22:23:17Z,750000000,Алматы,15400145,"Бассейн каркасный Bestway Steel Pro Max 56420, 366x122 см",price,134694,134662
2026-08-15T22:23:17Z,750000000,Алматы,118273472,Аэрогриль Xiaomi Smart Air Fryer BHR7357EU 6.5 л черный,price,47900,47897
2026-08-15T22:23:17Z,750000000,Алматы,3701383,Deerma DX700 белый,price,14754,14756
2026-08-15T22:23:17Z,750000000,Алматы,115287903,DREAME H12 Pro Plus CN черный,price,119487,119452
2026-08-15T22:23:17Z,750000000,Алматы,130251646,Наушники REDMI Buds 6 Play синий,price,6761,6758
2026-08-15T22:23:17Z,750000000,Алматы,145557956,TECNO SPARK 40C 8 ГБ/256 ГБ черный,price,84082,84069
2026-08-15T22:23:17Z,750000000,Алматы,132593287,"DREAME H30 Ultra Mix черный, серый",price,162728,162700
2026-08-15T22:23:17Z,750000000,Алматы,137684212,DREAME H30 ULTRA MIX CE серый,price,162721,162698
2026-08-15T22:23:17Z,750000000,Алматы,102158689,Микрофон Fifine T669 черный,price,21662,21644
2026-08-15T22:23:17Z,750000000,Алматы,118273499,Аэрогриль Xiaomi Smart Air Fryer BHR7358EU 6.5 л белый,price,47251,47241
2026-08-15T22:23:17Z,750000000,Алматы,143119833,Midea FSC-900DX стальной,price,227914,227911
2026-08-15T22:23:17Z,750000000,Алматы,145978945,Внешний аккумулятор Xiaomi Super Slim Magnetic Power Bank 5000 мАч 22.5 Вт WPB0507S черный,price,18873,18869
2026-08-15T22:23:17Z,750000000,Алматы,102211273,Midea MH 60P 205 X серебристый,price,33567,33557
2026-08-15T22:23:17Z,750000000,Алматы,123621889,Midea MFK03D105B/S-C серый,price,275193,275176
2026-08-15T22:23:17Z,750000000,Алматы,110349310,Canon EOS R50 Kit 18-45mm f4.5-6.3 IS STM черный,price,329419,329405
2026-08-15T22:23:17Z,750000000,Алматы,115633970,Canon LIDE 300 2995C010 черный,price,50866,50853
2026-08-15T22:23:17Z,750000000,Алматы,15300377,Transcend TS128GSDC300S 128 Gb,price,21568,21610
2026-08-15T22:23:17Z,750000000,Алматы,1500075,Принтер Canon i-SENSYS LBP6030B,price,85596,85593
2026-08-15T22:23:17Z,750000000,Алматы,141746219,Xiaomi Robot Vacuum S40C Е101CDZ белый,price,84868,84865
2026-08-15T22:23:17Z,750000000,Алматы,154255448,"Xiaomi камера видеонаблюдения MJSXJ27CM, 8MP, расширение 3840x2160",price,28176,28172
2026-08-15T22:23:17Z,750000000,Алматы,148148221,TCL 50V6C 127 см черный,price,219754,219748
2026-08-15T22:23:17Z,750000000,Алматы,137060417,AULA F75 MAX черный,price,27400,27395
2026-08-15T22:23:17Z,750000000,Алматы,101149860,Canon EOS RP RF 24-105 F4-7.1 IS STM,price,545344,545236
2026-08-15T22:23:17Z,750000000,Алматы,113404917,POCKET BOOK InkPad 4 7.8 дюйм 32 Гб серебристый,price,164670,164704
2026-08-15T22:23:17Z,750000000,Алматы,112245834,Canon EOS R8 Body черный,price,602770,602574
2026-08-15T22:23:17Z,750000000,Алматы,166975826,HONOR 600 Pro 12 ГБ/512 ГБ черный,price,548700,548694
2026-08-15T22:23:17Z,750000000,Алматы,112301355,МФУ Canon MAXIFY GX3040,price,123853,123851
2026-08-15T22:23:17Z,750000000,Алматы,103313279,Очиститель воздуха SmartMi Smartmi Air Purifier P1 серый,price,55130,55118
2026-08-15T22:23:17Z,750000000,Алматы,151096402,Garmin Fenix 8 Pro 47 мм черный,price,653715,653690
2026-08-15T22:23:17Z,750000000,Алматы,140332288,Garmin Forerunner 970 47 мм черный,price,449150,449124
2026-08-15T22:23:17Z,750000000,Алматы,138584959,Garmin Vivoactive 6 42 мм бежевый,price,205991,205988
2026-08-15T22:23:17Z,750000000,Алматы,139307969,Кофемашина Xiaomi Semi-Automatic Espresso Machine серебристый,price,61260,61257
2026-08-15T22:23:17Z,750000000,Алматы,149031743,ZTE Nubia RedMagic Astra 9.06 дюйм 24 Гб/1024 Гб черный,price,569880,569877
2026-08-15T22:23:17Z,750000000,Алматы,109310071,Garmin Forerunner 265S 42 мм белый-белый,price,275081,275072
2026-08-15T22:23:17Z,750000000,Алматы,113029701,Garmin VENU 3S белый,price,278660,278649
2026-08-15T22:23:17Z,750000000,Алматы,118179738,Canon EOS R50 RF-S 15-45 IS STM черный,price,329419,329405
2026-08-15T22:23:17Z,750000000,Алматы,138585258,Garmin Vivoactive 6 42 мм черный,price,199477,199473
2026-08-15T22:23:17Z,750000000,Алматы,114761211,Fifine SC3,price,25325,25321
2026-08-15T22:23:17Z,750000000,Алматы,112972977,Видеорегистратор 70mai A810 черный,price,99945,99942
2026-08-15T22:23:17Z,750000000,Алматы,153277705,TCL 75V6C 191 см черный,price,422837,422834
2026-08-15T22:23:17Z,750000000,Алматы,122963617,Garmin Fenix 8 47 мм черный,price,605556,605466
2026-08-15T22:23:17Z,750000000,Алматы,142719480,"27"" Xiaomi 4K Monitor 27 A27Ui-EU P27UCB-RAGL черный",price,144916,144910
2026-08-15T22:23:17Z,750000000,Алматы,122966507,Garmin Fenix 8 51 мм черно-серый,price,653023,652954
2026-08-15T22:23:17Z,750000000,Алматы,143300737,Наушники MOONDROP Rays фиолетовый,price,47233,47230
2026-08-15T22:23:17Z,750000000,Алматы,151096352,Garmin Fenix 8 Pro 51 мм серебристый-серый,price,731218,731210
2026-08-15T22:23:17Z,750000000,Алматы,109310183,Garmin Forerunner 265S 42 мм черный-черный,price,268815,268783
2026-08-15T22:23:17Z,750000000,Алматы,122962879,Garmin Fenix 8 51 мм черный,price,607365,607317
2026-08-15T22:23:17Z,750000000,Алматы,109351561,Garmin Forerunner 965 белый,price,373582,373579
2026-08-15T22:23:17Z,750000000,Алматы,101513764,"Бассейн каркасный Bestway 5612B, 640x274x132 см",price,368699,324456
2026-08-15T22:23:17Z,750000000,Алматы,101513764,"Бассейн каркасный Bestway 5612B, 640x274x132 см",discount,0,15
2026-08-15T22:23:17Z,750000000,Алматы,106852140,Garmin MARQ Golfer Gen 2 серебристый-зеленый-зеленый,price,1410701,1410628
2026-08-15T22:23:17Z,750000000,Алматы,143300811,Наушники MOONDROP Aria 2 красный,price,49576,49573
2026-08-15T22:23:17Z,750000000,Алматы,154805003,Realme GT 8 Pro 16 ГБ/512 ГБ синий,price,599960,599958
2026-08-15T22:23:17Z,750000000,Алматы,101317689,Canon LIDE 400 2996C010 черный,price,58918,58915
2026-08-15T22:23:17Z,750000000,Алматы,120134606,AULA F75 Side-Printed голубой,price,22538,22534
2026-08-15T22:23:17Z,750000000,Алматы,128745315,Midea MF200W90WB/T-C серый,price,220887,220871
2026-08-15T22:23:17Z,750000000,Алматы,109719960,Transcend TS250GESD260C 250 ГБ,price,41725,41722
2026-08-15T22:23:17Z,750000000,Алматы,140332233,Garmin Forerunner 970 47 мм белый-зеленый,price,455342,455305
2026-08-15T22:23:17Z,750000000,Алматы,148005901,Huawei WATCH GT 6 46 мм серебристый-зеленый,price,94380,94377
2026-08-15T22:23:17Z,750000000,Алматы,139561340,AULA HERO 68 HE белый,price,20671,20666
2026-08-15T22:23:17Z,750000000,Алматы,139955883,Huawei WATCH FIT 4 Pro 44 мм серебристый-зеленый,price,74733,74739
2026-08-15T22:23:17Z,750000000,Алматы,109731154,Canon EOS R7 Body черный,price,611290,611219
2026-08-15T22:23:17Z,750000000,Алматы,120935104,Dream H12 Pro PLUS черный,price,119487,119463
2026-08-15T22:23:17Z,750000000,Алматы,131430159,Наушники Soundcore Liberty 4 PRO черный,price,66366,66363
2026-08-15T22:23:17Z,750000000,Алматы,142884485,Garmin VENU X1 46 мм черный-черный,price,463509,463397
2026-08-15T22:23:17Z,750000000,Алматы,145820746,Roborock S8 Pro RRA0TAL черный,price,114630,114618
2026-08-15T22:23:17Z,750000000,Алматы,145451616,"Dreame H30 Ultra Mix черный, серый",price,162721,162698
2026-08-15T22:23:17Z,750000000,Алматы,154084045,Bambu Lab PLA Matte 1.75 мм 1 кг темно-синий,price,8458,8998
2026-08-15T22:23:17Z,750000000,Алматы,154084045,Bambu Lab PLA Matte 1.75 мм 1 кг темно-синий,discount,14,0
2026-08-15T22:23:17Z,750000000,Алматы,137352961,AULA F75 Black Contour черный,price,23093,23089
2026-08-15T22:23:17Z,750000000,Алматы,133975075,Garmin Instinct 3 Solar 45 мм черный,price,249833,249825
2026-08-15T22:23:17Z,750000000,Алматы,116455986,Система подачи материалов Bambu Lab AMS - Automatic Material System,price,148988,141539
2026-08-15T22:23:17Z,750000000,Алматы,116455986,Система подачи материалов Bambu Lab AMS - Automatic Material System,discount,0,11
2026-08-15T22:23:17Z,750000000,Алматы,114298557,МФУ Canon I-SENSYS MF461DW 5951C020,price,212590,212587
2026-08-15T22:23:17Z,750000000,Алматы,156555269,Garmin Instinct 3 AMOLED 50 мм черный-синий,price,312931,312928
2026-08-15T22:23:17Z,750000000,Алматы,169144934,Roborock S9+ белый,price,184678,184666
2026-08-15T22:23:17Z,750000000,Алматы,171512267,ONYX BOOX для Go 6 Gen II бежевый,price,10988,10439
2026-08-15T22:23:17Z,750000000,Алматы,171512267,ONYX BOOX для Go 6 Gen II бежевый,discount,22,25
2026-08-15T22:23:17Z,750000000,Алматы,169114829,Roborock S9+ черный,price,184678,184666
2026-08-15T22:23:17Z,750000000,Алматы,124278317,Garmin Fenix 8 Solar 47 мм черный,price,605405,605321
2026-08-15T22:23:17Z,750000000,Алматы,131472928,Портативная колонка Soundcore Boom 2 Plus синий,price,116371,116359
2026-08-15T22:23:17Z,750000000,Алматы,148348291,Canon EOS R50 + RF-S 18-45 mm IS STM,price,329419,329405
2026-08-15T22:23:17Z,750000000,Алматы,169114918,Roborock S9 черный,price,140678,140666
2026-08-15T22:23:17Z,750000000,Алматы,145557809,TECNO SPARK 40C 8 ГБ/256 ГБ белый,price,83049,83046
2026-08-15T22:23:17Z,750000000,Алматы,7300141,Transcend TS1TSJ25H3B 1000 Гб,price,62041,62037
2026-08-15T22:23:17Z,750000000,Алматы,141530670,Xiaomi Smart Band 10 серебристый,price,21921,21918
2026-08-15T22:23:17Z,750000000,Алматы,165935475,ATK Dragonfly A9 Air белый,price,34473,34470
2026-08-15T22:23:17Z,750000000,Алматы,143973797,TECNO SPARK 40C 8 ГБ/128 ГБ белый,price,74752,74737
2026-08-15T22:23:17Z,750000000,Алматы,109310228,Garmin Forerunner 265S 42 мм розовый-розовый,price,281891,281886
2026-08-15T22:23:17Z,750000000,Алматы,130022770,Canon CANOSCAN LIDE 300 черный,price,50866,50853
2026-08-15T22:23:17Z,750000000,Алматы,114237446,Transcend TS256GUSD340S 256 Гб,price,79837,79912
2026-08-15T22:23:17Z,750000000,Алматы,116193383,Garmin Lily 2 Classic 25 мм серебристый-бежевый-бежевый,price,218931,218928
2026-08-15T22:23:17Z,750000000,Алматы,100305103,"Бассейн каркасный Bestway 56082/56424, 400x211x81 см",price,58811,58790
2026-08-15T22:23:17Z,750000000,Алматы,167230393,Наушники Huawei FreeBuds Pro 5 темно-серый,price,79386,79382
2026-08-15T22:23:17Z,750000000,Алматы,110723747,Canon RF 100-400mm f/5.6-8 IS USM,price,390634,390551
2026-08-15T22:23:17Z,750000000,Алматы,116535193,МФУ Canon I-Sensys MF465dw 5951C007AA,price,224751,224748
2026-08-15T22:23:17Z,750000000,Алматы,141046478,Canon EOS R50 + RF-S 18-45 mm IS STM 5811C036,price,329415,329409
2026-08-15T22:23:17Z,750000000,Алматы,109731162,Canon EOS R10 kit RF-S 18–150mm f/3.5–6.3 IS STM,price,591466,591393
2026-08-15T22:23:17Z,750000000,Алматы,113556362,Canon EOS R50 RF-S 18-45 + Kit 55-210 mm,price,574189,574181
2026-08-15T22:23:17Z,750000000,Алматы,143300800,Наушники MOONDROP Aria 2 серебристый,price,48396,48393
2026-08-15T22:23:17Z,750000000,Алматы,132979867,AULA AU75 черный,price,22123,22119
2026-08-15T22:23:17Z,750000000,Алматы,129064979,Canon EOS R100 + RF-S 18-45mm + RF-S 55-210mm,price,455500,455497
2026-08-15T22:23:17Z,750000000,Алматы,113028541,Garmin VENU 3 45 мм белый-белый,price,292991,292988
2026-08-15T22:23:17Z,750000000,Алматы,116788713,Transcend TS1TESD410C 1000 Гб,price,183778,183774
2026-08-15T22:23:17Z,750000000,Алматы,163444484,Huawei nova 15 12 ГБ/256 ГБ белый,price,199870,199867
2026-08-15T22:23:17Z,750000000,Алматы,138584777,Garmin Vivoactive 6 42 мм зеленый,price,206458,206455
2026-08-15T22:23:17Z,750000000,Алматы,15400127,"Бассейн каркасный Bestway Steel Pro Frame 56424, 400x211x81 см",price,58811,58790
2026-08-15T22:23:17Z,750000000,Алматы,110648816,Philips BHS752/00 утюжок 25 мм,price,61940,61937
2026-08-15T22:23:17Z,750000000,Алматы,106851929,Garmin MARQ Aviator Gen 2 серебристый,price,1476678,1476674
2026-08-15T22:23:17Z,750000000,Алматы,114801730,Canon RF 24mm f/1.8 Macro IS STM,price,272687,272670
2026-08-15T22:23:17Z,750000000,Алматы,169077113,Roborock S9 белый,price,140678,140666
2026-08-15T22:23:17Z,750000000,Алматы,163483165,Наушники Soundcore Sleep A30 Green зеленый,price,85395,85393
2026-08-15T22:23:17Z,750000000,Алматы,141885718,Garmin Instinct 3 Solar Tactical 45 мм черный,price,289931,289928
2026-08-15T22:23:17Z,750000000,Алматы,128243261,Система подачи материалов Bambu Lab Ams lite,price,132713,132710
2026-08-15T22:23:17Z,750000000,Алматы,163414583,AULA F75 розовый,price,23517,23512
2026-08-15T22:23:17Z,750000000,Алматы,116193133,Garmin Lily 2 Classic 25 мм бордовый-бордовый,price,218931,218928
2026-08-15T22:23:17Z,750000000,Алматы,137761682,AULA SC380 PRO белый,price,11301,11297
2026-08-15T22:23:17Z,750000000,Алматы,171178069,Roborock Saros 20 черный,price,699678,699666
2026-08-15T22:23:17Z,750000000,Алматы,150445434,Sapphire PULSE AMD Radeon RX 9070 16 Гб,price,407634,407622
2026-08-15T22:23:17Z,750000000,Алматы,114176446,POCKET BOOK PB634-3-CIS 6 дюйм 1 Гб красный,price,105602,105599
2026-08-15T22:23:17Z,750000000,Алматы,108430983,Canon EOS R7 Kit 18-150mm черный,price,809688,809601
2026-08-15T22:23:17Z,750000000,Алматы,122265923,Canon EOS R5 Mark II body,price,1729301,1729058
2026-08-15T22:23:17Z,750000000,Алматы,146975796,AULA HERO 68 HE Frosted белый,price,27250,27246
2026-08-15T22:23:17Z,750000000,Алматы,137761585,AULA SC380 PRO черный,price,11122,11117
2026-08-15T22:23:17Z,750000000,Алматы,112143554,Transcend TS128GUSD340S 128 Гб,price,41762,41793
2026-08-15T22:23:17Z,750000000,Алматы,163483158,Наушники Soundcore Sleep A30 White белый,price,89988,85489
2026-08-15T22:23:17Z,750000000,Алматы,114460686,Garmin MARQ Golfer Gen 2 Carbon Edition черный,price,1756201,1756198
2026-08-15T22:23:17Z,750000000,Алматы,122651840,Canon RF-S 55-210mm f/5-7.1 IS STM,price,279348,279344
2026-08-15T22:23:17Z,750000000,Алматы,105544265,Canon RF 70-200mm f/4L IS USM,price,813320,813249
2026-08-15T22:23:17Z,750000000,Алматы,101018992,"Бассейн каркасный Bestway Power Steel 56465, 549x274x122 см",price,267800,267797
2026-08-15T22:23:17Z,750000000,Алматы,112921022,МФУ Canon imageRUNNER 2224 5942C001,price,608799,608796
2026-08-15T22:23:17Z,750000000,Алматы,130022687,Canon CANOSCAN LIDE 400 черный,price,58918,58915
2026-08-15T22:23:17Z,710000000,Астана,108430990,Canon EOS R6 Mark II Body черный,price,816416,815963
2026-08-15T22:23:17Z,710000000,Астана,129065160,Наушники REDMI Buds 6 Play розовый,price,6773,6770
2026-08-15T22:23:17Z,710000000,Астана,147374082,HONOR X9d 12 ГБ/256 ГБ черный,price,237942,237936
2026-08-15T22:23:17Z,710000000,Астана,134328061,"Видеорегистратор 70mai M310 черный, серый",price,28572,28569
2026-08-15T22:23:17Z,710000000,Астана,117969957,PXN V99 черный,price,102631,102628
2026-08-15T22:23:17Z,710000000,Астана,106042231,Наушники Fifine H6 черный,price,20012,20009
2026-08-15T22:23:17Z,710000000,Астана,106795757,Canon EOS R10 kit 18-45mm IS STM,price,462706,462593
2026-08-15T22:23:17Z,710000000,Астана,115034062,МФУ Canon i-SENSYS MF275dw,price,185935,185917
2026-08-15T22:23:17Z,710000000,Астана,110151201,Canon EOS R6 Mark II Kit RF 24-105mm F/4-7.1 IS STM черный,price,1079717,1079536
2026-08-15T22:23:17Z,710000000,Астана,141530632,Xiaomi Smart Band 10 черный,price,21921,21918
2026-08-15T22:23:17Z,710000000,Астана,119596967,EPOMAKER x AULA F75 черный,price,21350,21346
2026-08-15T22:23:17Z,710000000,Астана,139895845,Roborock F25 - ACE черный,price,199634,199622
2026-08-15T22:23:17Z,710000000,Астана,146792191,Midea MD200H90WB/T-C серый,price,266378,266336
2026-08-15T22:23:17Z,710000000,Астана,140332176,Garmin Forerunner 970 47 мм бежевый-фиолетовый,price,458070,458032
2026-08-15T22:23:17Z,710000000,Астана,122963224,Garmin Fenix 8 43 мм белый-белый,price,544956,544828
2026-08-15T22:23:17Z,710000000,Астана,106042325,Микрофон Fifine A6V черный,price,18705,18702
2026-08-15T22:23:17Z,710000000,Астана,115178468,POCKET BOOK PB629-M-CIS 6 дюйм 8 Гб серый,price,87638,87634
2026-08-15T22:23:17Z,710000000,Астана,145820693,Roborock S8 Pro RRA0TAL белый,price,114640,114628
2026-08-15T22:23:17Z,710000000,Астана,132855201,AULA F75 Side-Printed розовый,price,21473,21469
2026-08-15T22:23:17Z,710000000,Астана,110057315,70mai зарядное устройство для видеорегистратора Midrive UP03 USB Type-C черный,price,8356,8353
2026-08-15T22:23:17Z,710000000,Астана,133974886,Garmin Instinct E 45 мм серый,price,186931,186928
2026-08-15T22:23:17Z,710000000,Астана,113029065,Garmin VENU 3S 41 мм розовый-розовый,price,293911,293907
2026-08-15T22:23:17Z,710000000,Астана,103627190,Canon RF 16mm f/2.8 STM,price,129191,129170
2026-08-15T22:23:17Z,710000000,Астана,150110690,Sen Sulu blush stick румяна 03 frosted bllom,price,8868,8865
2026-08-15T22:23:17Z,710000000,Астана,145620660,TECNO SPARK 40C 8 ГБ/128 ГБ серый,price,74890,74872
2026-08-15T22:23:17Z,710000000,Астана,123942422,Canon RF 35mm f/1.4 L VCM,price,737382,737363
2026-08-15T22:23:17Z,710000000,Астана,145978939,Внешний аккумулятор Xiaomi Super Slim Magnetic Power Bank 5000 мАч 22.5 Вт WPB0507S фиолетовый,price,18882,18878
2026-08-15T22:23:17Z,710000000,Астана,141005445,AULA SC620 черный,price,11275,11994
2026-08-15T22:23:17Z,710000000,Астана,120263286,Bambu Lab PLA Matte 1.75 мм 1 кг черный,price,8942,8939
2026-08-15T22:23:17Z,710000000,Астана,145978921,Внешний аккумулятор Xiaomi Super Slim Magnetic Power Bank 5000 мАч 22.5 Вт WPB0507S золотистый,price,18884,18880
2026-08-15T22:23:17Z,710000000,Астана,147392127,Внешний аккумулятор Xiaomi Super Slim Magnetic WPB0507S (BHR08PMGL) 5000 мАч 22.5 Вт черный,price,18873,18869
2026-08-15T22:23:17Z,710000000,Астана,129319883,Garmin Lily 2 Active 38 мм серебристый-фиолетовый,price,218934,218931
2026-08-15T22:23:17Z,710000000,Астана,103492220,"Бассейн каркасный Bestway 56714, 427x250x100 см",price,144665,144662
2026-08-15T22:23:17Z,710000000,Астана,116631467,"Бассейн каркасный Bestway 561FY, 396x396x107 см",price,116328,116324
2026-08-15T22:23:17Z,710000000,Астана,163444184,Huawei nova 15 Pro 12 ГБ/512 ГБ белый,price,284876,284873
2026-08-15T22:23:17Z,710000000,Астана,163444356,Huawei nova 15 12 ГБ/512 ГБ белый,price,199870,199867
2026-08-15T22:23:17Z,710000000,Астана,15400145,"Бассейн каркасный Bestway Steel Pro Max 56420, 366x122 см",price,134694,134662
2026-08-15T22:23:17Z,710000000,Астана,118273472,Аэрогриль Xiaomi Smart Air Fryer BHR7357EU 6.5 л черный,price,47900,47897
2026-08-15T22:23:17Z,710000000,Астана,3701383,Deerma DX700 белый,price,14754,14756
2026-08-15T22:23:17Z,710000000,Астана,115287903,DREAME H12 Pro Plus CN черный,price,119487,119452
2026-08-15T22:23:17Z,710000000,Астана,130251646,Наушники REDMI Buds 6 Play синий,price,6761,6758
2026-08-15T22:23:17Z,710000000,Астана,145557956,TECNO SPARK 40C 8 ГБ/256 ГБ черный,price,84082,84069
2026-08-15T22:23:17Z,710000000,Астана,132593287,"DREAME H30 Ultra Mix черный, серый",price,162721,162700
2026-08-15T22:23:17Z,710000000,Астана,137684212,DREAME H30 ULTRA MIX CE серый,price,162721,162698
2026-08-15T22:23:17Z,710000000,Астана,102158689,Микрофон Fifine T669 черный,price,21662,21644
2026-08-15T22:23:17Z,710000000,Астана,118273499,Аэрогриль Xiaomi Smart Air Fryer BHR7358EU 6.5 л белый,price,47251,47241
2026-08-15T22:23:17Z,710000000,Астана,143119833,Midea FSC-900DX стальной,price,227914,227911
2026-08-15T22:23:17Z,710000000,Астана,145978945,Внешний аккумулятор Xiaomi Super Slim Magnetic Power Bank 5000 мАч 22.5 Вт WPB0507S черный,price,18873,18869
2026-08-15T22:23:17Z,710000000,Астана,102211273,Midea MH 60P 205 X серебристый,price,33567,33557
2026-08-15T22:23:17Z,710000000,Астана,123621889,Midea MFK03D105B/S-C серый,price,275193,275176
2026-08-15T22:23:17Z,710000000,Астана,110349310,Canon EOS R50 Kit 18-45mm f4.5-6.3 IS STM черный,price,329419,329405
2026-08-15T22:23:17Z,710000000,Астана,115633970,Canon LIDE 300 2995C010 черный,price,50866,50853
2026-08-15T22:23:17Z,710000000,Астана,15300377,Transcend TS128GSDC300S 128 Gb,price,21568,21610
2026-08-15T22:23:17Z,710000000,Астана,1500075,Принтер Canon i-SENSYS LBP6030B,price,85596,85593
2026-08-15T22:23:17Z,710000000,Астана,141746219,Xiaomi Robot Vacuum S40C Е101CDZ белый,price,84868,84865
2026-08-15T22:23:17Z,710000000,Астана,154255448,"Xiaomi камера видеонаблюдения MJSXJ27CM, 8MP, расширение 3840x2160",price,28176,28172
2026-08-15T22:23:17Z,710000000,Астана,148148221,TCL 50V6C 127 см черный,price,219754,219748
2026-08-15T22:23:17Z,710000000,Астана,137060417,AULA F75 MAX черный,price,27400,27395
2026-08-15T22:23:17Z,710000000,Астана,101149860,Canon EOS RP RF 24-105 F4-7.1 IS STM,price,545313,545257
2026-08-15T22:23:17Z,710000000,Астана,113404917,POCKET BOOK InkPad 4 7.8 дюйм 32 Гб серебристый,price,164670,164704
2026-08-15T22:23:17Z,710000000,Астана,112245834,Canon EOS R8 Body черный,price,602770,602574
2026-08-15T22:23:17Z,710000000,Астана,166975826,HONOR 600 Pro 12 ГБ/512 ГБ черный,price,548700,548694
2026-08-15T22:23:17Z,710000000,Астана,112301355,МФУ Canon MAXIFY GX3040,price,123853,123851
2026-08-15T22:23:17Z,710000000,Астана,103313279,Очиститель воздуха SmartMi Smartmi Air Purifier P1 серый,price,55130,55118
2026-08-15T22:23:17Z,710000000,Астана,151096402,Garmin Fenix 8 Pro 47 мм черный,price,653715,653690
2026-08-15T22:23:17Z,710000000,Астана,140332288,Garmin Forerunner 970 47 мм черный,price,449150,449124
2026-08-15T22:23:17Z,710000000,Астана,138584959,Garmin Vivoactive 6 42 мм бежевый,price,205991,205988
2026-08-15T22:23:17Z,710000000,Астана,139307969,Кофемашина Xiaomi Semi-Automatic Espresso Machine серебристый,price,61260,61257
2026-08-15T22:23:17Z,710000000,Астана,149031743,ZTE Nubia RedMagic Astra 9.06 дюйм 24 Гб/1024 Гб черный,price,569880,569877
2026-08-15T22:23:17Z,710000000,Астана,109310071,Garmin Forerunner 265S 42 мм белый-белый,price,275081,275072
2026-08-15T22:23:17Z,710000000,Астана,113029701,Garmin VENU 3S белый,price,278660,278649
2026-08-15T22:23:17Z,710000000,Астана,118179738,Canon EOS R50 RF-S 15-45 IS STM черный,price,329419,329405
2026-08-15T22:23:17Z,710000000,Астана,138585258,Garmin Vivoactive 6 42 мм черный,price,199477,199473
2026-08-15T22:23:17Z,710000000,Астана,114761211,Fifine SC3,price,25325,25321
2026-08-15T22:23:17Z,710000000,Астана,112972977,Видеорегистратор 70mai A810 черный,price,99945,99942
2026-08-15T22:23:17Z,710000000,Астана,153277705,TCL 75V6C 191 см черный,price,422837,422834
2026-08-15T22:23:17Z,710000000,Астана,122963617,Garmin Fenix 8 47 мм черный,price,605543,605466
2026-08-15T22:23:17Z,710000000,Астана,142719480,"27"" Xiaomi 4K Monitor 27 A27Ui-EU P27UCB-RAGL черный",price,144916,144910
2026-08-15T22:23:17Z,710000000,Астана,122966507,Garmin Fenix 8 51 мм черно-серый,price,653023,652954
2026-08-15T22:23:17Z,710000000,Астана,143300737,Наушники MOONDROP Rays фиолетовый,price,47233,47230
2026-08-15T22:23:17Z,710000000,Астана,151096352,Garmin Fenix 8 Pro 51 мм серебристый-серый,price,731218,731210
2026-08-15T22:23:17Z,710000000,Астана,109310183,Garmin Forerunner 265S 42 мм черный-черный,price,268815,268783
2026-08-15T22:23:17Z,710000000,Астана,122962879,Garmin Fenix 8 51 мм черный,price,607365,607311
2026-08-15T22:23:17Z,710000000,Астана,109351561,Garmin Forerunner 965 белый,price,373582,373579
2026-08-15T22:23:17Z,710000000,Астана,101513764,"Бассейн каркасный Bestway 5612B, 640x274x132 см",price,368699,324456
2026-08-15T22:23:17Z,710000000,Астана,101513764,"Бассейн каркасный Bestway 5612B, 640x274x132 см",discount,0,15
2026-08-15T22:23:17Z,710000000,Астана,106852140,Garmin MARQ Golfer Gen 2 серебристый-зеленый-зеленый,price,1410701,1410628
2026-08-15T22:23:17Z,710000000,Астана,143300811,Наушники MOONDROP Aria 2 красный,price,49576,49573
2026-08-15T22:23:17Z,710000000,Астана,154805003,Realme GT 8 Pro 16 ГБ/512 ГБ синий,price,599960,599958
2026-08-15T22:23:17Z,710000000,Астана,101317689,Canon LIDE 400 2996C010 черный,price,58918,58915
2026-08-15T22:23:17Z,710000000,Астана,120134606,AULA F75 Side-Printed голубой,price,22538,22534
2026-08-15T22:23:17Z,710000000,Астана,128745315,Midea MF200W90WB/T-C серый,price,220887,220871
2026-08-15T22:23:17Z,710000000,Астана,109719960,Transcend TS250GESD260C 250 ГБ,price,41725,41722
2026-08-15T22:23:17Z,710000000,Астана,140332233,Garmin Forerunner 970 47 мм белый-зеленый,price,455342,455305
2026-08-15T22:23:17Z,710000000,Астана,148005901,Huawei WATCH GT 6 46 мм серебристый-зеленый,price,94380,94377
2026-08-15T22:23:17Z,710000000,Астана,139561340,AULA HERO 68 HE белый,price,20671,20666
2026-08-15T22:23:17Z,710000000,Астана,109731154,Canon EOS R7 Body черный,price,611290,611219
2026-08-15T22:23:17Z,710000000,Астана,120935104,Dream H12 Pro PLUS черный,price,119487,119463
2026-08-15T22:23:17Z,710000000,Астана,131430159,Наушники Soundcore Liberty 4 PRO черный,price,66366,66363
2026-08-15T22:23:17Z,710000000,Астана,142884485,Garmin VENU X1 46 мм черный-черный,price,463509,463397
2026-08-15T22:23:17Z,710000000,Астана,145820746,Roborock S8 Pro RRA0TAL черный,price,114630,114618
2026-08-15T22:23:17Z,710000000,Астана,145451616,"Dreame H30 Ultra Mix черный, серый",price,162721,162698
2026-08-15T22:23:17Z,710000000,Астана,154084045,Bambu Lab PLA Matte 1.75 мм 1 кг темно-синий,price,8458,8998
2026-08-15T22:23:17Z,710000000,Астана,154084045,Bambu Lab PLA Matte 1.75 мм 1 кг темно-синий,discount,15,0
2026-08-15T22:23:17Z,710000000,Астана,137352961,AULA F75 Black Contour черный,price,23093,23089
2026-08-15T22:23:17Z,710000000,Астана,133975075,Garmin Instinct 3 Solar 45 мм черный,price,249833,249825
2026-08-15T22:23:17Z,710000000,Астана,116455986,Система подачи материалов Bambu Lab AMS - Automatic Material System,price,148988,141539
2026-08-15T22:23:17Z,710000000,Астана,116455986,Система подачи материалов Bambu Lab AMS - Automatic Material System,discount,0,11
2026-08-15T22:23:17Z,710000000,Астана,114298557,МФУ Canon I-SENSYS MF461DW 5951C020,price,212590,212587
2026-08-15T22:23:17Z,710000000,Астана,156555269,Garmin Instinct 3 AMOLED 50 мм черный-синий,price,312931,312928
2026-08-15T22:23:17Z,710000000,Астана,169144934,Roborock S9+ белый,price,184678,184666
2026-08-15T22:23:17Z,710000000,Астана,171512267,ONYX BOOX для Go 6 Gen II бежевый,price,10988,10439
2026-08-15T22:23:17Z,710000000,Астана,171512267,ONYX BOOX для Go 6 Gen II бежевый,discount,22,25
2026-08-15T22:23:17Z,710000000,Астана,169114829,Roborock S9+ черный,price,184678,184666
2026-08-15T22:23:17Z,710000000,Астана,124278317,Garmin Fenix 8 Solar 47 мм черный,price,605405,605321
2026-08-15T22:23:17Z,710000000,Астана,131472928,Портативная колонка Soundcore Boom 2 Plus синий,price,116371,116359
2026-08-15T22:23:17Z,710000000,Астана,148348291,Canon EOS R50 + RF-S 18-45 mm IS STM,price,329419,329405
2026-08-15T22:23:17Z,710000000,Астана,169114918,Roborock S9 черный,price,140678,140666
2026-08-15T22:23:17Z,710000000,Астана,145557809,TECNO SPARK 40C 8 ГБ/256 ГБ белый,price,83049,83046
2026-08-15T22:23:17Z,710000000,Астана,7300141,Transcend TS1TSJ25H3B 1000 Гб,price,62041,62037
2026-08-15T22:23:17Z,710000000,Астана,141530670,Xiaomi Smart Band 10 серебристый,price,21921,21918
2026-08-15T22:23:17Z,710000000,Астана,165935475,ATK Dragonfly A9 Air белый,price,34473,34470
2026-08-15T22:23:17Z,710000000,Астана,143973797,TECNO SPARK 40C 8 ГБ/128 ГБ белый,price,74752,74737
2026-08-15T22:23:17Z,710000000,Астана,109310228,Garmin Forerunner 265S 42 мм розовый-розовый,price,281891,281886
2026-08-15T22:23:17Z,710000000,Астана,130022770,Canon CANOSCAN LIDE 300 черный,price,50866,50853
2026-08-15T22:23:17Z,710000000,Астана,114237446,Transcend TS256GUSD340S 256 Гб,price,79837,79912
2026-08-15T22:23:17Z,710000000,Астана,116193383,Garmin Lily 2 Classic 25 мм серебристый-бежевый-бежевый,price,218931,218928
2026-08-15T22:23:17Z,710000000,Астана,100305103,"Бассейн каркасный Bestway 56082/56424, 400x211x81 см",price,58811,58790
2026-08-15T22:23:17Z,710000000,Астана,167230393,Наушники Huawei FreeBuds Pro 5 темно-серый,price,79386,79382
2026-08-15T22:23:17Z,710000000,Астана,110723747,Canon RF 100-400mm f/5.6-8 IS USM,price,390634,390551
2026-08-15T22:23:17Z,710000000,Астана,116535193,МФУ Canon I-Sensys MF465dw 5951C007AA,price,224751,224748
2026-08-15T22:23:17Z,710000000,Астана,141046478,Canon EOS R50 + RF-S 18-45 mm IS STM 5811C036,price,329415,329409
2026-08-15T22:23:17Z,710000000,Астана,109731162,Canon EOS R10 kit RF-S 18–150mm f/3.5–6.3 IS STM,price,591466,591393
2026-08-15T22:23:17Z,710000000,Астана,113556362,Canon EOS R50 RF-S 18-45 + Kit 55-210 mm,price,574189,574181
2026-08-15T22:23:17Z,710000000,Астана,143300800,Наушники MOONDROP Aria 2 серебристый,price,48396,48393
2026-08-15T22:23:17Z,710000000,Астана,132979867,AULA AU75 черный,price,22123,22119
2026-08-15T22:23:17Z,710000000,Астана,129064979,Canon EOS R100 + RF-S 18-45mm + RF-S 55-210mm,price,455500,455497
2026-08-15T22:23:17Z,710000000,Астана,113028541,Garmin VENU 3 45 мм белый-белый,price,292991,292988
2026-08-15T22:23:17Z,710000000,Астана,116788713,Transcend TS1TESD410C 1000 Гб,price,183778,183774
2026-08-15T22:23:17Z,710000000,Астана,163444484,Huawei nova 15 12 ГБ/256 ГБ белый,price,199870,199867
2026-08-15T22:23:17Z,710000000,Астана,138584777,Garmin Vivoactive 6 42 мм зеленый,price,206458,206455
2026-08-15T22:23:17Z,710000000,Астана,15400127,"Бассейн каркасный Bestway Steel Pro Frame 56424, 400x211x81 см",price,58811,58790
2026-08-15T22:23:17Z,710000000,Астана,110648816,Philips BHS752/00 утюжок 25 мм,price,61940,61937
2026-08-15T22:23:17Z,710000000,Астана,106851929,Garmin MARQ Aviator Gen 2 серебристый,price,1476678,1476671
2026-08-15T22:23:17Z,710000000,Астана,114801730,Canon RF 24mm f/1.8 Macro IS STM,price,272687,272670
2026-08-15T22:23:17Z,710000000,Астана,169077113,Roborock S9 белый,price,140678,140666
2026-08-15T22:23:17Z,710000000,Астана,163483165,Наушники Soundcore Sleep A30 Green зеленый,price,85395,85393
2026-08-15T22:23:17Z,710000000,Астана,141885718,Garmin Instinct 3 Solar Tactical 45 мм черный,price,289931,289928
2026-08-15T22:23:17Z,710000000,Астана,128243261,Система подачи материалов Bambu Lab Ams lite,price,132713,132710
2026-08-15T22:23:17Z,710000000,Астана,163414583,AULA F75 розовый,price,23517,23512
2026-08-15T22:23:17Z,710000000,Астана,116193133,Garmin Lily 2 Classic 25 мм бордовый-бордовый,price,218931,218928
2026-08-15T22:23:17Z,710000000,Астана,137761682,AULA SC380 PRO белый,price,11301,11297
2026-08-15T22:23:17Z,710000000,Астана,171178069,Roborock Saros 20 черный,price,699678,699666
2026-08-15T22:23:17Z,710000000,Астана,150445434,Sapphire PULSE AMD Radeon RX 9070 16 Гб,price,407634,407622
2026-08-15T22:23:17Z,710000000,Астана,114176446,POCKET BOOK PB634-3-CIS 6 дюйм 1 Гб красный,price,105602,105599
2026-08-15T22:23:17Z,710000000,Астана,108430983,Canon EOS R7 Kit 18-150mm черный,price,809688,809601
2026-08-15T22:23:17Z,710000000,Астана,122265923,Canon EOS R5 Mark II body,price,1729260,1729058
2026-08-15T22:23:17Z,710000000,Астана,146975796,AULA HERO 68 HE Frosted белый,price,27250,27246
2026-08-15T22:23:17Z,710000000,Астана,137761585,AULA SC380 PRO черный,price,11122,11117
2026-08-15T22:23:17Z,710000000,Астана,112143554,Transcend TS128GUSD340S 128 Гб,price,41762,41793
2026-08-15T22:23:17Z,710000000,Астана,163483158,Наушники Soundcore Sleep A30 White белый,price,89988,85489
2026-08-15T22:23:17Z,710000000,Астана,114460686,Garmin MARQ Golfer Gen 2 Carbon Edition черный,price,1756201,1756198
2026-08-15T22:23:17Z,710000000,Астана,122651840,Canon RF-S 55-210mm f/5-7.1 IS STM,price,279348,279344
2026-08-15T22:23:17Z,710000000,Астана,105544265,Canon RF 70-200mm f/4L IS USM,price,813320,813249
2026-08-15T22:23:17Z,710000000,Астана,101018992,"Бассейн каркасный Bestway Power Steel 56465, 549x274x122 см",price,267800,267797
2026-08-15T22:23:17Z,710000000,Астана,112921022,МФУ Canon imageRUNNER 2224 5942C001,price,608799,608796
2026-08-15T22:23:17Z,710000000,Астана,130022687,Canon CANOSCAN LIDE 400 черный,price,58918,58915
2026-08-15T22:23:17Z,511010000,Шымкент,108430990,Canon EOS R6 Mark II Body черный,price,816276,815764
2026-08-15T22:23:17Z,511010000,Шымкент,129065160,Наушники REDMI Buds 6 Play розовый,price,6773,6770
2026-08-15T22:23:17Z,511010000,Шымкент,147374082,HONOR X9d 12 ГБ/256 ГБ черный,price,237942,237936
2026-08-15T22:23:17Z,511010000,Шымкент,134328061,"Видеорегистратор 70mai M310 черный, серый",price,28572,28569
2026-08-15T22:23:17Z,511010000,Шымкент,117969957,PXN V99 черный,price,102631,102628
2026-08-15T22:23:17Z,511010000,Шымкент,106042231,Наушники Fifine H6 черный,price,20012,20009
2026-08-15T22:23:17Z,511010000,Шымкент,106795757,Canon EOS R10 kit 18-45mm IS STM,price,462701,462581
2026-08-15T22:23:17Z,511010000,Шымкент,115034062,МФУ Canon i-SENSYS MF275dw,price,185935,185917
2026-08-15T22:23:17Z,511010000,Шымкент,110151201,Canon EOS R6 Mark II Kit RF 24-105mm F/4-7.1 IS STM черный,price,1079717,1079536
2026-08-15T22:23:17Z,511010000,Шымкент,141530632,Xiaomi Smart Band 10 черный,price,21921,21918
2026-08-15T22:23:17Z,511010000,Шымкент,119596967,EPOMAKER x AULA F75 черный,price,21350,21346
2026-08-15T22:23:17Z,511010000,Шымкент,139895845,Roborock F25 - ACE черный,price,199634,199622
2026-08-15T22:23:17Z,511010000,Шымкент,146792191,Midea MD200H90WB/T-C серый,price,266378,266336
2026-08-15T22:23:17Z,511010000,Шымкент,140332176,Garmin Forerunner 970 47 мм бежевый-фиолетовый,price,458070,458032
2026-08-15T22:23:17Z,511010000,Шымкент,122963224,Garmin Fenix 8 43 мм белый-белый,price,544939,544828
2026-08-15T22:23:17Z,511010000,Шымкент,106042325,Микрофон Fifine A6V черный,price,18705,18702
2026-08-15T22:23:17Z,511010000,Шымкент,115178468,POCKET BOOK PB629-M-CIS 6 дюйм 8 Гб серый,price,87638,87634
2026-08-15T22:23:17Z,511010000,Шымкент,145820693,Roborock S8 Pro RRA0TAL белый,price,114640,114628
2026-08-15T22:23:17Z,511010000,Шымкент,132855201,AULA F75 Side-Printed розовый,price,21473,21469
2026-08-15T22:23:17Z,511010000,Шымкент,110057315,70mai зарядное устройство для видеорегистратора Midrive UP03 USB Type-C черный,price,8356,8353
2026-08-15T22:23:17Z,511010000,Шымкент,133974886,Garmin Instinct E 45 мм серый,price,186931,186928
2026-08-15T22:23:17Z,511010000,Шымкент,113029065,Garmin VENU 3S 41 мм розовый-розовый,price,293911,293907
2026-08-15T22:23:17Z,511010000,Шымкент,103627190,Canon RF 16mm f/2.8 STM,price,129191,129170
2026-08-15T22:23:17Z,511010000,Шымкент,150110690,Sen Sulu blush stick румяна 03 frosted bllom,price,8868,8865
2026-08-15T22:23:17Z,511010000,Шымкент,145620660,TECNO SPARK 40C 8 ГБ/128 ГБ серый,price,74890,74872
2026-08-15T22:23:17Z,511010000,Шымкент,123942422,Canon RF 35mm f/1.4 L VCM,price,737382,737363
2026-08-15T22:23:17Z,511010000,Шымкент,145978939,Внешний аккумулятор Xiaomi Super Slim Magnetic Power Bank 5000 мАч 22.5 Вт WPB0507S фиолетовый,price,18882,18878
2026-08-15T22:23:17Z,511010000,Шымкент,141005445,AULA SC620 черный,price,11275,11994
2026-08-15T22:23:17Z,511010000,Шымкент,120263286,Bambu Lab PLA Matte 1.75 мм 1 кг черный,price,8942,8939
2026-08-15T22:23:17Z,511010000,Шымкент,145978921,Внешний аккумулятор Xiaomi Super Slim Magnetic Power Bank 5000 мАч 22.5 Вт WPB0507S золотистый,price,18884,18880
2026-08-15T22:23:17Z,511010000,Шымкент,147392127,Внешний аккумулятор Xiaomi Super Slim Magnetic WPB0507S (BHR08PMGL) 5000 мАч 22.5 Вт черный,price,18873,18869
2026-08-15T22:23:17Z,511010000,Шымкент,129319883,Garmin Lily 2 Active 38 мм серебристый-фиолетовый,price,218934,218931
2026-08-15T22:23:17Z,511010000,Шымкент,103492220,"Бассейн каркасный Bestway 56714, 427x250x100 см",price,144665,144662
2026-08-15T22:23:17Z,511010000,Шымкент,116631467,"Бассейн каркасный Bestway 561FY, 396x396x107 см",price,116328,116324
2026-08-15T22:23:17Z,511010000,Шымкент,163444184,Huawei nova 15 Pro 12 ГБ/512 ГБ белый,price,284876,284873
2026-08-15T22:23:17Z,511010000,Шымкент,163444356,Huawei nova 15 12 ГБ/512 ГБ белый,price,199870,199867
2026-08-15T22:23:17Z,511010000,Шымкент,15400145,"Бассейн каркасный Bestway Steel Pro Max 56420, 366x122 см",price,134694,134662
2026-08-15T22:23:17Z,511010000,Шымкент,118273472,Аэрогриль Xiaomi Smart Air Fryer BHR7357EU 6.5 л черный,price,47900,47897
2026-08-15T22:23:17Z,511010000,Шымкент,3701383,Deerma DX700 белый,price,14754,14756
2026-08-15T22:23:17Z,511010000,Шымкент,115287903,DREAME H12 Pro Plus CN черный,price,119487,119449
2026-08-15T22:23:17Z,511010000,Шымкент,130251646,Наушники REDMI Buds 6 Play синий,price,6761,6758
2026-08-15T22:23:17Z,511010000,Шымкент,145557956,TECNO SPARK 40C 8 ГБ/256 ГБ черный,price,84082,84069
2026-08-15T22:23:17Z,511010000,Шымкент,132593287,"DREAME H30 Ultra Mix черный, серый",price,162728,162700
2026-08-15T22:23:17Z,511010000,Шымкент,137684212,DREAME H30 ULTRA MIX CE серый,price,162721,162698
2026-08-15T22:23:17Z,511010000,Шымкент,102158689,Микрофон Fifine T669 черный,price,21662,21644
2026-08-15T22:23:17Z,511010000,Шымкент,118273499,Аэрогриль Xiaomi Smart Air Fryer BHR7358EU 6.5 л белый,price,47251,47241
2026-08-15T22:23:17Z,511010000,Шымкент,143119833,Midea FSC-900DX стальной,price,227914,227911
2026-08-15T22:23:17Z,511010000,Шымкент,145978945,Внешний аккумулятор Xiaomi Super Slim Magnetic Power Bank 5000 мАч 22.5 Вт WPB0507S черный,price,18873,18869
2026-08-15T22:23:17Z,511010000,Шымкент,102211273,Midea MH 60P 205 X серебристый,price,33567,33557
2026-08-15T22:23:17Z,511010000,Шымкент,123621889,Midea MFK03D105B/S-C серый,price,275193,275176
2026-08-15T22:23:17Z,511010000,Шымкент,110349310,Canon EOS R50 Kit 18-45mm f4.5-6.3 IS STM черный,price,329419,329405
2026-08-15T22:23:17Z,511010000,Шымкент,115633970,Canon LIDE 300 2995C010 черный,price,50866,50853
2026-08-15T22:23:17Z,511010000,Шымкент,15300377,Transcend TS128GSDC300S 128 Gb,price,21568,21610
2026-08-15T22:23:17Z,511010000,Шымкент,1500075,Принтер Canon i-SENSYS LBP6030B,price,85596,85593
2026-08-15T22:23:17Z,511010000,Шымкент,141746219,Xiaomi Robot Vacuum S40C Е101CDZ белый,price,84868,84865
2026-08-15T22:23:17Z,511010000,Шымкент,154255448,"Xiaomi камера видеонаблюдения MJSXJ27CM, 8MP, расширение 3840x2160",price,28176,28172
2026-08-15T22:23:17Z,511010000,Шымкент,148148221,TCL 50V6C 127 см черный,price,219754,219748
2026-08-15T22:23:17Z,511010000,Шымкент,137060417,AULA F75 MAX черный,price,27400,27395
2026-08-15T22:23:17Z,511010000,Шымкент,101149860,Canon EOS RP RF 24-105 F4-7.1 IS STM,price,545313,545236
2026-08-15T22:23:17Z,511010000,Шымкент,113404917,POCKET BOOK InkPad 4 7.8 дюйм 32 Гб серебристый,price,164670,164704
2026-08-15T22:23:17Z,511010000,Шымкент,112245834,Canon EOS R8 Body черный,price,602770,602574
2026-08-15T22:23:17Z,511010000,Шымкент,166975826,HONOR 600 Pro 12 ГБ/512 ГБ черный,price,548700,548694
2026-08-15T22:23:17Z,511010000,Шымкент,112301355,МФУ Canon MAXIFY GX3040,price,123853,123851
2026-08-15T22:23:17Z,511010000,Шымкент,103313279,Очиститель воздуха SmartMi Smartmi Air Purifier P1 серый,price,55130,55118
2026-08-15T22:23:17Z,511010000,Шымкент,151096402,Garmin Fenix 8 Pro 47 мм черный,price,653715,653690
2026-08-15T22:23:17Z,511010000,Шымкент,140332288,Garmin Forerunner 970 47 мм черный,price,449150,449124
2026-08-15T22:23:17Z,511010000,Шымкент,138584959,Garmin Vivoactive 6 42 мм бежевый,price,205991,205988
2026-08-15T22:23:17Z,511010000,Шымкент,139307969,Кофемашина Xiaomi Semi-Automatic Espresso Machine серебристый,price,61260,61257
2026-08-15T22:23:17Z,511010000,Шымкент,149031743,ZTE Nubia RedMagic Astra 9.06 дюйм 24 Гб/1024 Гб черный,price,569880,569877
2026-08-15T22:23:17Z,511010000,Шымкент,109310071,Garmin Forerunner 265S 42 мм белый-белый,price,275081,275072
2026-08-15T22:23:17Z,511010000,Шымкент,113029701,Garmin VENU 3S белый,price,278660,278649
2026-08-15T22:23:17Z,511010000,Шымкент,118179738,Canon EOS R50 RF-S 15-45 IS STM черный,price,329419,329405
2026-08-15T22:23:17Z,511010000,Шымкент,138585258,Garmin Vivoactive 6 42 мм черный,price,199477,199473
2026-08-15T22:23:17Z,511010000,Шымкент,114761211,Fifine SC3,price,25325,25321
2026-08-15T22:23:17Z,511010000,Шымкент,112972977,Видеорегистратор 70mai A810 черный,price,99945,99942
2026-08-15T22:23:17Z,511010000,Шымкент,153277705,TCL 75V6C 191 см черный,price,422837,422834
2026-08-15T22:23:17Z,511010000,Шымкент,122963617,Garmin Fenix 8 47 мм черный,price,605543,605466
2026-08-15T22:23:17Z,511010000,Шымкент,142719480,"27"" Xiaomi 4K Monitor 27 A27Ui-EU P27UCB-RAGL черный",price,144916,144910
2026-08-15T22:23:17Z,511010000,Шымкент,122966507,Garmin Fenix 8 51 мм черно-серый,price,653023,652954
2026-08-15T22:23:17Z,511010000,Шымкент,143300737,Наушники MOONDROP Rays фиолетовый,price,47233,47230
2026-08-15T22:23:17Z,511010000,Шымкент,151096352,Garmin Fenix 8 Pro 51 мм серебристый-серый,price,731218,731210
2026-08-15T22:23:17Z,511010000,Шымкент,109310183,Garmin Forerunner 265S 42 мм черный-черный,price,268815,268783
2026-08-15T22:23:17Z,511010000,Шымкент,122962879,Garmin Fenix 8 51 мм черный,price,607365,607311
2026-08-15T22:23:17Z,511010000,Шымкент,109351561,Garmin Forerunner 965 белый,price,373582,373579
2026-08-15T22:23:17Z,511010000,Шымкент,101513764,"Бассейн каркасный Bestway 5612B, 640x274x132 см",price,368699,324456
2026-08-15T22:23:17Z,511010000,Шымкент,101513764,"Бассейн каркасный Bestway 5612B, 640x274x132 см",discount,0,15
2026-08-15T22:23:17Z,511010000,Шымкент,106852140,Garmin MARQ Golfer Gen 2 серебристый-зеленый-зеленый,price,1410701,1410628
2026-08-15T22:23:17Z,511010000,Шымкент,143300811,Наушники MOONDROP Aria 2 красный,price,49576,49573
2026-08-15T22:23:17Z,511010000,Шымкент,154805003,Realme GT 8 Pro 16 ГБ/512 ГБ синий,price,599960,599958
2026-08-15T22:23:17Z,511010000,Шымкент,101317689,Canon LIDE 400 2996C010 черный,price,58918,58915
2026-08-15T22:23:17Z,511010000,Шымкент,120134606,AULA F75 Side-Printed голубой,price,22538,22534
2026-08-15T22:23:17Z,511010000,Шымкент,128745315,Midea MF200W90WB/T-C серый,price,220887,220871
2026-08-15T22:23:17Z,511010000,Шымкент,109719960,Transcend TS250GESD260C 250 ГБ,price,41725,41722
2026-08-15T22:23:17Z,511010000,Шымкент,140332233,Garmin Forerunner 970 47 мм белый-зеленый,price,455342,455305
2026-08-15T22:23:17Z,511010000,Шымкент,148005901,Huawei WATCH GT 6 46 мм серебристый-зеленый,price,94380,94377
2026-08-15T22:23:17Z,511010000,Шымкент,139561340,AULA HERO 68 HE белый,price,20671,20666
2026-08-15T22:23:17Z,511010000,Шымкент,109731154,Canon EOS R7 Body черный,price,611290,611219
2026-08-15T22:23:17Z,511010000,Шымкент,120935104,Dream H12 Pro PLUS черный,price,119487,119463
2026-08-15T22:23:17Z,511010000,Шымкент,131430159,Наушники Soundcore Liberty 4 PRO черный,price,66366,66363
2026-08-15T22:23:17Z,511010000,Шымкент,142884485,Garmin VENU X1 46 мм черный-черный,price,463509,463397
2026-08-15T22:23:17Z,511010000,Шымкент,145820746,Roborock S8 Pro RRA0TAL черный,price,114630,114618
2026-08-15T22:23:17Z,511010000,Шымкент,145451616,"Dreame H30 Ultra Mix черный, серый",price,162721,162698
2026-08-15T22:23:17Z,511010000,Шымкент,154084045,Bambu Lab PLA Matte 1.75 мм 1 кг темно-синий,price,8458,8998
2026-08-15T22:23:17Z,511010000,Шымкент,154084045,Bambu Lab PLA Matte 1.75 мм 1 кг темно-синий,discount,14,0
2026-08-15T22:23:17Z,511010000,Шымкент,137352961,AULA F75 Black Contour черный,price,23093,23089
2026-08-15T22:23:17Z,511010000,Шымкент,133975075,Garmin Instinct 3 Solar 45 мм черный,price,249833,249825
2026-08-15T22:23:17Z,511010000,Шымкент,116455986,Система подачи материалов Bambu Lab AMS - Automatic Material System,price,148988,141539
2026-08-15T22:23:17Z,511010000,Шымкент,116455986,Система подачи материалов Bambu Lab AMS - Automatic Material System,discount,0,11
2026-08-15T22:23:17Z,511010000,Шымкент,114298557,МФУ Canon I-SENSYS MF461DW 5951C020,price,212590,212587
2026-08-15T22:23:17Z,511010000,Шымкент,156555269,Garmin Instinct 3 AMOLED 50 мм черный-синий,price,312931,312928
2026-08-15T22:23:17Z,511010000,Шымкент,169144934,Roborock S9+ белый,price,184678,184666
2026-08-15T22:23:17Z,511010000,Шымкент,171512267,ONYX BOOX для Go 6 Gen II бежевый,price,10988,10439
2026-08-15T22:23:17Z,511010000,Шымкент,171512267,ONYX BOOX для Go 6 Gen II бежевый,discount,22,25
2026-08-15T22:23:17Z,511010000,Шымкент,169114829,Roborock S9+ черный,price,184678,184666
2026-08-15T22:23:17Z,511010000,Шымкент,124278317,Garmin Fenix 8 Solar 47 мм черный,price,605405,605321
2026-08-15T22:23:17Z,511010000,Шымкент,131472928,Портативная колонка Soundcore Boom 2 Plus синий,price,116371,116359
2026-08-15T22:23:17Z,511010000,Шымкент,148348291,Canon EOS R50 + RF-S 18-45 mm IS STM,price,329419,329405
2026-08-15T22:23:17Z,511010000,Шымкент,169114918,Roborock S9 черный,price,140678,140666
2026-08-15T22:23:17Z,511010000,Шымкент,145557809,TECNO SPARK 40C 8 ГБ/256 ГБ белый,price,83049,83046
2026-08-15T22:23:17Z,511010000,Шымкент,7300141,Transcend TS1TSJ25H3B 1000 Гб,price,62041,62037
2026-08-15T22:23:17Z,511010000,Шымкент,141530670,Xiaomi Smart Band 10 серебристый,price,21921,21918
2026-08-15T22:23:17Z,511010000,Шымкент,165935475,ATK Dragonfly A9 Air белый,price,34473,34470
2026-08-15T22:23:17Z,511010000,Шымкент,143973797,TECNO SPARK 40C 8 ГБ/128 ГБ белый,price,74752,74737
2026-08-15T22:23:17Z,511010000,Шымкент,109310228,Garmin Forerunner 265S 42 мм розовый-розовый,price,281891,281886
2026-08-15T22:23:17Z,511010000,Шымкент,130022770,Canon CANOSCAN LIDE 300 черный,price,50866,50853
2026-08-15T22:23:17Z,511010000,Шымкент,114237446,Transcend TS256GUSD340S 256 Гб,price,79837,79912
2026-08-15T22:23:17Z,511010000,Шымкент,116193383,Garmin Lily 2 Classic 25 мм серебристый-бежевый-бежевый,price,218931,218928
2026-08-15T22:23:17Z,511010000,Шымкент,100305103,"Бассейн каркасный Bestway 56082/56424, 400x211x81 см",price,58811,58790
2026-08-15T22:23:17Z,511010000,Шымкент,167230393,Наушники Huawei FreeBuds Pro 5 темно-серый,price,79386,79382
2026-08-15T22:23:17Z,511010000,Шымкент,110723747,Canon RF 100-400mm f/5.6-8 IS USM,price,390634,390551
2026-08-15T22:23:17Z,511010000,Шымкент,116535193,МФУ Canon I-Sensys MF465dw 5951C007AA,price,224751,224748
2026-08-15T22:23:17Z,511010000,Шымкент,141046478,Canon EOS R50 + RF-S 18-45 mm IS STM 5811C036,price,329415,329409
2026-08-15T22:23:17Z,511010000,Шымкент,109731162,Canon EOS R10 kit RF-S 18–150mm f/3.5–6.3 IS STM,price,591466,591393
2026-08-15T22:23:17Z,511010000,Шымкент,113556362,Canon EOS R50 RF-S 18-45 + Kit 55-210 mm,price,574189,574181
2026-08-15T22:23:17Z,511010000,Шымкент,143300800,Наушники MOONDROP Aria 2 серебристый,price,48396,48393
2026-08-15T22:23:17Z,511010000,Шымкент,132979867,AULA AU75 черный,price,22123,22119
2026-08-15T22:23:17Z,511010000,Шымкент,129064979,Canon EOS R100 + RF-S 18-45mm + RF-S 55-210mm,price,455500,455497
2026-08-15T22:23:17Z,511010000,Шымкент,113028541,Garmin VENU 3 45 мм белый-белый,price,292991,292988
2026-08-15T22:23:17Z,511010000,Шымкент,116788713,Transcend TS1TESD410C 1000 Гб,price,183778,183774
2026-08-15T22:23:17Z,511010000,Шымкент,163444484,Huawei nova 15 12 ГБ/256 ГБ белый,price,199870,199867
2026-08-15T22:23:17Z,511010000,Шымкент,138584777,Garmin Vivoactive 6 42 мм зеленый,price,206458,206455
2026-08-15T22:23:17Z,511010000,Шымкент,15400127,"Бассейн каркасный Bestway Steel Pro Frame 56424, 400x211x81 см",price,58811,58790
2026-08-15T22:23:17Z,511010000,Шымкент,110648816,Philips BHS752/00 утюжок 25 мм,price,61940,61937
2026-08-15T22:23:17Z,511010000,Шымкент,106851929,Garmin MARQ Aviator Gen 2 серебристый,price,1476678,1476671
2026-08-15T22:23:17Z,511010000,Шымкент,114801730,Canon RF 24mm f/1.8 Macro IS STM,price,272687,272670
2026-08-15T22:23:17Z,511010000,Шымкент,169077113,Roborock S9 белый,price,140678,140666
2026-08-15T22:23:17Z,511010000,Шымкент,163483165,Наушники Soundcore Sleep A30 Green зеленый,price,85395,85393
2026-08-15T22:23:17Z,511010000,Шымкент,141885718,Garmin Instinct 3 Solar Tactical 45 мм черный,price,289931,289928
2026-08-15T22:23:17Z,511010000,Шымкент,128243261,Система подачи материалов Bambu Lab Ams lite,price,132713,132710
2026-08-15T22:23:17Z,511010000,Шымкент,163414583,AULA F75 розовый,price,23517,23512
2026-08-15T22:23:17Z,511010000,Шымкент,116193133,Garmin Lily 2 Classic 25 мм бордовый-бордовый,price,218931,218928
2026-08-15T22:23:17Z,511010000,Шымкент,137761682,AULA SC380 PRO белый,price,11301,11297
2026-08-15T22:23:17Z,511010000,Шымкент,171178069,Roborock Saros 20 черный,price,699678,699666
2026-08-15T22:23:17Z,511010000,Шымкент,150445434,Sapphire PULSE AMD Radeon RX 9070 16 Гб,price,407634,407622
2026-08-15T22:23:17Z,511010000,Шымкент,114176446,POCKET BOOK PB634-3-CIS 6 дюйм 1 Гб красный,price,105602,105599
2026-08-15T22:23:17Z,511010000,Шымкент,108430983,Canon EOS R7 Kit 18-150mm черный,price,809688,809601
2026-08-15T22:23:17Z,511010000,Шымкент,122265923,Canon EOS R5 Mark II body,price,1729260,1729017
2026-08-15T22:23:17Z,511010000,Шымкент,146975796,AULA HERO 68 HE Frosted белый,price,27250,27246
2026-08-15T22:23:17Z,511010000,Шымкент,137761585,AULA SC380 PRO черный,price,11122,11117
2026-08-15T22:23:17Z,511010000,Шымкент,112143554,Transcend TS128GUSD340S 128 Гб,price,41762,41793
2026-08-15T22:23:17Z,511010000,Шымкент,163483158,Наушники Soundcore Sleep A30 White белый,price,89988,85489
2026-08-15T22:23:17Z,511010000,Шымкент,114460686,Garmin MARQ Golfer Gen 2 Carbon Edition черный,price,1756201,1756198
2026-08-15T22:23:17Z,511010000,Шымкент,122651840,Canon RF-S 55-210mm f/5-7.1 IS STM,price,279348,279344
2026-08-15T22:23:17Z,511010000,Шымкент,105544265,Canon RF 70-200mm f/4L IS USM,price,813320,813249
2026-08-15T22:23:17Z,511010000,Шымкент,101018992,"Бассейн каркасный Bestway Power Steel 56465, 549x274x122 см",price,267800,267797
2026-08-15T22:23:17Z,511010000,Шымкент,112921022,МФУ Canon imageRUNNER 2224 5942C001,price,608799,608796
2026-08-15T22:23:17Z,511010000,Шымкент,130022687,Canon CANOSCAN LIDE 400 черный,price,58918,58915
2026-08-15T22:23:17Z,470000000,Актобе,108430990,Canon EOS R6 Mark II Body черный,price,816276,815712
2026-08-15T22:23:17Z,470000000,Актобе,129065160,Наушники REDMI Buds 6 Play розовый,price,6773,6770
2026-08-15T22:23:17Z,470000000,Актобе,147374082,HONOR X9d 12 ГБ/256 ГБ черный,price,237942,237936
2026-08-15T22:23:17Z,470000000,Актобе,134328061,"Видеорегистратор 70mai M310 черный, серый",price,28572,28569
2026-08-15T22:23:17Z,470000000,Актобе,117969957,PXN V99 черный,price,102631,102628
2026-08-15T22:23:17Z,470000000,Актобе,106042231,Наушники Fifine H6 черный,price,20012,20009
2026-08-15T22:23:17Z,470000000,Актобе,106795757,Canon EOS R10 kit 18-45mm IS STM,price,462701,462581
2026-08-15T22:23:17Z,470000000,Актобе,115034062,МФУ Canon i-SENSYS MF275dw,price,185935,185917
2026-08-15T22:23:17Z,470000000,Актобе,110151201,Canon EOS R6 Mark II Kit RF 24-105mm F/4-7.1 IS STM черный,price,1079659,1079521
2026-08-15T22:23:17Z,470000000,Актобе,141530632,Xiaomi Smart Band 10 черный,price,21921,21918
2026-08-15T22:23:17Z,470000000,Актобе,119596967,EPOMAKER x AULA F75 черный,price,21350,21346
2026-08-15T22:23:17Z,470000000,Актобе,139895845,Roborock F25 - ACE черный,price,199634,199622
2026-08-15T22:23:17Z,470000000,Актобе,146792191,Midea MD200H90WB/T-C серый,price,266378,266336
2026-08-15T22:23:17Z,470000000,Актобе,140332176,Garmin Forerunner 970 47 мм бежевый-фиолетовый,price,458070,458032
2026-08-15T22:23:17Z,470000000,Актобе,122963224,Garmin Fenix 8 43 мм белый-белый,price,544921,544808
2026-08-15T22:23:17Z,470000000,Актобе,106042325,Микрофон Fifine A6V черный,price,18705,18702
2026-08-15T22:23:17Z,470000000,Актобе,115178468,POCKET BOOK PB629-M-CIS 6 дюйм 8 Гб серый,price,87638,87634
2026-08-15T22:23:17Z,470000000,Актобе,145820693,Roborock S8 Pro RRA0TAL белый,price,114640,114628
2026-08-15T22:23:17Z,470000000,Актобе,132855201,AULA F75 Side-Printed розовый,price,21473,21469
2026-08-15T22:23:17Z,470000000,Актобе,110057315,70mai зарядное устройство для видеорегистратора Midrive UP03 USB Type-C черный,price,8356,8353
2026-08-15T22:23:17Z,470000000,Актобе,133974886,Garmin Instinct E 45 мм серый,price,186931,186928
2026-08-15T22:23:17Z,470000000,Актобе,113029065,Garmin VENU 3S 41 мм розовый-розовый,price,293911,293907
2026-08-15T22:23:17Z,470000000,Актобе,103627190,Canon RF 16mm f/2.8 STM,price,129191,129170
2026-08-15T22:23:17Z,470000000,Актобе,150110690,Sen Sulu blush stick румяна 03 frosted bllom,price,8868,8865
2026-08-15T22:23:17Z,470000000,Актобе,145620660,TECNO SPARK 40C 8 ГБ/128 ГБ серый,price,74890,74872
2026-08-15T22:23:17Z,470000000,Актобе,123942422,Canon RF 35mm f/1.4 L VCM,price,737382,737363
2026-08-15T22:23:17Z,470000000,Актобе,145978939,Внешний аккумулятор Xiaomi Super Slim Magnetic Power Bank 5000 мАч 22.5 Вт WPB0507S фиолетовый,price,18882,18878
2026-08-15T22:23:17Z,470000000,Актобе,141005445,AULA SC620 черный,price,11275,11994
2026-08-15T22:23:17Z,470000000,Актобе,120263286,Bambu Lab PLA Matte 1.75 мм 1 кг черный,price,8942,8939
2026-08-15T22:23:17Z,470000000,Актобе,145978921,Внешний аккумулятор Xiaomi Super Slim Magnetic Power Bank 5000 мАч 22.5 Вт WPB0507S золотистый,price,18884,18880
2026-08-15T22:23:17Z,470000000,Актобе,147392127,Внешний аккумулятор Xiaomi Super Slim Magnetic WPB0507S (BHR08PMGL) 5000 мАч 22.5 Вт черный,price,18873,18869
2026-08-15T22:23:17Z,470000000,Актобе,129319883,Garmin Lily 2 Active 38 мм серебристый-фиолетовый,price,218934,218931
2026-08-15T22:23:17Z,470000000,Актобе,103492220,"Бассейн каркасный Bestway 56714, 427x250x100 см",price,144665,144662
2026-08-15T22:23:17Z,470000000,Актобе,116631467,"Бассейн каркасный Bestway 561FY, 396x396x107 см",price,116328,116324
2026-08-15T22:23:17Z,470000000,Актобе,163444184,Huawei nova 15 Pro 12 ГБ/512 ГБ белый,price,284876,284873
2026-08-15T22:23:17Z,470000000,Актобе,163444356,Huawei nova 15 12 ГБ/512 ГБ белый,price,199870,199867
2026-08-15T22:23:17Z,470000000,Актобе,15400145,"Бассейн каркасный Bestway Steel Pro Max 56420, 366x122 см",price,134694,134662
2026-08-15T22:23:17Z,470000000,Актобе,118273472,Аэрогриль Xiaomi Smart Air Fryer BHR7357EU 6.5 л черный,price,47900,47897
2026-08-15T22:23:17Z,470000000,Актобе,3701383,Deerma DX700 белый,price,14754,14756
2026-08-15T22:23:17Z,470000000,Актобе,115287903,DREAME H12 Pro Plus CN черный,price,119487,119459
2026-08-15T22:23:17Z,470000000,Актобе,130251646,Наушники REDMI Buds 6 Play синий,price,6761,6758
2026-08-15T22:23:17Z,470000000,Актобе,145557956,TECNO SPARK 40C 8 ГБ/256 ГБ черный,price,84082,84069
2026-08-15T22:23:17Z,470000000,Актобе,132593287,"DREAME H30 Ultra Mix черный, серый",price,162718,162695
2026-08-15T22:23:17Z,470000000,Актобе,137684212,DREAME H30 ULTRA MIX CE серый,price,162721,162698
2026-08-15T22:23:17Z,470000000,Актобе,102158689,Микрофон Fifine T669 черный,price,21662,21644
2026-08-15T22:23:17Z,470000000,Актобе,118273499,Аэрогриль Xiaomi Smart Air Fryer BHR7358EU 6.5 л белый,price,47251,47241
2026-08-15T22:23:17Z,470000000,Актобе,143119833,Midea FSC-900DX стальной,price,227914,227911
2026-08-15T22:23:17Z,470000000,Актобе,145978945,Внешний аккумулятор Xiaomi Super Slim Magnetic Power Bank 5000 мАч 22.5 Вт WPB0507S черный,price,18873,18869
2026-08-15T22:23:17Z,470000000,Актобе,102211273,Midea MH 60P 205 X серебристый,price,33567,33557
2026-08-15T22:23:17Z,470000000,Актобе,123621889,Midea MFK03D105B/S-C серый,price,275193,275176
2026-08-15T22:23:17Z,470000000,Актобе,110349310,Canon EOS R50 Kit 18-45mm f4.5-6.3 IS STM черный,price,329419,329405
2026-08-15T22:23:17Z,470000000,Актобе,115633970,Canon LIDE 300 2995C010 черный,price,50866,50853
2026-08-15T22:23:17Z,470000000,Актобе,15300377,Transcend TS128GSDC300S 128 Gb,price,21568,21610
2026-08-15T22:23:17Z,470000000,Актобе,1500075,Принтер Canon i-SENSYS LBP6030B,price,85596,85593
2026-08-15T22:23:17Z,470000000,Актобе,141746219,Xiaomi Robot Vacuum S40C Е101CDZ белый,price,84868,84865
2026-08-15T22:23:17Z,470000000,Актобе,154255448,"Xiaomi камера видеонаблюдения MJSXJ27CM, 8MP, расширение 3840x2160",price,28176,28172
2026-08-15T22:23:17Z,470000000,Актобе,148148221,TCL 50V6C 127 см черный,price,219754,219748
2026-08-15T22:23:17Z,470000000,Актобе,137060417,AULA F75 MAX черный,price,27400,27395
2026-08-15T22:23:17Z,470000000,Актобе,101149860,Canon EOS RP RF 24-105 F4-7.1 IS STM,price,545313,545236
2026-08-15T22:23:17Z,470000000,Актобе,113404917,POCKET BOOK InkPad 4 7.8 дюйм 32 Гб серебристый,price,164670,164704
2026-08-15T22:23:17Z,470000000,Актобе,112245834,Canon EOS R8 Body черный,price,602770,602574
2026-08-15T22:23:17Z,470000000,Актобе,166975826,HONOR 600 Pro 12 ГБ/512 ГБ черный,price,548700,548694
2026-08-15T22:23:17Z,470000000,Актобе,112301355,МФУ Canon MAXIFY GX3040,price,123853,123851
2026-08-15T22:23:17Z,470000000,Актобе,103313279,Очиститель воздуха SmartMi Smartmi Air Purifier P1 серый,price,55130,55118
2026-08-15T22:23:17Z,470000000,Актобе,151096402,Garmin Fenix 8 Pro 47 мм черный,price,653715,653690
2026-08-15T22:23:17Z,470000000,Актобе,140332288,Garmin Forerunner 970 47 мм черный,price,449150,449124
2026-08-15T22:23:17Z,470000000,Актобе,138584959,Garmin Vivoactive 6 42 мм бежевый,price,205991,205988
2026-08-15T22:23:17Z,470000000,Актобе,139307969,Кофемашина Xiaomi Semi-Automatic Espresso Machine серебристый,price,61260,61257
2026-08-15T22:23:17Z,470000000,Актобе,149031743,ZTE Nubia RedMagic Astra 9.06 дюйм 24 Гб/1024 Гб черный,price,569880,569877
2026-08-15T22:23:17Z,470000000,Актобе,109310071,Garmin Forerunner 265S 42 мм белый-белый,price,275081,275072
2026-08-15T22:23:17Z,470000000,Актобе,113029701,Garmin VENU 3S белый,price,278660,278649
2026-08-15T22:23:17Z,470000000,Актобе,118179738,Canon EOS R50 RF-S 15-45 IS STM черный,price,329419,329405
2026-08-15T22:23:17Z,470000000,Актобе,138585258,Garmin Vivoactive 6 42 мм черный,price,199477,199473
2026-08-15T22:23:17Z,470000000,Актобе,114761211,Fifine SC3,price,25325,25321
2026-08-15T22:23:17Z,470000000,Актобе,112972977,Видеорегистратор 70mai A810 черный,price,99945,99942
2026-08-15T22:23:17Z,470000000,Актобе,153277705,TCL 75V6C 191 см черный,price,422837,422834
2026-08-15T22:23:17Z,470000000,Актобе,122963617,Garmin Fenix 8 47 мм черный,price,605538,605455
2026-08-15T22:23:17Z,470000000,Актобе,142719480,"27"" Xiaomi 4K Monitor 27 A27Ui-EU P27UCB-RAGL черный",price,144916,144910
2026-08-15T22:23:17Z,470000000,Актобе,122966507,Garmin Fenix 8 51 мм черно-серый,price,653023,652954
2026-08-15T22:23:17Z,470000000,Актобе,143300737,Наушники MOONDROP Rays фиолетовый,price,47233,47230
2026-08-15T22:23:17Z,470000000,Актобе,151096352,Garmin Fenix 8 Pro 51 мм серебристый-серый,price,731218,731210
2026-08-15T22:23:17Z,470000000,Актобе,109310183,Garmin Forerunner 265S 42 мм черный-черный,price,268815,268783
2026-08-15T22:23:17Z,470000000,Актобе,122962879,Garmin Fenix 8 51 мм черный,price,607365,607305
2026-08-15T22:23:17Z,470000000,Актобе,109351561,Garmin Forerunner 965 белый,price,373582,373579
2026-08-15T22:23:17Z,470000000,Актобе,101513764,"Бассейн каркасный Bestway 5612B, 640x274x132 см",price,368699,324456
2026-08-15T22:23:17Z,470000000,Актобе,101513764,"Бассейн каркасный Bestway 5612B, 640x274x132 см",discount,0,15
2026-08-15T22:23:17Z,470000000,Актобе,106852140,Garmin MARQ Golfer Gen 2 серебристый-зеленый-зеленый,price,1410697,1410615
2026-08-15T22:23:17Z,470000000,Актобе,143300811,Наушники MOONDROP Aria 2 красный,price,49576,49573
2026-08-15T22:23:17Z,470000000,Актобе,154805003,Realme GT 8 Pro 16 ГБ/512 ГБ синий,price,599960,599958
2026-08-15T22:23:17Z,470000000,Актобе,101317689,Canon LIDE 400 2996C010 черный,price,58918,58915
2026-08-15T22:23:17Z,470000000,Актобе,120134606,AULA F75 Side-Printed голубой,price,22538,22534
2026-08-15T22:23:17Z,470000000,Актобе,128745315,Midea MF200W90WB/T-C серый,price,220887,220871
2026-08-15T22:23:17Z,470000000,Актобе,109719960,Transcend TS250GESD260C 250 ГБ,price,41725,41722
2026-08-15T22:23:17Z,470000000,Актобе,140332233,Garmin Forerunner 970 47 мм белый-зеленый,price,455342,455305
2026-08-15T22:23:17Z,470000000,Актобе,148005901,Huawei WATCH GT 6 46 мм серебристый-зеленый,price,94380,94377
2026-08-15T22:23:17Z,470000000,Актобе,139561340,AULA HERO 68 HE белый,price,20671,20666
2026-08-15T22:23:17Z,470000000,Актобе,139955883,Huawei WATCH FIT 4 Pro 44 мм серебристый-зеленый,price,74729,74739
2026-08-15T22:23:17Z,470000000,Актобе,109731154,Canon EOS R7 Body черный,price,611290,611219
2026-08-15T22:23:17Z,470000000,Актобе,120935104,Dream H12 Pro PLUS черный,price,119487,119463
2026-08-15T22:23:17Z,470000000,Актобе,131430159,Наушники Soundcore Liberty 4 PRO черный,price,66366,66363
2026-08-15T22:23:17Z,470000000,Актобе,142884485,Garmin VENU X1 46 мм черный-черный,price,463509,463397
2026-08-15T22:23:17Z,470000000,Актобе,145820746,Roborock S8 Pro RRA0TAL черный,price,114630,114618
2026-08-15T22:23:17Z,470000000,Актобе,145451616,"Dreame H30 Ultra Mix черный, серый",price,162721,162698
2026-08-15T22:23:17Z,470000000,Актобе,154084045,Bambu Lab PLA Matte 1.75 мм 1 кг темно-синий,price,8458,8998
2026-08-15T22:23:17Z,470000000,Актобе,154084045,Bambu Lab PLA Matte 1.75 мм 1 кг темно-синий,discount,14,0
2026-08-15T22:23:17Z,470000000,Актобе,137352961,AULA F75 Black Contour черный,price,23093,23089
2026-08-15T22:23:17Z,470000000,Актобе,133975075,Garmin Instinct 3 Solar 45 мм черный,price,249833,249825
2026-08-15T22:23:17Z,470000000,Актобе,116455986,Система подачи материалов Bambu Lab AMS - Automatic Material System,price,148988,141539
2026-08-15T22:23:17Z,470000000,Актобе,116455986,Система подачи материалов Bambu Lab AMS - Automatic Material System,discount,0,11
2026-08-15T22:23:17Z,470000000,Актобе,114298557,МФУ Canon I-SENSYS MF461DW 5951C020,price,212590,212587
2026-08-15T22:23:17Z,470000000,Актобе,156555269,Garmin Instinct 3 AMOLED 50 мм черный-синий,price,312931,312928
2026-08-15T22:23:17Z,470000000,Актобе,169144934,Roborock S9+ белый,price,184678,184666
2026-08-15T22:23:17Z,470000000,Актобе,171512267,ONYX BOOX для Go 6 Gen II бежевый,price,10988,10439
2026-08-15T22:23:17Z,470000000,Актобе,171512267,ONYX BOOX для Go 6 Gen II бежевый,discount,22,25
2026-08-15T22:23:17Z,470000000,Актобе,169114829,Roborock S9+ черный,price,184678,184666
2026-08-15T22:23:17Z,470000000,Актобе,124278317,Garmin Fenix 8 Solar 47 мм черный,price,605412,605315
2026-08-15T22:23:17Z,470000000,Актобе,131472928,Портативная колонка Soundcore Boom 2 Plus синий,price,116371,116359
2026-08-15T22:23:17Z,470000000,Актобе,148348291,Canon EOS R50 + RF-S 18-45 mm IS STM,price,329419,329405
2026-08-15T22:23:17Z,470000000,Актобе,169114918,Roborock S9 черный,price,140678,140666
2026-08-15T22:23:17Z,470000000,Актобе,145557809,TECNO SPARK 40C 8 ГБ/256 ГБ белый,price,83049,83046
2026-08-15T22:23:17Z,470000000,Актобе,7300141,Transcend TS1TSJ25H3B 1000 Гб,price,62041,62037
2026-08-15T22:23:17Z,470000000,Актобе,141530670,Xiaomi Smart Band 10 серебристый,price,21921,21918
2026-08-15T22:23:17Z,470000000,Актобе,165935475,ATK Dragonfly A9 Air белый,price,34473,34470
2026-08-15T22:23:17Z,470000000,Актобе,143973797,TECNO SPARK 40C 8 ГБ/128 ГБ белый,price,74752,74737
2026-08-15T22:23:17Z,470000000,Актобе,109310228,Garmin Forerunner 265S 42 мм розовый-розовый,price,281891,281886
2026-08-15T22:23:17Z,470000000,Актобе,130022770,Canon CANOSCAN LIDE 300 черный,price,50866,50853
2026-08-15T22:23:17Z,470000000,Актобе,114237446,Transcend TS256GUSD340S 256 Гб,price,79837,79912
2026-08-15T22:23:17Z,470000000,Актобе,116193383,Garmin Lily 2 Classic 25 мм серебристый-бежевый-бежевый,price,218931,218928
2026-08-15T22:23:17Z,470000000,Актобе,100305103,"Бассейн каркасный Bestway 56082/56424, 400x211x81 см",price,58811,58790
2026-08-15T22:23:17Z,470000000,Актобе,167230393,Наушники Huawei FreeBuds Pro 5 темно-серый,price,79386,79382
2026-08-15T22:23:17Z,470000000,Актобе,110723747,Canon RF 100-400mm f/5.6-8 IS USM,price,390634,390551
2026-08-15T22:23:17Z,470000000,Актобе,116535193,МФУ Canon I-Sensys MF465dw 5951C007AA,price,224751,224748
2026-08-15T22:23:17Z,470000000,Актобе,141046478,Canon EOS R50 + RF-S 18-45 mm IS STM 5811C036,price,329412,329398
2026-08-15T22:23:17Z,470000000,Актобе,109731162,Canon EOS R10 kit RF-S 18–150mm f/3.5–6.3 IS STM,price,591466,591393
2026-08-15T22:23:17Z,470000000,Актобе,113556362,Canon EOS R50 RF-S 18-45 + Kit 55-210 mm,price,574189,574181
2026-08-15T22:23:17Z,470000000,Актобе,143300800,Наушники MOONDROP Aria 2 серебристый,price,48396,48393
2026-08-15T22:23:17Z,470000000,Актобе,132979867,AULA AU75 черный,price,22123,22119
2026-08-15T22:23:17Z,470000000,Актобе,129064979,Canon EOS R100 + RF-S 18-45mm + RF-S 55-210mm,price,455500,455497
2026-08-15T22:23:17Z,470000000,Актобе,113028541,Garmin VENU 3 45 мм белый-белый,price,292991,292988
2026-08-15T22:23:17Z,470000000,Актобе,116788713,Transcend TS1TESD410C 1000 Гб,price,183778,183774
2026-08-15T22:23:17Z,470000000,Актобе,163444484,Huawei nova 15 12 ГБ/256 ГБ белый,price,199870,199867
2026-08-15T22:23:17Z,470000000,Актобе,138584777,Garmin Vivoactive 6 42 мм зеленый,price,206458,206455
2026-08-15T22:23:17Z,470000000,Актобе,15400127,"Бассейн каркасный Bestway Steel Pro Frame 56424, 400x211x81 см",price,58811,58790
2026-08-15T22:23:17Z,470000000,Актобе,110648816,Philips BHS752/00 утюжок 25 мм,price,61940,61937
2026-08-15T22:23:17Z,470000000,Актобе,106851929,Garmin MARQ Aviator Gen 2 серебристый,price,1476678,1476663
2026-08-15T22:23:17Z,470000000,Актобе,114801730,Canon RF 24mm f/1.8 Macro IS STM,price,272687,272670
2026-08-15T22:23:17Z,470000000,Актобе,169077113,Roborock S9 белый,price,140678,140666
2026-08-15T22:23:17Z,470000000,Актобе,163483165,Наушники Soundcore Sleep A30 Green зеленый,price,85395,85393
2026-08-15T22:23:17Z,470000000,Актобе,141885718,Garmin Instinct 3 Solar Tactical 45 мм черный,price,289931,289928
2026-08-15T22:23:17Z,470000000,Актобе,128243261,Система подачи материалов Bambu Lab Ams lite,price,132713,132710
2026-08-15T22:23:17Z,470000000,Актобе,163414583,AULA F75 розовый,price,23517,23512
2026-08-15T22:23:17Z,470000000,Актобе,116193133,Garmin Lily 2 Classic 25 мм бордовый-бордовый,price,218931,218928
2026-08-15T22:23:17Z,470000000,Актобе,137761682,AULA SC380 PRO белый,price,11301,11297
2026-08-15T22:23:17Z,470000000,Актобе,171178069,Roborock Saros 20 черный,price,699678,699666
2026-08-15T22:23:17Z,470000000,Актобе,150445434,Sapphire PULSE AMD Radeon RX 9070 16 Гб,price,407634,407622
2026-08-15T22:23:17Z,470000000,Актобе,114176446,POCKET BOOK PB634-3-CIS 6 дюйм 1 Гб красный,price,105602,105599
2026-08-15T22:23:17Z,470000000,Актобе,108430983,Canon EOS R7 Kit 18-150mm черный,price,809672,809597
2026-08-15T22:23:17Z,470000000,Актобе,122265923,Canon EOS R5 Mark II body,price,1729230,1729017
2026-08-15T22:23:17Z,470000000,Актобе,146975796,AULA HERO 68 HE Frosted белый,price,27250,27246
2026-08-15T22:23:17Z,470000000,Актобе,137761585,AULA SC380 PRO черный,price,11122,11117
2026-08-15T22:23:17Z,470000000,Актобе,112143554,Transcend TS128GUSD340S 128 Гб,price,41762,41793
2026-08-15T22:23:17Z,470000000,Актобе,163483158,Наушники Soundcore Sleep A30 White белый,price,89988,85489
2026-08-15T22:23:17Z,470000000,Актобе,114460686,Garmin MARQ Golfer Gen 2 Carbon Edition черный,price,1756201,1756198
2026-08-15T22:23:17Z,470000000,Актобе,122651840,Canon RF-S 55-210mm f/5-7.1 IS STM,price,279348,279344
2026-08-15T22:23:17Z,470000000,Актобе,105544265,Canon RF 70-200mm f/4L IS USM,price,813320,813249
2026-08-15T22:23:17Z,470000000,Актобе,101018992,"Бассейн каркасный Bestway Power Steel 56465, 549x274x122 см",price,267800,267797
2026-08-15T22:23:17Z,470000000,Актобе,112921022,МФУ Canon imageRUNNER 2224 5942C001,price,608799,608796
2026-08-15T22:23:17Z,470000000,Актобе,130022687,Canon CANOSCAN LIDE 400 черный,price,58918,58915
2026-08-15T23:21:48Z,750000000,Алматы,108430990,Canon EOS R6 Mark II Body черный,price,815764,815447
2026-08-15T23:21:48Z,750000000,Алматы,129065160,Наушники REDMI Buds 6 Play розовый,price,6770,6767
2026-08-15T23:21:48Z,750000000,Алматы,147374082,HONOR X9d 12 ГБ/256 ГБ черный,price,237936,237930
2026-08-15T23:21:48Z,750000000,Алматы,134328061,"Видеорегистратор 70mai M310 черный, серый",price,28569,28566
2026-08-15T23:21:48Z,750000000,Алматы,106042231,Наушники Fifine H6 черный,price,20009,20006
2026-08-15T23:21:48Z,750000000,Алматы,106795757,Canon EOS R10 kit 18-45mm IS STM,price,462593,462510
2026-08-15T23:21:48Z,750000000,Алматы,147026783,Garmin Venu 4s 41 мм золотистый-белый,price,339468,339466
2026-08-15T23:21:48Z,750000000,Алматы,115034062,МФУ Canon i-SENSYS MF275dw,price,185917,185904
2026-08-15T23:21:48Z,750000000,Алматы,110151201,Canon EOS R6 Mark II Kit RF 24-105mm F/4-7.1 IS STM черный,price,1079536,1079402
2026-08-15T23:21:48Z,750000000,Алматы,141530632,Xiaomi Smart Band 10 черный,price,21918,21915
2026-08-15T23:21:48Z,750000000,Алматы,119596967,EPOMAKER x AULA F75 черный,price,21346,21342
2026-08-15T23:21:48Z,750000000,Алматы,139895845,Roborock F25 - ACE черный,price,199622,199610
2026-08-15T23:21:48Z,750000000,Алматы,146792191,Midea MD200H90WB/T-C серый,price,266336,266286
2026-08-15T23:21:48Z,750000000,Алматы,140332176,Garmin Forerunner 970 47 мм бежевый-фиолетовый,price,458032,457993
2026-08-15T23:21:48Z,750000000,Алматы,122963224,Garmin Fenix 8 43 мм белый-белый,price,544828,544725
2026-08-15T23:21:48Z,750000000,Алматы,106042325,Микрофон Fifine A6V черный,price,18702,18699
2026-08-15T23:21:48Z,750000000,Алматы,115178468,POCKET BOOK PB629-M-CIS 6 дюйм 8 Гб серый,price,87634,87630
2026-08-15T23:21:48Z,750000000,Алматы,145820693,Roborock S8 Pro RRA0TAL белый,price,114628,114616
2026-08-15T23:21:48Z,750000000,Алматы,132855201,AULA F75 Side-Printed розовый,price,21469,21465
2026-08-15T23:21:48Z,750000000,Алматы,110057315,70mai зарядное устройство для видеорегистратора Midrive UP03 USB Type-C черный,price,8353,8350
2026-08-15T23:21:48Z,750000000,Алматы,103627190,Canon RF 16mm f/2.8 STM,price,129170,129151
2026-08-15T23:21:48Z,750000000,Алматы,150110690,Sen Sulu blush stick румяна 03 frosted bllom,price,8865,8862
2026-08-15T23:21:48Z,750000000,Алматы,131472887,Портативная колонка Soundcore Select 4 Go фиолетовый,price,13263,13261
2026-08-15T23:21:48Z,750000000,Алматы,145620660,TECNO SPARK 40C 8 ГБ/128 ГБ серый,price,74872,74853
2026-08-15T23:21:48Z,750000000,Алматы,123942422,Canon RF 35mm f/1.4 L VCM,price,737363,737328
2026-08-15T23:21:48Z,750000000,Алматы,145978939,Внешний аккумулятор Xiaomi Super Slim Magnetic Power Bank 5000 мАч 22.5 Вт WPB0507S фиолетовый,price,18878,18874
2026-08-15T23:21:48Z,750000000,Алматы,141005445,AULA SC620 черный,price,11994,11275
2026-08-15T23:21:48Z,750000000,Алматы,148341196,Huawei nova 14 Pro 12 ГБ/512 ГБ розовый,price,239890,244141
2026-08-15T23:21:48Z,750000000,Алматы,148341196,Huawei nova 14 Pro 12 ГБ/512 ГБ розовый,discount,26,25
2026-08-15T23:21:48Z,750000000,Алматы,120263286,Bambu Lab PLA Matte 1.75 мм 1 кг черный,price,8939,8936
2026-08-15T23:21:48Z,750000000,Алматы,145978921,Внешний аккумулятор Xiaomi Super Slim Magnetic Power Bank 5000 мАч 22.5 Вт WPB0507S золотистый,price,18880,18876
2026-08-15T23:21:48Z,750000000,Алматы,147392127,Внешний аккумулятор Xiaomi Super Slim Magnetic WPB0507S (BHR08PMGL) 5000 мАч 22.5 Вт черный,price,18869,18865
2026-08-15T23:21:48Z,750000000,Алматы,103492220,"Бассейн каркасный Bestway 56714, 427x250x100 см",price,144662,144659
2026-08-15T23:21:48Z,750000000,Алматы,116631467,"Бассейн каркасный Bestway 561FY, 396x396x107 см",price,116324,116320
2026-08-15T23:21:48Z,750000000,Алматы,163444184,Huawei nova 15 Pro 12 ГБ/512 ГБ белый,price,284873,284870
2026-08-15T23:21:48Z,750000000,Алматы,163444356,Huawei nova 15 12 ГБ/512 ГБ белый,price,199867,199864
2026-08-15T23:21:48Z,750000000,Алматы,167232229,Huawei Watch Fit 5 43 мм серебристый--белый,price,80288,80088
2026-08-15T23:21:48Z,750000000,Алматы,167232188,Huawei Watch Fit 5 43 мм черный,price,80288,80088
2026-08-15T23:21:48Z,750000000,Алматы,15400145,"Бассейн каркасный Bestway Steel Pro Max 56420, 366x122 см",price,134662,134611
2026-08-15T23:21:48Z,750000000,Алматы,118273472,Аэрогриль Xiaomi Smart Air Fryer BHR7357EU 6.5 л черный,price,47897,47894
2026-08-15T23:21:48Z,750000000,Алматы,115287903,DREAME H12 Pro Plus CN черный,price,119452,119398
2026-08-15T23:21:48Z,750000000,Алматы,130251646,Наушники REDMI Buds 6 Play синий,price,6758,6755
2026-08-15T23:21:48Z,750000000,Алматы,151176828,TCL 65V6C 165 см черный,price,329988,318386
2026-08-15T23:21:48Z,750000000,Алматы,151176828,TCL 65V6C 165 см черный,discount,10,13
2026-08-15T23:21:48Z,750000000,Алматы,145557956,TECNO SPARK 40C 8 ГБ/256 ГБ черный,price,84069,84056
2026-08-15T23:21:48Z,750000000,Алматы,132593287,"DREAME H30 Ultra Mix черный, серый",price,162700,162690
2026-08-15T23:21:48Z,750000000,Алматы,137684212,DREAME H30 ULTRA MIX CE серый,price,162698,162695
2026-08-15T23:21:48Z,750000000,Алматы,102158689,Микрофон Fifine T669 черный,price,21644,21626
2026-08-15T23:21:48Z,750000000,Алматы,118273499,Аэрогриль Xiaomi Smart Air Fryer BHR7358EU 6.5 л белый,price,47241,47231
2026-08-15T23:21:48Z,750000000,Алматы,143119833,Midea FSC-900DX стальной,price,227911,227908
2026-08-15T23:21:48Z,750000000,Алматы,145978945,Внешний аккумулятор Xiaomi Super Slim Magnetic Power Bank 5000 мАч 22.5 Вт WPB0507S черный,price,18869,18865
2026-08-15T23:21:48Z,750000000,Алматы,102211273,Midea MH 60P 205 X серебристый,price,33557,33547
2026-08-15T23:21:48Z,750000000,Алматы,148240615,Huawei WATCH GT 6 Pro 46 мм черный-черный,price,159990,163287
2026-08-15T23:21:48Z,750000000,Алматы,148240615,Huawei WATCH GT 6 Pro 46 мм черный-черный,discount,3,0
2026-08-15T23:21:48Z,750000000,Алматы,123621889,Midea MFK03D105B/S-C серый,price,275176,275159
2026-08-15T23:21:48Z,750000000,Алматы,110349310,Canon EOS R50 Kit 18-45mm f4.5-6.3 IS STM черный,price,329405,329398
2026-08-15T23:21:48Z,750000000,Алматы,115633970,Canon LIDE 300 2995C010 черный,price,50853,50843
2026-08-15T23:21:48Z,750000000,Алматы,122142480,Huawei MatePad SE Wi-Fi 11 дюйм 8 Гб/128 Гб серый,price,99990,107288
2026-08-15T23:21:48Z,750000000,Алматы,122142480,Huawei MatePad SE Wi-Fi 11 дюйм 8 Гб/128 Гб серый,discount,23,17
2026-08-15T23:21:48Z,750000000,Алматы,141746219,Xiaomi Robot Vacuum S40C Е101CDZ белый,price,84865,84862
2026-08-15T23:21:48Z,750000000,Алматы,144488883,Midea MCI-631LB2 черный,price,79606,79560
2026-08-15T23:21:48Z,750000000,Алматы,154255448,"Xiaomi камера видеонаблюдения MJSXJ27CM, 8MP, расширение 3840x2160",price,28172,28168
2026-08-15T23:21:48Z,750000000,Алматы,145553631,Xiaomi Robot Vacuum 5 Pro EU OV21GL белый,price,326123,326089
2026-08-15T23:21:48Z,750000000,Алматы,148148221,TCL 50V6C 127 см черный,price,219748,219742
2026-08-15T23:21:48Z,750000000,Алматы,137060417,AULA F75 MAX черный,price,27395,27390
2026-08-15T23:21:48Z,750000000,Алматы,101149860,Canon EOS RP RF 24-105 F4-7.1 IS STM,price,545236,545162
2026-08-15T23:21:48Z,750000000,Алматы,154027559,"Xiaomi камера видеонаблюдения C201 MBC27, 2MP, расширение 1920x1080",price,13170,13166
2026-08-15T23:21:48Z,750000000,Алматы,112245834,Canon EOS R8 Body черный,price,602574,602372
2026-08-15T23:21:48Z,750000000,Алматы,147987810,Huawei WATCH GT 6 41 мм золотистый-белый,price,105488,105288
2026-08-15T23:21:48Z,750000000,Алматы,166975826,HONOR 600 Pro 12 ГБ/512 ГБ черный,price,548694,548688
2026-08-15T23:21:48Z,750000000,Алматы,112301355,МФУ Canon MAXIFY GX3040,price,123851,123849
2026-08-15T23:21:48Z,750000000,Алматы,103313279,Очиститель воздуха SmartMi Smartmi Air Purifier P1 серый,price,55118,55106
2026-08-15T23:21:48Z,750000000,Алматы,147986879,Huawei WATCH GT 6 41 мм золотистый-золотистый,price,115288,115284
2026-08-15T23:21:48Z,750000000,Алматы,151096402,Garmin Fenix 8 Pro 47 мм черный,price,653690,653684
2026-08-15T23:21:48Z,750000000,Алматы,140332288,Garmin Forerunner 970 47 мм черный,price,449124,449087
2026-08-15T23:21:48Z,750000000,Алматы,139307969,Кофемашина Xiaomi Semi-Automatic Espresso Machine серебристый,price,61257,61254
2026-08-15T23:21:48Z,750000000,Алматы,149031743,ZTE Nubia RedMagic Astra 9.06 дюйм 24 Гб/1024 Гб черный,price,569877,569874
2026-08-15T23:21:48Z,750000000,Алматы,109310071,Garmin Forerunner 265S 42 мм белый-белый,price,275072,275067
2026-08-15T23:21:48Z,750000000,Алматы,134108182,Портативная колонка Soundcore Select 4 Go черный,price,13259,13257
2026-08-15T23:21:48Z,750000000,Алматы,113029701,Garmin VENU 3S белый,price,278649,278639
2026-08-15T23:21:48Z,750000000,Алматы,118179738,Canon EOS R50 RF-S 15-45 IS STM черный,price,329405,329398
2026-08-15T23:21:48Z,750000000,Алматы,114761211,Fifine SC3,price,25321,25317
2026-08-15T23:21:48Z,750000000,Алматы,112972977,Видеорегистратор 70mai A810 черный,price,99942,99939
2026-08-15T23:21:48Z,750000000,Алматы,153277705,TCL 75V6C 191 см черный,price,422834,422832
2026-08-15T23:21:48Z,750000000,Алматы,122963617,Garmin Fenix 8 47 мм черный,price,605466,605387
2026-08-15T23:21:48Z,750000000,Алматы,142719480,"27"" Xiaomi 4K Monitor 27 A27Ui-EU P27UCB-RAGL черный",price,144910,144906
2026-08-15T23:21:48Z,750000000,Алматы,140597312,Midea MDWF-6029СLS серый,price,229898,224578
2026-08-15T23:21:48Z,750000000,Алматы,163510365,HONOR 600 Lite 8 ГБ/256 ГБ черный,price,209645,209589
2026-08-15T23:21:48Z,750000000,Алматы,122966507,Garmin Fenix 8 51 мм черно-серый,price,652954,652875
2026-08-15T23:21:48Z,750000000,Алматы,143300737,Наушники MOONDROP Rays фиолетовый,price,47230,47227
2026-08-15T23:21:48Z,750000000,Алматы,151096352,Garmin Fenix 8 Pro 51 мм серебристый-серый,price,731210,731202
2026-08-15T23:21:48Z,750000000,Алматы,109310183,Garmin Forerunner 265S 42 мм черный-черный,price,268783,268746
2026-08-15T23:21:48Z,750000000,Алматы,122962879,Garmin Fenix 8 51 мм черный,price,607317,607281
2026-08-15T23:21:48Z,750000000,Алматы,109351561,Garmin Forerunner 965 белый,price,373579,373575
2026-08-15T23:21:48Z,750000000,Алматы,101513764,"Бассейн каркасный Bestway 5612B, 640x274x132 см",price,324456,368699
2026-08-15T23:21:48Z,750000000,Алматы,101513764,"Бассейн каркасный Bestway 5612B, 640x274x132 см",discount,15,0
2026-08-15T23:21:48Z,750000000,Алматы,106852140,Garmin MARQ Golfer Gen 2 серебристый-зеленый-зеленый,price,1410628,1410554
2026-08-15T23:21:48Z,750000000,Алматы,143300811,Наушники MOONDROP Aria 2 красный,price,49573,49570
2026-08-15T23:21:48Z,750000000,Алматы,154805003,Realme GT 8 Pro 16 ГБ/512 ГБ синий,price,599958,599956
2026-08-15T23:21:48Z,750000000,Алматы,120134606,AULA F75 Side-Printed голубой,price,22534,22530
2026-08-15T23:21:48Z,750000000,Алматы,128745315,Midea MF200W90WB/T-C серый,price,220871,220855
2026-08-15T23:21:48Z,750000000,Алматы,109719960,Transcend TS250GESD260C 250 ГБ,price,41722,41719
2026-08-15T23:21:48Z,750000000,Алматы,140332233,Garmin Forerunner 970 47 мм белый-зеленый,price,455305,455268
2026-08-15T23:21:48Z,750000000,Алматы,148005901,Huawei WATCH GT 6 46 мм серебристый-зеленый,price,94377,94374
2026-08-15T23:21:48Z,750000000,Алматы,139561340,AULA HERO 68 HE белый,price,20666,20661
2026-08-15T23:21:48Z,750000000,Алматы,139955883,Huawei WATCH FIT 4 Pro 44 мм серебристый-зеленый,price,74739,74736
2026-08-15T23:21:48Z,750000000,Алматы,109731154,Canon EOS R7 Body черный,price,611219,611175
2026-08-15T23:21:48Z,750000000,Алматы,120935104,Dream H12 Pro PLUS черный,price,119463,119408
2026-08-15T23:21:48Z,750000000,Алматы,131430159,Наушники Soundcore Liberty 4 PRO черный,price,66363,66360
2026-08-15T23:21:48Z,750000000,Алматы,142884485,Garmin VENU X1 46 мм черный-черный,price,463397,463244
2026-08-15T23:21:48Z,750000000,Алматы,145820746,Roborock S8 Pro RRA0TAL черный,price,114618,114606
2026-08-15T23:21:48Z,750000000,Алматы,145451616,"Dreame H30 Ultra Mix черный, серый",price,162698,162695
2026-08-15T23:21:48Z,750000000,Алматы,154084045,Bambu Lab PLA Matte 1.75 мм 1 кг темно-синий,price,8998,8458
2026-08-15T23:21:48Z,750000000,Алматы,154084045,Bambu Lab PLA Matte 1.75 мм 1 кг темно-синий,discount,0,14
2026-08-15T23:21:48Z,750000000,Алматы,137352961,AULA F75 Black Contour черный,price,23089,23085
2026-08-15T23:21:48Z,750000000,Алматы,116455986,Система подачи материалов Bambu Lab AMS - Automatic Material System,price,141539,148988
2026-08-15T23:21:48Z,750000000,Алматы,116455986,Система подачи материалов Bambu Lab AMS - Automatic Material System,discount,11,0
2026-08-15T23:21:48Z,750000000,Алматы,169144934,Roborock S9+ белый,price,184666,184654
2026-08-15T23:21:48Z,750000000,Алматы,171512267,ONYX BOOX для Go 6 Gen II бежевый,price,10439,10988
2026-08-15T23:21:48Z,750000000,Алматы,171512267,ONYX BOOX для Go 6 Gen II бежевый,discount,25,22
2026-08-15T23:21:48Z,750000000,Алматы,169114829,Roborock S9+ черный,price,184666,184654
2026-08-15T23:21:48Z,750000000,Алматы,124278317,Garmin Fenix 8 Solar 47 мм черный,price,605321,605243
2026-08-15T23:21:48Z,750000000,Алматы,131472928,Портативная колонка Soundcore Boom 2 Plus синий,price,116359,116347
2026-08-15T23:21:48Z,750000000,Алматы,148348291,Canon EOS R50 + RF-S 18-45 mm IS STM,price,329405,329398
2026-08-15T23:21:48Z,750000000,Алматы,169114918,Roborock S9 черный,price,140666,140654
2026-08-15T23:21:48Z,750000000,Алматы,145557809,TECNO SPARK 40C 8 ГБ/256 ГБ белый,price,83046,83043
2026-08-15T23:21:48Z,750000000,Алматы,7300141,Transcend TS1TSJ25H3B 1000 Гб,price,62037,62032
2026-08-15T23:21:48Z,750000000,Алматы,141530670,Xiaomi Smart Band 10 серебристый,price,21918,21915
2026-08-15T23:21:48Z,750000000,Алматы,165935475,ATK Dragonfly A9 Air белый,price,34470,34467
2026-08-15T23:21:48Z,750000000,Алматы,143973797,TECNO SPARK 40C 8 ГБ/128 ГБ белый,price,74737,74718
2026-08-15T23:21:48Z,750000000,Алматы,130022770,Canon CANOSCAN LIDE 300 черный,price,50853,50843
2026-08-15T23:21:48Z,750000000,Алматы,100305103,"Бассейн каркасный Bestway 56082/56424, 400x211x81 см",price,58790,58769
2026-08-15T23:21:48Z,750000000,Алматы,167230393,Наушники Huawei FreeBuds Pro 5 темно-серый,price,79382,79186
2026-08-15T23:21:48Z,750000000,Алматы,110723747,Canon RF 100-400mm f/5.6-8 IS USM,price,390551,390485
2026-08-15T23:21:48Z,750000000,Алматы,141046478,Canon EOS R50 + RF-S 18-45 mm IS STM 5811C036,price,329409,329398
2026-08-15T23:21:48Z,750000000,Алматы,109731162,Canon EOS R10 kit RF-S 18–150mm f/3.5–6.3 IS STM,price,591393,591308
2026-08-15T23:21:48Z,750000000,Алматы,113556362,Canon EOS R50 RF-S 18-45 + Kit 55-210 mm,price,574181,574173
2026-08-15T23:21:48Z,750000000,Алматы,143300800,Наушники MOONDROP Aria 2 серебристый,price,48393,48390
2026-08-15T23:21:48Z,750000000,Алматы,132979867,AULA AU75 черный,price,22119,22115
2026-08-15T23:21:48Z,750000000,Алматы,129064979,Canon EOS R100 + RF-S 18-45mm + RF-S 55-210mm,price,455497,455493
2026-08-15T23:21:48Z,750000000,Алматы,163444484,Huawei nova 15 12 ГБ/256 ГБ белый,price,199867,199864
2026-08-15T23:21:48Z,750000000,Алматы,15400127,"Бассейн каркасный Bestway Steel Pro Frame 56424, 400x211x81 см",price,58790,58769
2026-08-15T23:21:48Z,750000000,Алматы,110648816,Philips BHS752/00 утюжок 25 мм,price,61937,61934
2026-08-15T23:21:48Z,750000000,Алматы,106851929,Garmin MARQ Aviator Gen 2 серебристый,price,1476674,1476663
2026-08-15T23:21:48Z,750000000,Алматы,114801730,Canon RF 24mm f/1.8 Macro IS STM,price,272670,272652
2026-08-15T23:21:48Z,750000000,Алматы,169077113,Roborock S9 белый,price,140666,140654
2026-08-15T23:21:48Z,750000000,Алматы,163483165,Наушники Soundcore Sleep A30 Green зеленый,price,85393,85391
2026-08-15T23:21:48Z,750000000,Алматы,128243261,Система подачи материалов Bambu Lab Ams lite,price,132710,132707
2026-08-15T23:21:48Z,750000000,Алматы,163414583,AULA F75 розовый,price,23512,23507
2026-08-15T23:21:48Z,750000000,Алматы,137761682,AULA SC380 PRO белый,price,11297,11293
2026-08-15T23:21:48Z,750000000,Алматы,171178069,Roborock Saros 20 черный,price,699666,699654
2026-08-15T23:21:48Z,750000000,Алматы,150445434,Sapphire PULSE AMD Radeon RX 9070 16 Гб,price,407622,407610
2026-08-15T23:21:48Z,750000000,Алматы,114176446,POCKET BOOK PB634-3-CIS 6 дюйм 1 Гб красный,price,105599,105596
2026-08-15T23:21:48Z,750000000,Алматы,108430983,Canon EOS R7 Kit 18-150mm черный,price,809601,809556
2026-08-15T23:21:48Z,750000000,Алматы,122265923,Canon EOS R5 Mark II body,price,1729058,1728874
2026-08-15T23:21:48Z,750000000,Алматы,146975796,AULA HERO 68 HE Frosted белый,price,27246,27242
2026-08-15T23:21:48Z,750000000,Алматы,137761585,AULA SC380 PRO черный,price,11117,11112
2026-08-15T23:21:48Z,750000000,Алматы,163483158,Наушники Soundcore Sleep A30 White белый,price,85489,89988
2026-08-15T23:21:48Z,750000000,Алматы,114460686,Garmin MARQ Golfer Gen 2 Carbon Edition черный,price,1756198,1756195
2026-08-15T23:21:48Z,750000000,Алматы,140932721,Midea MID60S350i-C серый,price,221492,221480
2026-08-15T23:21:48Z,750000000,Алматы,105544265,Canon RF 70-200mm f/4L IS USM,price,813249,813203
2026-08-15T23:21:48Z,750000000,Алматы,101018992,"Бассейн каркасный Bestway Power Steel 56465, 549x274x122 см",price,267797,267794
2026-08-15T23:21:48Z,710000000,Астана,108430990,Canon EOS R6 Mark II Body черный,price,815963,815447
2026-08-15T23:21:48Z,710000000,Астана,129065160,Наушники REDMI Buds 6 Play розовый,price,6770,6767
2026-08-15T23:21:48Z,710000000,Астана,147374082,HONOR X9d 12 ГБ/256 ГБ черный,price,237936,237930
2026-08-15T23:21:48Z,710000000,Астана,134328061,"Видеорегистратор 70mai M310 черный, серый",price,28569,28566
2026-08-15T23:21:48Z,710000000,Астана,106042231,Наушники Fifine H6 черный,price,20009,20006
2026-08-15T23:21:48Z,710000000,Астана,106795757,Canon EOS R10 kit 18-45mm IS STM,price,462593,462510
2026-08-15T23:21:48Z,710000000,Астана,147026783,Garmin Venu 4s 41 мм золотистый-белый,price,339468,339466
2026-08-15T23:21:48Z,710000000,Астана,115034062,МФУ Canon i-SENSYS MF275dw,price,185917,185904
2026-08-15T23:21:48Z,710000000,Астана,110151201,Canon EOS R6 Mark II Kit RF 24-105mm F/4-7.1 IS STM черный,price,1079536,1079402
2026-08-15T23:21:48Z,710000000,Астана,141530632,Xiaomi Smart Band 10 черный,price,21918,21915
2026-08-15T23:21:48Z,710000000,Астана,119596967,EPOMAKER x AULA F75 черный,price,21346,21342
2026-08-15T23:21:48Z,710000000,Астана,139895845,Roborock F25 - ACE черный,price,199622,199610
2026-08-15T23:21:48Z,710000000,Астана,146792191,Midea MD200H90WB/T-C серый,price,266336,266286
2026-08-15T23:21:48Z,710000000,Астана,140332176,Garmin Forerunner 970 47 мм бежевый-фиолетовый,price,458032,457993
2026-08-15T23:21:48Z,710000000,Астана,122963224,Garmin Fenix 8 43 мм белый-белый,price,544828,544725
2026-08-15T23:21:48Z,710000000,Астана,106042325,Микрофон Fifine A6V черный,price,18702,18699
2026-08-15T23:21:48Z,710000000,Астана,115178468,POCKET BOOK PB629-M-CIS 6 дюйм 8 Гб серый,price,87634,87630
2026-08-15T23:21:48Z,710000000,Астана,145820693,Roborock S8 Pro RRA0TAL белый,price,114628,114616
2026-08-15T23:21:48Z,710000000,Астана,132855201,AULA F75 Side-Printed розовый,price,21469,21465
2026-08-15T23:21:48Z,710000000,Астана,110057315,70mai зарядное устройство для видеорегистратора Midrive UP03 USB Type-C черный,price,8353,8350
2026-08-15T23:21:48Z,710000000,Астана,103627190,Canon RF 16mm f/2.8 STM,price,129170,129151
2026-08-15T23:21:48Z,710000000,Астана,150110690,Sen Sulu blush stick румяна 03 frosted bllom,price,8865,8862
2026-08-15T23:21:48Z,710000000,Астана,131472887,Портативная колонка Soundcore Select 4 Go фиолетовый,price,13263,13261
2026-08-15T23:21:48Z,710000000,Астана,145620660,TECNO SPARK 40C 8 ГБ/128 ГБ серый,price,74872,74853
2026-08-15T23:21:48Z,710000000,Астана,123942422,Canon RF 35mm f/1.4 L VCM,price,737363,737328
2026-08-15T23:21:48Z,710000000,Астана,145978939,Внешний аккумулятор Xiaomi Super Slim Magnetic Power Bank 5000 мАч 22.5 Вт WPB0507S фиолетовый,price,18878,18874
2026-08-15T23:21:48Z,710000000,Астана,141005445,AULA SC620 черный,price,11994,11275
2026-08-15T23:21:48Z,710000000,Астана,148341196,Huawei nova 14 Pro 12 ГБ/512 ГБ розовый,price,239890,244141
2026-08-15T23:21:48Z,710000000,Астана,148341196,Huawei nova 14 Pro 12 ГБ/512 ГБ розовый,discount,26,25
2026-08-15T23:21:48Z,710000000,Астана,120263286,Bambu Lab PLA Matte 1.75 мм 1 кг черный,price,8939,8936
2026-08-15T23:21:48Z,710000000,Астана,145978921,Внешний аккумулятор Xiaomi Super Slim Magnetic Power Bank 5000 мАч 22.5 Вт WPB0507S золотистый,price,18880,18876
2026-08-15T23:21:48Z,710000000,Астана,147392127,Внешний аккумулятор Xiaomi Super Slim Magnetic WPB0507S (BHR08PMGL) 5000 мАч 22.5 Вт черный,price,18869,18865
2026-08-15T23:21:48Z,710000000,Астана,103492220,"Бассейн каркасный Bestway 56714, 427x250x100 см",price,144662,144659
2026-08-15T23:21:48Z,710000000,Астана,116631467,"Бассейн каркасный Bestway 561FY, 396x396x107 см",price,116324,116320
2026-08-15T23:21:48Z,710000000,Астана,163444184,Huawei nova 15 Pro 12 ГБ/512 ГБ белый,price,284873,284870
2026-08-15T23:21:48Z,710000000,Астана,163444356,Huawei nova 15 12 ГБ/512 ГБ белый,price,199867,199864
2026-08-15T23:21:48Z,710000000,Астана,167232229,Huawei Watch Fit 5 43 мм серебристый--белый,price,80288,80088
2026-08-15T23:21:48Z,710000000,Астана,167232188,Huawei Watch Fit 5 43 мм черный,price,80288,80088
2026-08-15T23:21:48Z,710000000,Астана,15400145,"Бассейн каркасный Bestway Steel Pro Max 56420, 366x122 см",price,134662,134611
2026-08-15T23:21:48Z,710000000,Астана,118273472,Аэрогриль Xiaomi Smart Air Fryer BHR7357EU 6.5 л черный,price,47897,47894
2026-08-15T23:21:48Z,710000000,Астана,115287903,DREAME H12 Pro Plus CN черный,price,119452,119398
2026-08-15T23:21:48Z,710000000,Астана,130251646,Наушники REDMI Buds 6 Play синий,price,6758,6755
2026-08-15T23:21:48Z,710000000,Астана,151176828,TCL 65V6C 165 см черный,price,329988,318386
2026-08-15T23:21:48Z,710000000,Астана,151176828,TCL 65V6C 165 см черный,discount,10,13
2026-08-15T23:21:48Z,710000000,Астана,145557956,TECNO SPARK 40C 8 ГБ/256 ГБ черный,price,84069,84056
2026-08-15T23:21:48Z,710000000,Астана,132593287,"DREAME H30 Ultra Mix черный, серый",price,162700,162690
2026-08-15T23:21:48Z,710000000,Астана,137684212,DREAME H30 ULTRA MIX CE серый,price,162698,162695
2026-08-15T23:21:48Z,710000000,Астана,102158689,Микрофон Fifine T669 черный,price,21644,21626
2026-08-15T23:21:48Z,710000000,Астана,118273499,Аэрогриль Xiaomi Smart Air Fryer BHR7358EU 6.5 л белый,price,47241,47231
2026-08-15T23:21:48Z,710000000,Астана,143119833,Midea FSC-900DX стальной,price,227911,227908
2026-08-15T23:21:48Z,710000000,Астана,145978945,Внешний аккумулятор Xiaomi Super Slim Magnetic Power Bank 5000 мАч 22.5 Вт WPB0507S черный,price,18869,18865
2026-08-15T23:21:48Z,710000000,Астана,102211273,Midea MH 60P 205 X серебристый,price,33557,33547
2026-08-15T23:21:48Z,710000000,Астана,148240615,Huawei WATCH GT 6 Pro 46 мм черный-черный,price,159990,163287
2026-08-15T23:21:48Z,710000000,Астана,148240615,Huawei WATCH GT 6 Pro 46 мм черный-черный,discount,3,0
2026-08-15T23:21:48Z,710000000,Астана,123621889,Midea MFK03D105B/S-C серый,price,275176,275159
2026-08-15T23:21:48Z,710000000,Астана,110349310,Canon EOS R50 Kit 18-45mm f4.5-6.3 IS STM черный,price,329405,329398
2026-08-15T23:21:48Z,710000000,Астана,115633970,Canon LIDE 300 2995C010 черный,price,50853,50843
2026-08-15T23:21:48Z,710000000,Астана,122142480,Huawei MatePad SE Wi-Fi 11 дюйм 8 Гб/128 Гб серый,price,99990,107288
2026-08-15T23:21:48Z,710000000,Астана,122142480,Huawei MatePad SE Wi-Fi 11 дюйм 8 Гб/128 Гб серый,discount,23,17
2026-08-15T23:21:48Z,710000000,Астана,141746219,Xiaomi Robot Vacuum S40C Е101CDZ белый,price,84865,84862
2026-08-15T23:21:48Z,710000000,Астана,144488883,Midea MCI-631LB2 черный,price,79606,79560
2026-08-15T23:21:48Z,710000000,Астана,154255448,"Xiaomi камера видеонаблюдения MJSXJ27CM, 8MP, расширение 3840x2160",price,28172,28168
2026-08-15T23:21:48Z,710000000,Астана,145553631,Xiaomi Robot Vacuum 5 Pro EU OV21GL белый,price,326123,326089
2026-08-15T23:21:48Z,710000000,Астана,148148221,TCL 50V6C 127 см черный,price,219748,219742
2026-08-15T23:21:48Z,710000000,Астана,137060417,AULA F75 MAX черный,price,27395,27390
2026-08-15T23:21:48Z,710000000,Астана,101149860,Canon EOS RP RF 24-105 F4-7.1 IS STM,price,545257,545162
2026-08-15T23:21:48Z,710000000,Астана,154027559,"Xiaomi камера видеонаблюдения C201 MBC27, 2MP, расширение 1920x1080",price,13170,13166
2026-08-15T23:21:48Z,710000000,Астана,112245834,Canon EOS R8 Body черный,price,602574,602372
2026-08-15T23:21:48Z,710000000,Астана,147987810,Huawei WATCH GT 6 41 мм золотистый-белый,price,105488,105288
2026-08-15T23:21:48Z,710000000,Астана,166975826,HONOR 600 Pro 12 ГБ/512 ГБ черный,price,548694,548688
2026-08-15T23:21:48Z,710000000,Астана,112301355,МФУ Canon MAXIFY GX3040,price,123851,123849
2026-08-15T23:21:48Z,710000000,Астана,103313279,Очиститель воздуха SmartMi Smartmi Air Purifier P1 серый,price,55118,55106
2026-08-15T23:21:48Z,710000000,Астана,147986879,Huawei WATCH GT 6 41 мм золотистый-золотистый,price,115288,115284
2026-08-15T23:21:48Z,710000000,Астана,151096402,Garmin Fenix 8 Pro 47 мм черный,price,653690,653684
2026-08-15T23:21:48Z,710000000,Астана,140332288,Garmin Forerunner 970 47 мм черный,price,449124,449087
2026-08-15T23:21:48Z,710000000,Астана,139307969,Кофемашина Xiaomi Semi-Automatic Espresso Machine серебристый,price,61257,61254
2026-08-15T23:21:48Z,710000000,Астана,149031743,ZTE Nubia RedMagic Astra 9.06 дюйм 24 Гб/1024 Гб черный,price,569877,569874
2026-08-15T23:21:48Z,710000000,Астана,109310071,Garmin Forerunner 265S 42 мм белый-белый,price,275072,275067
2026-08-15T23:21:48Z,710000000,Астана,134108182,Портативная колонка Soundcore Select 4 Go черный,price,13259,13257
2026-08-15T23:21:48Z,710000000,Астана,113029701,Garmin VENU 3S белый,price,278649,278639
2026-08-15T23:21:48Z,710000000,Астана,118179738,Canon EOS R50 RF-S 15-45 IS STM черный,price,329405,329398
2026-08-15T23:21:48Z,710000000,Астана,114761211,Fifine SC3,price,25321,25317
2026-08-15T23:21:48Z,710000000,Астана,112972977,Видеорегистратор 70mai A810 черный,price,99942,99939
2026-08-15T23:21:48Z,710000000,Астана,153277705,TCL 75V6C 191 см черный,price,422834,422832
2026-08-15T23:21:48Z,710000000,Астана,122963617,Garmin Fenix 8 47 мм черный,price,605466,605368
2026-08-15T23:21:48Z,710000000,Астана,142719480,"27"" Xiaomi 4K Monitor 27 A27Ui-EU P27UCB-RAGL черный",price,144910,144906
2026-08-15T23:21:48Z,710000000,Астана,140597312,Midea MDWF-6029СLS серый,price,229898,224578
2026-08-15T23:21:48Z,710000000,Астана,163510365,HONOR 600 Lite 8 ГБ/256 ГБ черный,price,209645,209589
2026-08-15T23:21:48Z,710000000,Астана,122966507,Garmin Fenix 8 51 мм черно-серый,price,652954,652875
2026-08-15T23:21:48Z,710000000,Астана,143300737,Наушники MOONDROP Rays фиолетовый,price,47230,47227
2026-08-15T23:21:48Z,710000000,Астана,151096352,Garmin Fenix 8 Pro 51 мм серебристый-серый,price,731210,731202
2026-08-15T23:21:48Z,710000000,Астана,109310183,Garmin Forerunner 265S 42 мм черный-черный,price,268783,268746
2026-08-15T23:21:48Z,710000000,Астана,122962879,Garmin Fenix 8 51 мм черный,price,607311,607269
2026-08-15T23:21:48Z,710000000,Астана,109351561,Garmin Forerunner 965 белый,price,373579,373575
2026-08-15T23:21:48Z,710000000,Астана,101513764,"Бассейн каркасный Bestway 5612B, 640x274x132 см",price,324456,368699
2026-08-15T23:21:48Z,710000000,Астана,101513764,"Бассейн каркасный Bestway 5612B, 640x274x132 см",discount,15,0
2026-08-15T23:21:48Z,710000000,Астана,106852140,Garmin MARQ Golfer Gen 2 серебристый-зеленый-зеленый,price,1410628,1410554
2026-08-15T23:21:48Z,710000000,Астана,143300811,Наушники MOONDROP Aria 2 красный,price,49573,49570
2026-08-15T23:21:48Z,710000000,Астана,154805003,Realme GT 8 Pro 16 ГБ/512 ГБ синий,price,599958,599956
2026-08-15T23:21:48Z,710000000,Астана,120134606,AULA F75 Side-Printed голубой,price,22534,22530
2026-08-15T23:21:48Z,710000000,Астана,128745315,Midea MF200W90WB/T-C серый,price,220871,220855
2026-08-15T23:21:48Z,710000000,Астана,109719960,Transcend TS250GESD260C 250 ГБ,price,41722,41719
2026-08-15T23:21:48Z,710000000,Астана,140332233,Garmin Forerunner 970 47 мм белый-зеленый,price,455305,455268
2026-08-15T23:21:48Z,710000000,Астана,148005901,Huawei WATCH GT 6 46 мм серебристый-зеленый,price,94377,94374
2026-08-15T23:21:48Z,710000000,Астана,139561340,AULA HERO 68 HE белый,price,20666,20661
2026-08-15T23:21:48Z,710000000,Астана,139955883,Huawei WATCH FIT 4 Pro 44 мм серебристый-зеленый,price,74739,74736
2026-08-15T23:21:48Z,710000000,Астана,109731154,Canon EOS R7 Body черный,price,611219,611175
2026-08-15T23:21:48Z,710000000,Астана,120935104,Dream H12 Pro PLUS черный,price,119463,119408
2026-08-15T23:21:48Z,710000000,Астана,131430159,Наушники Soundcore Liberty 4 PRO черный,price,66363,66360
2026-08-15T23:21:48Z,710000000,Астана,142884485,Garmin VENU X1 46 мм черный-черный,price,463397,463244
2026-08-15T23:21:48Z,710000000,Астана,145820746,Roborock S8 Pro RRA0TAL черный,price,114618,114606
2026-08-15T23:21:48Z,710000000,Астана,145451616,"Dreame H30 Ultra Mix черный, серый",price,162698,162695
2026-08-15T23:21:48Z,710000000,Астана,154084045,Bambu Lab PLA Matte 1.75 мм 1 кг темно-синий,price,8998,8458
2026-08-15T23:21:48Z,710000000,Астана,154084045,Bambu Lab PLA Matte 1.75 мм 1 кг темно-синий,discount,0,15
2026-08-15T23:21:48Z,710000000,Астана,137352961,AULA F75 Black Contour черный,price,23089,23085
2026-08-15T23:21:48Z,710000000,Астана,116455986,Система подачи материалов Bambu Lab AMS - Automatic Material System,price,141539,148988
2026-08-15T23:21:48Z,710000000,Астана,116455986,Система подачи материалов Bambu Lab AMS - Automatic Material System,discount,11,0
2026-08-15T23:21:48Z,710000000,Астана,169144934,Roborock S9+ белый,price,184666,184654
2026-08-15T23:21:48Z,710000000,Астана,171512267,ONYX BOOX для Go 6 Gen II бежевый,price,10439,10988
2026-08-15T23:21:48Z,710000000,Астана,171512267,ONYX BOOX для Go 6 Gen II бежевый,discount,25,22
2026-08-15T23:21:48Z,710000000,Астана,169114829,Roborock S9+ черный,price,184666,184654
2026-08-15T23:21:48Z,710000000,Астана,124278317,Garmin Fenix 8 Solar 47 мм черный,price,605321,605218
2026-08-15T23:21:48Z,710000000,Астана,131472928,Портативная колонка Soundcore Boom 2 Plus синий,price,116359,116347
2026-08-15T23:21:48Z,710000000,Астана,148348291,Canon EOS R50 + RF-S 18-45 mm IS STM,price,329405,329398
2026-08-15T23:21:48Z,710000000,Астана,169114918,Roborock S9 черный,price,140666,140654
2026-08-15T23:21:48Z,710000000,Астана,145557809,TECNO SPARK 40C 8 ГБ/256 ГБ белый,price,83046,83043
2026-08-15T23:21:48Z,710000000,Астана,7300141,Transcend TS1TSJ25H3B 1000 Гб,price,62037,62032
2026-08-15T23:21:48Z,710000000,Астана,141530670,Xiaomi Smart Band 10 серебристый,price,21918,21915
2026-08-15T23:21:48Z,710000000,Астана,165935475,ATK Dragonfly A9 Air белый,price,34470,34467
2026-08-15T23:21:48Z,710000000,Астана,143973797,TECNO SPARK 40C 8 ГБ/128 ГБ белый,price,74737,74718
2026-08-15T23:21:48Z,710000000,Астана,130022770,Canon CANOSCAN LIDE 300 черный,price,50853,50843
2026-08-15T23:21:48Z,710000000,Астана,100305103,"Бассейн каркасный Bestway 56082/56424, 400x211x81 см",price,58790,58769
2026-08-15T23:21:48Z,710000000,Астана,167230393,Наушники Huawei FreeBuds Pro 5 темно-серый,price,79382,79186
2026-08-15T23:21:48Z,710000000,Астана,110723747,Canon RF 100-400mm f/5.6-8 IS USM,price,390551,390485
2026-08-15T23:21:48Z,710000000,Астана,141046478,Canon EOS R50 + RF-S 18-45 mm IS STM 5811C036,price,329409,329391
2026-08-15T23:21:48Z,710000000,Астана,109731162,Canon EOS R10 kit RF-S 18–150mm f/3.5–6.3 IS STM,price,591393,591308
2026-08-15T23:21:48Z,710000000,Астана,113556362,Canon EOS R50 RF-S 18-45 + Kit 55-210 mm,price,574181,574173
2026-08-15T23:21:48Z,710000000,Астана,143300800,Наушники MOONDROP Aria 2 серебристый,price,48393,48390
2026-08-15T23:21:48Z,710000000,Астана,132979867,AULA AU75 черный,price,22119,22115
2026-08-15T23:21:48Z,710000000,Астана,129064979,Canon EOS R100 + RF-S 18-45mm + RF-S 55-210mm,price,455497,455493
2026-08-15T23:21:48Z,710000000,Астана,163444484,Huawei nova 15 12 ГБ/256 ГБ белый,price,199867,199864
2026-08-15T23:21:48Z,710000000,Астана,15400127,"Бассейн каркасный Bestway Steel Pro Frame 56424, 400x211x81 см",price,58790,58769
2026-08-15T23:21:48Z,710000000,Астана,110648816,Philips BHS752/00 утюжок 25 мм,price,61937,61934
2026-08-15T23:21:48Z,710000000,Астана,106851929,Garmin MARQ Aviator Gen 2 серебристый,price,1476671,1476663
2026-08-15T23:21:48Z,710000000,Астана,114801730,Canon RF 24mm f/1.8 Macro IS STM,price,272670,272652
2026-08-15T23:21:48Z,710000000,Астана,169077113,Roborock S9 белый,price,140666,140654
2026-08-15T23:21:48Z,710000000,Астана,163483165,Наушники Soundcore Sleep A30 Green зеленый,price,85393,85391
2026-08-15T23:21:48Z,710000000,Астана,128243261,Система подачи материалов Bambu Lab Ams lite,price,132710,132707
2026-08-15T23:21:48Z,710000000,Астана,163414583,AULA F75 розовый,price,23512,23507
2026-08-15T23:21:48Z,710000000,Астана,137761682,AULA SC380 PRO белый,price,11297,11293
2026-08-15T23:21:48Z,710000000,Астана,171178069,Roborock Saros 20 черный,price,699666,699654
2026-08-15T23:21:48Z,710000000,Астана,150445434,Sapphire PULSE AMD Radeon RX 9070 16 Гб,price,407622,407610
2026-08-15T23:21:48Z,710000000,Астана,114176446,POCKET BOOK PB634-3-CIS 6 дюйм 1 Гб красный,price,105599,105596
2026-08-15T23:21:48Z,710000000,Астана,108430983,Canon EOS R7 Kit 18-150mm черный,price,809601,809539
2026-08-15T23:21:48Z,710000000,Астана,122265923,Canon EOS R5 Mark II body,price,1729058,1728922
2026-08-15T23:21:48Z,710000000,Астана,146975796,AULA HERO 68 HE Frosted белый,price,27246,27242
2026-08-15T23:21:48Z,710000000,Астана,137761585,AULA SC380 PRO черный,price,11117,11112
2026-08-15T23:21:48Z,710000000,Астана,163483158,Наушники Soundcore Sleep A30 White белый,price,85489,89988
2026-08-15T23:21:48Z,710000000,Астана,114460686,Garmin MARQ Golfer Gen 2 Carbon Edition черный,price,1756198,1756195
2026-08-15T23:21:48Z,710000000,Астана,140932721,Midea MID60S350i-C серый,price,221492,221480
2026-08-15T23:21:48Z,710000000,Астана,105544265,Canon RF 70-200mm f/4L IS USM,price,813249,813203
2026-08-15T23:21:48Z,710000000,Астана,101018992,"Бассейн каркасный Bestway Power Steel 56465, 549x274x122 см",price,267797,267794
2026-08-15T23:21:48Z,511010000,Шымкент,108430990,Canon EOS R6 Mark II Body черный,price,815764,815250
2026-08-15T23:21:48Z,511010000,Шымкент,129065160,Наушники REDMI Buds 6 Play розовый,price,6770,6767
2026-08-15T23:21:48Z,511010000,Шымкент,147374082,HONOR X9d 12 ГБ/256 ГБ черный,price,237936,237930
2026-08-15T23:21:48Z,511010000,Шымкент,134328061,"Видеорегистратор 70mai M310 черный, серый",price,28569,28566
2026-08-15T23:21:48Z,511010000,Шымкент,106042231,Наушники Fifine H6 черный,price,20009,20006
2026-08-15T23:21:48Z,511010000,Шымкент,106795757,Canon EOS R10 kit 18-45mm IS STM,price,462581,462467
2026-08-15T23:21:48Z,511010000,Шымкент,147026783,Garmin Venu 4s 41 мм золотистый-белый,price,339468,339466
2026-08-15T23:21:48Z,511010000,Шымкент,115034062,МФУ Canon i-SENSYS MF275dw,price,185917,185904
2026-08-15T23:21:48Z,511010000,Шымкент,110151201,Canon EOS R6 Mark II Kit RF 24-105mm F/4-7.1 IS STM черный,price,1079536,1079428
2026-08-15T23:21:48Z,511010000,Шымкент,141530632,Xiaomi Smart Band 10 черный,price,21918,21915
2026-08-15T23:21:48Z,511010000,Шымкент,119596967,EPOMAKER x AULA F75 черный,price,21346,21342
2026-08-15T23:21:48Z,511010000,Шымкент,139895845,Roborock F25 - ACE черный,price,199622,199610
2026-08-15T23:21:48Z,511010000,Шымкент,146792191,Midea MD200H90WB/T-C серый,price,266336,266286
2026-08-15T23:21:48Z,511010000,Шымкент,140332176,Garmin Forerunner 970 47 мм бежевый-фиолетовый,price,458032,457993
2026-08-15T23:21:48Z,511010000,Шымкент,122963224,Garmin Fenix 8 43 мм белый-белый,price,544828,544725
2026-08-15T23:21:48Z,511010000,Шымкент,106042325,Микрофон Fifine A6V черный,price,18702,18699
2026-08-15T23:21:48Z,511010000,Шымкент,115178468,POCKET BOOK PB629-M-CIS 6 дюйм 8 Гб серый,price,87634,87630
2026-08-15T23:21:48Z,511010000,Шымкент,145820693,Roborock S8 Pro RRA0TAL белый,price,114628,114616
2026-08-15T23:21:48Z,511010000,Шымкент,132855201,AULA F75 Side-Printed розовый,price,21469,21465
2026-08-15T23:21:48Z,511010000,Шымкент,110057315,70mai зарядное устройство для видеорегистратора Midrive UP03 USB Type-C черный,price,8353,8350
2026-08-15T23:21:48Z,511010000,Шымкент,103627190,Canon RF 16mm f/2.8 STM,price,129170,129151
2026-08-15T23:21:48Z,511010000,Шымкент,150110690,Sen Sulu blush stick румяна 03 frosted bllom,price,8865,8862
2026-08-15T23:21:48Z,511010000,Шымкент,131472887,Портативная колонка Soundcore Select 4 Go фиолетовый,price,13263,13261
2026-08-15T23:21:48Z,511010000,Шымкент,145620660,TECNO SPARK 40C 8 ГБ/128 ГБ серый,price,74872,74853
2026-08-15T23:21:48Z,511010000,Шымкент,123942422,Canon RF 35mm f/1.4 L VCM,price,737363,737328
2026-08-15T23:21:48Z,511010000,Шымкент,145978939,Внешний аккумулятор Xiaomi Super Slim Magnetic Power Bank 5000 мАч 22.5 Вт WPB0507S фиолетовый,price,18878,18874
2026-08-15T23:21:48Z,511010000,Шымкент,141005445,AULA SC620 черный,price,11994,11275
2026-08-15T23:21:48Z,511010000,Шымкент,148341196,Huawei nova 14 Pro 12 ГБ/512 ГБ розовый,price,239890,244141
2026-08-15T23:21:48Z,511010000,Шымкент,148341196,Huawei nova 14 Pro 12 ГБ/512 ГБ розовый,discount,26,25
2026-08-15T23:21:48Z,511010000,Шымкент,120263286,Bambu Lab PLA Matte 1.75 мм 1 кг черный,price,8939,8936
2026-08-15T23:21:48Z,511010000,Шымкент,145978921,Внешний аккумулятор Xiaomi Super Slim Magnetic Power Bank 5000 мАч 22.5 Вт WPB0507S золотистый,price,18880,18876
2026-08-15T23:21:48Z,511010000,Шымкент,147392127,Внешний аккумулятор Xiaomi Super Slim Magnetic WPB0507S (BHR08PMGL) 5000 мАч 22.5 Вт черный,price,18869,18865
2026-08-15T23:21:48Z,511010000,Шымкент,103492220,"Бассейн каркасный Bestway 56714, 427x250x100 см",price,144662,144659
2026-08-15T23:21:48Z,511010000,Шымкент,116631467,"Бассейн каркасный Bestway 561FY, 396x396x107 см",price,116324,116320
2026-08-15T23:21:48Z,511010000,Шымкент,163444184,Huawei nova 15 Pro 12 ГБ/512 ГБ белый,price,284873,284870
2026-08-15T23:21:48Z,511010000,Шымкент,163444356,Huawei nova 15 12 ГБ/512 ГБ белый,price,199867,199864
2026-08-15T23:21:48Z,511010000,Шымкент,167232229,Huawei Watch Fit 5 43 мм серебристый--белый,price,80288,80088
2026-08-15T23:21:48Z,511010000,Шымкент,167232188,Huawei Watch Fit 5 43 мм черный,price,80288,80088
2026-08-15T23:21:48Z,511010000,Шымкент,15400145,"Бассейн каркасный Bestway Steel Pro Max 56420, 366x122 см",price,134662,134611
2026-08-15T23:21:48Z,511010000,Шымкент,118273472,Аэрогриль Xiaomi Smart Air Fryer BHR7357EU 6.5 л черный,price,47897,47894
2026-08-15T23:21:48Z,511010000,Шымкент,115287903,DREAME H12 Pro Plus CN черный,price,119449,119406
2026-08-15T23:21:48Z,511010000,Шымкент,130251646,Наушники REDMI Buds 6 Play синий,price,6758,6755
2026-08-15T23:21:48Z,511010000,Шымкент,151176828,TCL 65V6C 165 см черный,price,329988,318386
2026-08-15T23:21:48Z,511010000,Шымкент,151176828,TCL 65V6C 165 см черный,discount,10,13
2026-08-15T23:21:48Z,511010000,Шымкент,145557956,TECNO SPARK 40C 8 ГБ/256 ГБ черный,price,84069,84056
2026-08-15T23:21:48Z,511010000,Шымкент,132593287,"DREAME H30 Ultra Mix черный, серый",price,162700,162692
2026-08-15T23:21:48Z,511010000,Шымкент,137684212,DREAME H30 ULTRA MIX CE серый,price,162698,162695
2026-08-15T23:21:48Z,511010000,Шымкент,102158689,Микрофон Fifine T669 черный,price,21644,21626
2026-08-15T23:21:48Z,511010000,Шымкент,118273499,Аэрогриль Xiaomi Smart Air Fryer BHR7358EU 6.5 л белый,price,47241,47231
2026-08-15T23:21:48Z,511010000,Шымкент,143119833,Midea FSC-900DX стальной,price,227911,227908
2026-08-15T23:21:48Z,511010000,Шымкент,145978945,Внешний аккумулятор Xiaomi Super Slim Magnetic Power Bank 5000 мАч 22.5 Вт WPB0507S черный,price,18869,18865
2026-08-15T23:21:48Z,511010000,Шымкент,102211273,Midea MH 60P 205 X серебристый,price,33557,33547
2026-08-15T23:21:48Z,511010000,Шымкент,148240615,Huawei WATCH GT 6 Pro 46 мм черный-черный,price,159990,163287
2026-08-15T23:21:48Z,511010000,Шымкент,148240615,Huawei WATCH GT 6 Pro 46 мм черный-черный,discount,3,0
2026-08-15T23:21:48Z,511010000,Шымкент,123621889,Midea MFK03D105B/S-C серый,price,275176,275159
2026-08-15T23:21:48Z,511010000,Шымкент,110349310,Canon EOS R50 Kit 18-45mm f4.5-6.3 IS STM черный,price,329405,329398
2026-08-15T23:21:48Z,511010000,Шымкент,115633970,Canon LIDE 300 2995C010 черный,price,50853,50843
2026-08-15T23:21:48Z,511010000,Шымкент,122142480,Huawei MatePad SE Wi-Fi 11 дюйм 8 Гб/128 Гб серый,price,99990,107288
2026-08-15T23:21:48Z,511010000,Шымкент,122142480,Huawei MatePad SE Wi-Fi 11 дюйм 8 Гб/128 Гб серый,discount,23,17
2026-08-15T23:21:48Z,511010000,Шымкент,141746219,Xiaomi Robot Vacuum S40C Е101CDZ белый,price,84865,84862
2026-08-15T23:21:48Z,511010000,Шымкент,144488883,Midea MCI-631LB2 черный,price,79606,79560
2026-08-15T23:21:48Z,511010000,Шымкент,154255448,"Xiaomi камера видеонаблюдения MJSXJ27CM, 8MP, расширение 3840x2160",price,28172,28168
2026-08-15T23:21:48Z,511010000,Шымкент,145553631,Xiaomi Robot Vacuum 5 Pro EU OV21GL белый,price,326123,326089
2026-08-15T23:21:48Z,511010000,Шымкент,148148221,TCL 50V6C 127 см черный,price,219748,219742
2026-08-15T23:21:48Z,511010000,Шымкент,137060417,AULA F75 MAX черный,price,27395,27390
2026-08-15T23:21:48Z,511010000,Шымкент,101149860,Canon EOS RP RF 24-105 F4-7.1 IS STM,price,545236,545162
2026-08-15T23:21:48Z,511010000,Шымкент,154027559,"Xiaomi камера видеонаблюдения C201 MBC27, 2MP, расширение 1920x1080",price,13170,13166
2026-08-15T23:21:48Z,511010000,Шымкент,112245834,Canon EOS R8 Body черный,price,602574,602372
2026-08-15T23:21:48Z,511010000,Шымкент,147987810,Huawei WATCH GT 6 41 мм золотистый-белый,price,105488,105288
2026-08-15T23:21:48Z,511010000,Шымкент,166975826,HONOR 600 Pro 12 ГБ/512 ГБ черный,price,548694,548688
2026-08-15T23:21:48Z,511010000,Шымкент,112301355,МФУ Canon MAXIFY GX3040,price,123851,123849
2026-08-15T23:21:48Z,511010000,Шымкент,103313279,Очиститель воздуха SmartMi Smartmi Air Purifier P1 серый,price,55118,55106
2026-08-15T23:21:48Z,511010000,Шымкент,147986879,Huawei WATCH GT 6 41 мм золотистый-золотистый,price,115288,115088
2026-08-15T23:21:48Z,511010000,Шымкент,151096402,Garmin Fenix 8 Pro 47 мм черный,price,653690,653684
2026-08-15T23:21:48Z,511010000,Шымкент,140332288,Garmin Forerunner 970 47 мм черный,price,449124,449087
2026-08-15T23:21:48Z,511010000,Шымкент,139307969,Кофемашина Xiaomi Semi-Automatic Espresso Machine серебристый,price,61257,61254
2026-08-15T23:21:48Z,511010000,Шымкент,149031743,ZTE Nubia RedMagic Astra 9.06 дюйм 24 Гб/1024 Гб черный,price,569877,569874
2026-08-15T23:21:48Z,511010000,Шымкент,109310071,Garmin Forerunner 265S 42 мм белый-белый,price,275072,275067
2026-08-15T23:21:48Z,511010000,Шымкент,134108182,Портативная колонка Soundcore Select 4 Go черный,price,13259,13257
2026-08-15T23:21:48Z,511010000,Шымкент,113029701,Garmin VENU 3S белый,price,278649,278639
2026-08-15T23:21:48Z,511010000,Шымкент,118179738,Canon EOS R50 RF-S 15-45 IS STM черный,price,329405,329398
2026-08-15T23:21:48Z,511010000,Шымкент,114761211,Fifine SC3,price,25321,25317
2026-08-15T23:21:48Z,511010000,Шымкент,112972977,Видеорегистратор 70mai A810 черный,price,99942,99939
2026-08-15T23:21:48Z,511010000,Шымкент,153277705,TCL 75V6C 191 см черный,price,422834,422832
2026-08-15T23:21:48Z,511010000,Шымкент,122963617,Garmin Fenix 8 47 мм черный,price,605466,605368
2026-08-15T23:21:48Z,511010000,Шымкент,142719480,"27"" Xiaomi 4K Monitor 27 A27Ui-EU P27UCB-RAGL черный",price,144910,144906
2026-08-15T23:21:48Z,511010000,Шымкент,140597312,Midea MDWF-6029СLS серый,price,229898,224578
2026-08-15T23:21:48Z,511010000,Шымкент,163510365,HONOR 600 Lite 8 ГБ/256 ГБ черный,price,209645,209589
2026-08-15T23:21:48Z,511010000,Шымкент,122966507,Garmin Fenix 8 51 мм черно-серый,price,652954,652875
2026-08-15T23:21:48Z,511010000,Шымкент,143300737,Наушники MOONDROP Rays фиолетовый,price,47230,47227
2026-08-15T23:21:48Z,511010000,Шымкент,151096352,Garmin Fenix 8 Pro 51 мм серебристый-серый,price,731210,731202
2026-08-15T23:21:48Z,511010000,Шымкент,109310183,Garmin Forerunner 265S 42 мм черный-черный,price,268783,268746
2026-08-15T23:21:48Z,511010000,Шымкент,122962879,Garmin Fenix 8 51 мм черный,price,607311,607269
2026-08-15T23:21:48Z,511010000,Шымкент,109351561,Garmin Forerunner 965 белый,price,373579,373575
2026-08-15T23:21:48Z,511010000,Шымкент,101513764,"Бассейн каркасный Bestway 5612B, 640x274x132 см",price,324456,368699
2026-08-15T23:21:48Z,511010000,Шымкент,101513764,"Бассейн каркасный Bestway 5612B, 640x274x132 см",discount,15,0
2026-08-15T23:21:48Z,511010000,Шымкент,106852140,Garmin MARQ Golfer Gen 2 серебристый-зеленый-зеленый,price,1410628,1410548
2026-08-15T23:21:48Z,511010000,Шымкент,143300811,Наушники MOONDROP Aria 2 красный,price,49573,49570
2026-08-15T23:21:48Z,511010000,Шымкент,154805003,Realme GT 8 Pro 16 ГБ/512 ГБ синий,price,599958,599956
2026-08-15T23:21:48Z,511010000,Шымкент,120134606,AULA F75 Side-Printed голубой,price,22534,22530
2026-08-15T23:21:48Z,511010000,Шымкент,128745315,Midea MF200W90WB/T-C серый,price,220871,220855
2026-08-15T23:21:48Z,511010000,Шымкент,109719960,Transcend TS250GESD260C 250 ГБ,price,41722,41719
2026-08-15T23:21:48Z,511010000,Шымкент,140332233,Garmin Forerunner 970 47 мм белый-зеленый,price,455305,455268
2026-08-15T23:21:48Z,511010000,Шымкент,148005901,Huawei WATCH GT 6 46 мм серебристый-зеленый,price,94377,94374
2026-08-15T23:21:48Z,511010000,Шымкент,139561340,AULA HERO 68 HE белый,price,20666,20661
2026-08-15T23:21:48Z,511010000,Шымкент,139955883,Huawei WATCH FIT 4 Pro 44 мм серебристый-зеленый,price,74739,74727
2026-08-15T23:21:48Z,511010000,Шымкент,109731154,Canon EOS R7 Body черный,price,611219,611175
2026-08-15T23:21:48Z,511010000,Шымкент,120935104,Dream H12 Pro PLUS черный,price,119463,119408
2026-08-15T23:21:48Z,511010000,Шымкент,131430159,Наушники Soundcore Liberty 4 PRO черный,price,66363,66360
2026-08-15T23:21:48Z,511010000,Шымкент,142884485,Garmin VENU X1 46 мм черный-черный,price,463397,463244
2026-08-15T23:21:48Z,511010000,Шымкент,145820746,Roborock S8 Pro RRA0TAL черный,price,114618,114606
2026-08-15T23:21:48Z,511010000,Шымкент,145451616,"Dreame H30 Ultra Mix черный, серый",price,162698,162695
2026-08-15T23:21:48Z,511010000,Шымкент,154084045,Bambu Lab PLA Matte 1.75 мм 1 кг темно-синий,price,8998,8458
2026-08-15T23:21:48Z,511010000,Шымкент,154084045,Bambu Lab PLA Matte 1.75 мм 1 кг темно-синий,discount,0,14
2026-08-15T23:21:48Z,511010000,Шымкент,137352961,AULA F75 Black Contour черный,price,23089,23085
2026-08-15T23:21:48Z,511010000,Шымкент,116455986,Система подачи материалов Bambu Lab AMS - Automatic Material System,price,141539,148988
2026-08-15T23:21:48Z,511010000,Шымкент,116455986,Система подачи материалов Bambu Lab AMS - Automatic Material System,discount,11,0
2026-08-15T23:21:48Z,511010000,Шымкент,169144934,Roborock S9+ белый,price,184666,184654
2026-08-15T23:21:48Z,511010000,Шымкент,171512267,ONYX BOOX для Go 6 Gen II бежевый,price,10439,10988
2026-08-15T23:21:48Z,511010000,Шымкент,171512267,ONYX BOOX для Go 6 Gen II бежевый,discount,25,22
2026-08-15T23:21:48Z,511010000,Шымкент,169114829,Roborock S9+ черный,price,184666,184654
2026-08-15T23:21:48Z,511010000,Шымкент,124278317,Garmin Fenix 8 Solar 47 мм черный,price,605321,605225
2026-08-15T23:21:48Z,511010000,Шымкент,131472928,Портативная колонка Soundcore Boom 2 Plus синий,price,116359,116347
2026-08-15T23:21:48Z,511010000,Шымкент,148348291,Canon EOS R50 + RF-S 18-45 mm IS STM,price,329405,329398
2026-08-15T23:21:48Z,511010000,Шымкент,169114918,Roborock S9 черный,price,140666,140654
2026-08-15T23:21:48Z,511010000,Шымкент,145557809,TECNO SPARK 40C 8 ГБ/256 ГБ белый,price,83046,83043
2026-08-15T23:21:48Z,511010000,Шымкент,7300141,Transcend TS1TSJ25H3B 1000 Гб,price,62037,62032
2026-08-15T23:21:48Z,511010000,Шымкент,141530670,Xiaomi Smart Band 10 серебристый,price,21918,21915
2026-08-15T23:21:48Z,511010000,Шымкент,165935475,ATK Dragonfly A9 Air белый,price,34470,34467
2026-08-15T23:21:48Z,511010000,Шымкент,143973797,TECNO SPARK 40C 8 ГБ/128 ГБ белый,price,74737,74718
2026-08-15T23:21:48Z,511010000,Шымкент,130022770,Canon CANOSCAN LIDE 300 черный,price,50853,50843
2026-08-15T23:21:48Z,511010000,Шымкент,100305103,"Бассейн каркасный Bestway 56082/56424, 400x211x81 см",price,58790,58769
2026-08-15T23:21:48Z,511010000,Шымкент,167230393,Наушники Huawei FreeBuds Pro 5 темно-серый,price,79382,79186
2026-08-15T23:21:48Z,511010000,Шымкент,110723747,Canon RF 100-400mm f/5.6-8 IS USM,price,390551,390485
2026-08-15T23:21:48Z,511010000,Шымкент,141046478,Canon EOS R50 + RF-S 18-45 mm IS STM 5811C036,price,329409,329391
2026-08-15T23:21:48Z,511010000,Шымкент,109731162,Canon EOS R10 kit RF-S 18–150mm f/3.5–6.3 IS STM,price,591393,591308
2026-08-15T23:21:48Z,511010000,Шымкент,113556362,Canon EOS R50 RF-S 18-45 + Kit 55-210 mm,price,574181,574173
2026-08-15T23:21:48Z,511010000,Шымкент,143300800,Наушники MOONDROP Aria 2 серебристый,price,48393,48390
2026-08-15T23:21:48Z,511010000,Шымкент,132979867,AULA AU75 черный,price,22119,22115
2026-08-15T23:21:48Z,511010000,Шымкент,129064979,Canon EOS R100 + RF-S 18-45mm + RF-S 55-210mm,price,455497,455493
2026-08-15T23:21:48Z,511010000,Шымкент,163444484,Huawei nova 15 12 ГБ/256 ГБ белый,price,199867,199864
2026-08-15T23:21:48Z,511010000,Шымкент,15400127,"Бассейн каркасный Bestway Steel Pro Frame 56424, 400x211x81 см",price,58790,58769
2026-08-15T23:21:48Z,511010000,Шымкент,110648816,Philips BHS752/00 утюжок 25 мм,price,61937,61934
2026-08-15T23:21:48Z,511010000,Шымкент,106851929,Garmin MARQ Aviator Gen 2 серебристый,price,1476671,1476655
2026-08-15T23:21:48Z,511010000,Шымкент,114801730,Canon RF 24mm f/1.8 Macro IS STM,price,272670,272652
2026-08-15T23:21:48Z,511010000,Шымкент,169077113,Roborock S9 белый,price,140666,140654
2026-08-15T23:21:48Z,511010000,Шымкент,163483165,Наушники Soundcore Sleep A30 Green зеленый,price,85393,85391
2026-08-15T23:21:48Z,511010000,Шымкент,128243261,Система подачи материалов Bambu Lab Ams lite,price,132710,132707
2026-08-15T23:21:48Z,511010000,Шымкент,163414583,AULA F75 розовый,price,23512,23507
2026-08-15T23:21:48Z,511010000,Шымкент,137761682,AULA SC380 PRO белый,price,11297,11293
2026-08-15T23:21:48Z,511010000,Шымкент,171178069,Roborock Saros 20 черный,price,699666,699654
2026-08-15T23:21:48Z,511010000,Шымкент,150445434,Sapphire PULSE AMD Radeon RX 9070 16 Гб,price,407622,407610
2026-08-15T23:21:48Z,511010000,Шымкент,114176446,POCKET BOOK PB634-3-CIS 6 дюйм 1 Гб красный,price,105599,105596
2026-08-15T23:21:48Z,511010000,Шымкент,108430983,Canon EOS R7 Kit 18-150mm черный,price,809601,809539
2026-08-15T23:21:48Z,511010000,Шымкент,122265923,Canon EOS R5 Mark II body,price,1729017,1728922
2026-08-15T23:21:48Z,511010000,Шымкент,146975796,AULA HERO 68 HE Frosted белый,price,27246,27242
2026-08-15T23:21:48Z,511010000,Шымкент,137761585,AULA SC380 PRO черный,price,11117,11112
2026-08-15T23:21:48Z,511010000,Шымкент,163483158,Наушники Soundcore Sleep A30 White белый,price,85489,89988
2026-08-15T23:21:48Z,511010000,Шымкент,114460686,Garmin MARQ Golfer Gen 2 Carbon Edition черный,price,1756198,1756195
2026-08-15T23:21:48Z,511010000,Шымкент,140932721,Midea MID60S350i-C серый,price,221492,221480
2026-08-15T23:21:48Z,511010000,Шымкент,105544265,Canon RF 70-200mm f/4L IS USM,price,813249,813203
2026-08-15T23:21:48Z,511010000,Шымкент,101018992,"Бассейн каркасный Bestway Power Steel 56465, 549x274x122 см",price,267797,267794
2026-08-15T23:21:48Z,470000000,Актобе,108430990,Canon EOS R6 Mark II Body черный,price,815712,815250
2026-08-15T23:21:48Z,470000000,Актобе,129065160,Наушники REDMI Buds 6 Play розовый,price,6770,6767
2026-08-15T23:21:48Z,470000000,Актобе,147374082,HONOR X9d 12 ГБ/256 ГБ черный,price,237936,237930
2026-08-15T23:21:48Z,470000000,Актобе,134328061,"Видеорегистратор 70mai M310 черный, серый",price,28569,28566
2026-08-15T23:21:48Z,470000000,Актобе,106042231,Наушники Fifine H6 черный,price,20009,20006
2026-08-15T23:21:48Z,470000000,Актобе,106795757,Canon EOS R10 kit 18-45mm IS STM,price,462581,462467
2026-08-15T23:21:48Z,470000000,Актобе,147026783,Garmin Venu 4s 41 мм золотистый-белый,price,339468,339466
2026-08-15T23:21:48Z,470000000,Актобе,115034062,МФУ Canon i-SENSYS MF275dw,price,185917,185904
2026-08-15T23:21:48Z,470000000,Актобе,110151201,Canon EOS R6 Mark II Kit RF 24-105mm F/4-7.1 IS STM черный,price,1079521,1079401
2026-08-15T23:21:48Z,470000000,Актобе,141530632,Xiaomi Smart Band 10 черный,price,21918,21915
2026-08-15T23:21:48Z,470000000,Актобе,119596967,EPOMAKER x AULA F75 черный,price,21346,21342
2026-08-15T23:21:48Z,470000000,Актобе,139895845,Roborock F25 - ACE черный,price,199622,199610
2026-08-15T23:21:48Z,470000000,Актобе,146792191,Midea MD200H90WB/T-C серый,price,266336,266286
2026-08-15T23:21:48Z,470000000,Актобе,140332176,Garmin Forerunner 970 47 мм бежевый-фиолетовый,price,458032,457993
2026-08-15T23:21:48Z,470000000,Актобе,122963224,Garmin Fenix 8 43 мм белый-белый,price,544808,544717
2026-08-15T23:21:48Z,470000000,Актобе,106042325,Микрофон Fifine A6V черный,price,18702,18699
2026-08-15T23:21:48Z,470000000,Актобе,115178468,POCKET BOOK PB629-M-CIS 6 дюйм 8 Гб серый,price,87634,87630
2026-08-15T23:21:48Z,470000000,Актобе,145820693,Roborock S8 Pro RRA0TAL белый,price,114628,114616
2026-08-15T23:21:48Z,470000000,Актобе,132855201,AULA F75 Side-Printed розовый,price,21469,21465
2026-08-15T23:21:48Z,470000000,Актобе,110057315,70mai зарядное устройство для видеорегистратора Midrive UP03 USB Type-C черный,price,8353,8350
2026-08-15T23:21:48Z,470000000,Актобе,103627190,Canon RF 16mm f/2.8 STM,price,129170,129151
2026-08-15T23:21:48Z,470000000,Актобе,150110690,Sen Sulu blush stick румяна 03 frosted bllom,price,8865,8862
2026-08-15T23:21:48Z,470000000,Актобе,131472887,Портативная колонка Soundcore Select 4 Go фиолетовый,price,13263,13261
2026-08-15T23:21:48Z,470000000,Актобе,145620660,TECNO SPARK 40C 8 ГБ/128 ГБ серый,price,74872,74853
2026-08-15T23:21:48Z,470000000,Актобе,123942422,Canon RF 35mm f/1.4 L VCM,price,737363,737328
2026-08-15T23:21:48Z,470000000,Актобе,145978939,Внешний аккумулятор Xiaomi Super Slim Magnetic Power Bank 5000 мАч 22.5 Вт WPB0507S фиолетовый,price,18878,18874
2026-08-15T23:21:48Z,470000000,Актобе,141005445,AULA SC620 черный,price,11994,11275
2026-08-15T23:21:48Z,470000000,Актобе,148341196,Huawei nova 14 Pro 12 ГБ/512 ГБ розовый,price,239890,244141
2026-08-15T23:21:48Z,470000000,Актобе,148341196,Huawei nova 14 Pro 12 ГБ/512 ГБ розовый,discount,26,25
2026-08-15T23:21:48Z,470000000,Актобе,120263286,Bambu Lab PLA Matte 1.75 мм 1 кг черный,price,8939,8936
2026-08-15T23:21:48Z,470000000,Актобе,145978921,Внешний аккумулятор Xiaomi Super Slim Magnetic Power Bank 5000 мАч 22.5 Вт WPB0507S золотистый,price,18880,18876
2026-08-15T23:21:48Z,470000000,Актобе,147392127,Внешний аккумулятор Xiaomi Super Slim Magnetic WPB0507S (BHR08PMGL) 5000 мАч 22.5 Вт черный,price,18869,18865
2026-08-15T23:21:48Z,470000000,Актобе,103492220,"Бассейн каркасный Bestway 56714, 427x250x100 см",price,144662,144659
2026-08-15T23:21:48Z,470000000,Актобе,116631467,"Бассейн каркасный Bestway 561FY, 396x396x107 см",price,116324,116320
2026-08-15T23:21:48Z,470000000,Актобе,163444184,Huawei nova 15 Pro 12 ГБ/512 ГБ белый,price,284873,284870
2026-08-15T23:21:48Z,470000000,Актобе,163444356,Huawei nova 15 12 ГБ/512 ГБ белый,price,199867,199864
2026-08-15T23:21:48Z,470000000,Актобе,167232229,Huawei Watch Fit 5 43 мм серебристый--белый,price,80288,80088
2026-08-15T23:21:48Z,470000000,Актобе,167232188,Huawei Watch Fit 5 43 мм черный,price,80288,80088
2026-08-15T23:21:48Z,470000000,Актобе,15400145,"Бассейн каркасный Bestway Steel Pro Max 56420, 366x122 см",price,134662,134611
2026-08-15T23:21:48Z,470000000,Актобе,118273472,Аэрогриль Xiaomi Smart Air Fryer BHR7357EU 6.5 л черный,price,47897,47894
2026-08-15T23:21:48Z,470000000,Актобе,115287903,DREAME H12 Pro Plus CN черный,price,119459,119406
2026-08-15T23:21:48Z,470000000,Актобе,130251646,Наушники REDMI Buds 6 Play синий,price,6758,6755
2026-08-15T23:21:48Z,470000000,Актобе,151176828,TCL 65V6C 165 см черный,price,329988,318386
2026-08-15T23:21:48Z,470000000,Актобе,151176828,TCL 65V6C 165 см черный,discount,10,13
2026-08-15T23:21:48Z,470000000,Актобе,145557956,TECNO SPARK 40C 8 ГБ/256 ГБ черный,price,84069,84056
2026-08-15T23:21:48Z,470000000,Актобе,132593287,"DREAME H30 Ultra Mix черный, серый",price,162695,162692
2026-08-15T23:21:48Z,470000000,Актобе,137684212,DREAME H30 ULTRA MIX CE серый,price,162698,162695
2026-08-15T23:21:48Z,470000000,Актобе,102158689,Микрофон Fifine T669 черный,price,21644,21626
2026-08-15T23:21:48Z,470000000,Актобе,118273499,Аэрогриль Xiaomi Smart Air Fryer BHR7358EU 6.5 л белый,price,47241,47231
2026-08-15T23:21:48Z,470000000,Актобе,143119833,Midea FSC-900DX стальной,price,227911,227908
2026-08-15T23:21:48Z,470000000,Актобе,145978945,Внешний аккумулятор Xiaomi Super Slim Magnetic Power Bank 5000 мАч 22.5 Вт WPB0507S черный,price,18869,18865
2026-08-15T23:21:48Z,470000000,Актобе,102211273,Midea MH 60P 205 X серебристый,price,33557,33547
2026-08-15T23:21:48Z,470000000,Актобе,148240615,Huawei WATCH GT 6 Pro 46 мм черный-черный,price,159990,163287
2026-08-15T23:21:48Z,470000000,Актобе,148240615,Huawei WATCH GT 6 Pro 46 мм черный-черный,discount,3,0
2026-08-15T23:21:48Z,470000000,Актобе,123621889,Midea MFK03D105B/S-C серый,price,275176,275159
2026-08-15T23:21:48Z,470000000,Актобе,110349310,Canon EOS R50 Kit 18-45mm f4.5-6.3 IS STM черный,price,329405,329398
2026-08-15T23:21:48Z,470000000,Актобе,115633970,Canon LIDE 300 2995C010 черный,price,50853,50843
2026-08-15T23:21:48Z,470000000,Актобе,122142480,Huawei MatePad SE Wi-Fi 11 дюйм 8 Гб/128 Гб серый,price,99990,107288
2026-08-15T23:21:48Z,470000000,Актобе,122142480,Huawei MatePad SE Wi-Fi 11 дюйм 8 Гб/128 Гб серый,discount,23,17
2026-08-15T23:21:48Z,470000000,Актобе,141746219,Xiaomi Robot Vacuum S40C Е101CDZ белый,price,84865,84862
2026-08-15T23:21:48Z,470000000,Актобе,144488883,Midea MCI-631LB2 черный,price,79606,79560
2026-08-15T23:21:48Z,470000000,Актобе,154255448,"Xiaomi камера видеонаблюдения MJSXJ27CM, 8MP, расширение 3840x2160",price,28172,28168
2026-08-15T23:21:48Z,470000000,Актобе,145553631,Xiaomi Robot Vacuum 5 Pro EU OV21GL белый,price,326123,326089
2026-08-15T23:21:48Z,470000000,Актобе,148148221,TCL 50V6C 127 см черный,price,219748,219742
2026-08-15T23:21:48Z,470000000,Актобе,137060417,AULA F75 MAX черный,price,27395,27390
2026-08-15T23:21:48Z,470000000,Актобе,101149860,Canon EOS RP RF 24-105 F4-7.1 IS STM,price,545236,545162
2026-08-15T23:21:48Z,470000000,Актобе,154027559,"Xiaomi камера видеонаблюдения C201 MBC27, 2MP, расширение 1920x1080",price,13170,13166
2026-08-15T23:21:48Z,470000000,Актобе,112245834,Canon EOS R8 Body черный,price,602574,602372
2026-08-15T23:21:48Z,470000000,Актобе,147987810,Huawei WATCH GT 6 41 мм золотистый-белый,price,105488,105288
2026-08-15T23:21:48Z,470000000,Актобе,166975826,HONOR 600 Pro 12 ГБ/512 ГБ черный,price,548694,548688
2026-08-15T23:21:48Z,470000000,Актобе,112301355,МФУ Canon MAXIFY GX3040,price,123851,123849
2026-08-15T23:21:48Z,470000000,Актобе,103313279,Очиститель воздуха SmartMi Smartmi Air Purifier P1 серый,price,55118,55106
2026-08-15T23:21:48Z,470000000,Актобе,147986879,Huawei WATCH GT 6 41 мм золотистый-золотистый,price,115288,115088
2026-08-15T23:21:48Z,470000000,Актобе,151096402,Garmin Fenix 8 Pro 47 мм черный,price,653690,653684
2026-08-15T23:21:48Z,470000000,Актобе,140332288,Garmin Forerunner 970 47 мм черный,price,449124,449087
2026-08-15T23:21:48Z,470000000,Актобе,139307969,Кофемашина Xiaomi Semi-Automatic Espresso Machine серебристый,price,61257,61254
2026-08-15T23:21:48Z,470000000,Актобе,149031743,ZTE Nubia RedMagic Astra 9.06 дюйм 24 Гб/1024 Гб черный,price,569877,569874
2026-08-15T23:21:48Z,470000000,Актобе,109310071,Garmin Forerunner 265S 42 мм белый-белый,price,275072,275067
2026-08-15T23:21:48Z,470000000,Актобе,134108182,Портативная колонка Soundcore Select 4 Go черный,price,13259,13257
2026-08-15T23:21:48Z,470000000,Актобе,113029701,Garmin VENU 3S белый,price,278649,278639
2026-08-15T23:21:48Z,470000000,Актобе,118179738,Canon EOS R50 RF-S 15-45 IS STM черный,price,329405,329398
2026-08-15T23:21:48Z,470000000,Актобе,114761211,Fifine SC3,price,25321,25317
2026-08-15T23:21:48Z,470000000,Актобе,112972977,Видеорегистратор 70mai A810 черный,price,99942,99939
2026-08-15T23:21:48Z,470000000,Актобе,153277705,TCL 75V6C 191 см черный,price,422834,422832
2026-08-15T23:21:48Z,470000000,Актобе,122963617,Garmin Fenix 8 47 мм черный,price,605455,605358
2026-08-15T23:21:48Z,470000000,Актобе,142719480,"27"" Xiaomi 4K Monitor 27 A27Ui-EU P27UCB-RAGL черный",price,144910,144906
2026-08-15T23:21:48Z,470000000,Актобе,140597312,Midea MDWF-6029СLS серый,price,229898,224578
2026-08-15T23:21:48Z,470000000,Актобе,163510365,HONOR 600 Lite 8 ГБ/256 ГБ черный,price,209645,209589
2026-08-15T23:21:48Z,470000000,Актобе,122966507,Garmin Fenix 8 51 мм черно-серый,price,652954,652875
2026-08-15T23:21:48Z,470000000,Актобе,143300737,Наушники MOONDROP Rays фиолетовый,price,47230,47227
2026-08-15T23:21:48Z,470000000,Актобе,151096352,Garmin Fenix 8 Pro 51 мм серебристый-серый,price,731210,731202
2026-08-15T23:21:48Z,470000000,Актобе,109310183,Garmin Forerunner 265S 42 мм черный-черный,price,268783,268746
2026-08-15T23:21:48Z,470000000,Актобе,122962879,Garmin Fenix 8 51 мм черный,price,607305,607269
2026-08-15T23:21:48Z,470000000,Актобе,109351561,Garmin Forerunner 965 белый,price,373579,373575
2026-08-15T23:21:48Z,470000000,Актобе,101513764,"Бассейн каркасный Bestway 5612B, 640x274x132 см",price,324456,368699
2026-08-15T23:21:48Z,470000000,Актобе,101513764,"Бассейн каркасный Bestway 5612B, 640x274x132 см",discount,15,0
2026-08-15T23:21:48Z,470000000,Актобе,106852140,Garmin MARQ Golfer Gen 2 серебристый-зеленый-зеленый,price,1410615,1410548
2026-08-15T23:21:48Z,470000000,Актобе,143300811,Наушники MOONDROP Aria 2 красный,price,49573,49570
2026-08-15T23:21:48Z,470000000,Актобе,154805003,Realme GT 8 Pro 16 ГБ/512 ГБ синий,price,599958,599956
2026-08-15T23:21:48Z,470000000,Актобе,120134606,AULA F75 Side-Printed голубой,price,22534,22530
2026-08-15T23:21:48Z,470000000,Актобе,128745315,Midea MF200W90WB/T-C серый,price,220871,220855
2026-08-15T23:21:48Z,470000000,Актобе,109719960,Transcend TS250GESD260C 250 ГБ,price,41722,41719
2026-08-15T23:21:48Z,470000000,Актобе,140332233,Garmin Forerunner 970 47 мм белый-зеленый,price,455305,455268
2026-08-15T23:21:48Z,470000000,Актобе,148005901,Huawei WATCH GT 6 46 мм серебристый-зеленый,price,94377,94374
2026-08-15T23:21:48Z,470000000,Актобе,139561340,AULA HERO 68 HE белый,price,20666,20661
2026-08-15T23:21:48Z,470000000,Актобе,139955883,Huawei WATCH FIT 4 Pro 44 мм серебристый-зеленый,price,74739,74736
2026-08-15T23:21:48Z,470000000,Актобе,109731154,Canon EOS R7 Body черный,price,611219,611175
2026-08-15T23:21:48Z,470000000,Актобе,120935104,Dream H12 Pro PLUS черный,price,119463,119408
2026-08-15T23:21:48Z,470000000,Актобе,131430159,Наушники Soundcore Liberty 4 PRO черный,price,66363,66360
2026-08-15T23:21:48Z,470000000,Актобе,142884485,Garmin VENU X1 46 мм черный-черный,price,463397,463244
2026-08-15T23:21:48Z,470000000,Актобе,145820746,Roborock S8 Pro RRA0TAL черный,price,114618,114606
2026-08-15T23:21:48Z,470000000,Актобе,145451616,"Dreame H30 Ultra Mix черный, серый",price,162698,162695
2026-08-15T23:21:48Z,470000000,Актобе,154084045,Bambu Lab PLA Matte 1.75 мм 1 кг темно-синий,price,8998,8458
2026-08-15T23:21:48Z,470000000,Актобе,154084045,Bambu Lab PLA Matte 1.75 мм 1 кг темно-синий,discount,0,14
2026-08-15T23:21:48Z,470000000,Актобе,137352961,AULA F75 Black Contour черный,price,23089,23085
2026-08-15T23:21:48Z,470000000,Актобе,116455986,Система подачи материалов Bambu Lab AMS - Automatic Material System,price,141539,148988
2026-08-15T23:21:48Z,470000000,Актобе,116455986,Система подачи материалов Bambu Lab AMS - Automatic Material System,discount,11,0
2026-08-15T23:21:48Z,470000000,Актобе,169144934,Roborock S9+ белый,price,184666,184654
2026-08-15T23:21:48Z,470000000,Актобе,171512267,ONYX BOOX для Go 6 Gen II бежевый,price,10439,10988
2026-08-15T23:21:48Z,470000000,Актобе,171512267,ONYX BOOX для Go 6 Gen II бежевый,discount,25,22
2026-08-15T23:21:48Z,470000000,Актобе,169114829,Roborock S9+ черный,price,184666,184654
2026-08-15T23:21:48Z,470000000,Актобе,124278317,Garmin Fenix 8 Solar 47 мм черный,price,605315,605218
2026-08-15T23:21:48Z,470000000,Актобе,131472928,Портативная колонка Soundcore Boom 2 Plus синий,price,116359,116347
2026-08-15T23:21:48Z,470000000,Актобе,148348291,Canon EOS R50 + RF-S 18-45 mm IS STM,price,329405,329398
2026-08-15T23:21:48Z,470000000,Актобе,169114918,Roborock S9 черный,price,140666,140654
2026-08-15T23:21:48Z,470000000,Актобе,145557809,TECNO SPARK 40C 8 ГБ/256 ГБ белый,price,83046,83043
2026-08-15T23:21:48Z,470000000,Актобе,7300141,Transcend TS1TSJ25H3B 1000 Гб,price,62037,62032
2026-08-15T23:21:48Z,470000000,Актобе,141530670,Xiaomi Smart Band 10 серебристый,price,21918,21915
2026-08-15T23:21:48Z,470000000,Актобе,165935475,ATK Dragonfly A9 Air белый,price,34470,34467
2026-08-15T23:21:48Z,470000000,Актобе,143973797,TECNO SPARK 40C 8 ГБ/128 ГБ белый,price,74737,74718
2026-08-15T23:21:48Z,470000000,Актобе,130022770,Canon CANOSCAN LIDE 300 черный,price,50853,50843
2026-08-15T23:21:48Z,470000000,Актобе,100305103,"Бассейн каркасный Bestway 56082/56424, 400x211x81 см",price,58790,58769
2026-08-15T23:21:48Z,470000000,Актобе,167230393,Наушники Huawei FreeBuds Pro 5 темно-серый,price,79382,79186
2026-08-15T23:21:48Z,470000000,Актобе,110723747,Canon RF 100-400mm f/5.6-8 IS USM,price,390551,390485
2026-08-15T23:21:48Z,470000000,Актобе,141046478,Canon EOS R50 + RF-S 18-45 mm IS STM 5811C036,price,329398,329391
2026-08-15T23:21:48Z,470000000,Актобе,109731162,Canon EOS R10 kit RF-S 18–150mm f/3.5–6.3 IS STM,price,591393,591308
2026-08-15T23:21:48Z,470000000,Актобе,113556362,Canon EOS R50 RF-S 18-45 + Kit 55-210 mm,price,574181,574173
2026-08-15T23:21:48Z,470000000,Актобе,143300800,Наушники MOONDROP Aria 2 серебристый,price,48393,48390
2026-08-15T23:21:48Z,470000000,Актобе,132979867,AULA AU75 черный,price,22119,22115
2026-08-15T23:21:48Z,470000000,Актобе,129064979,Canon EOS R100 + RF-S 18-45mm + RF-S 55-210mm,price,455497,455493
2026-08-15T23:21:48Z,470000000,Актобе,163444484,Huawei nova 15 12 ГБ/256 ГБ белый,price,199867,199864
2026-08-15T23:21:48Z,470000000,Актобе,15400127,"Бассейн каркасный Bestway Steel Pro Frame 56424, 400x211x81 см",price,58790,58769
2026-08-15T23:21:48Z,470000000,Актобе,110648816,Philips BHS752/00 утюжок 25 мм,price,61937,61934
2026-08-15T23:21:48Z,470000000,Актобе,106851929,Garmin MARQ Aviator Gen 2 серебристый,price,1476663,1476668
2026-08-15T23:21:48Z,470000000,Актобе,114801730,Canon RF 24mm f/1.8 Macro IS STM,price,272670,272652
2026-08-15T23:21:48Z,470000000,Актобе,169077113,Roborock S9 белый,price,140666,140654
2026-08-15T23:21:48Z,470000000,Актобе,163483165,Наушники Soundcore Sleep A30 Green зеленый,price,85393,85391
2026-08-15T23:21:48Z,470000000,Актобе,128243261,Система подачи материалов Bambu Lab Ams lite,price,132710,132707
2026-08-15T23:21:48Z,470000000,Актобе,163414583,AULA F75 розовый,price,23512,23507
2026-08-15T23:21:48Z,470000000,Актобе,137761682,AULA SC380 PRO белый,price,11297,11293
2026-08-15T23:21:48Z,470000000,Актобе,171178069,Roborock Saros 20 черный,price,699666,699654
2026-08-15T23:21:48Z,470000000,Актобе,150445434,Sapphire PULSE AMD Radeon RX 9070 16 Гб,price,407622,407610
2026-08-15T23:21:48Z,470000000,Актобе,114176446,POCKET BOOK PB634-3-CIS 6 дюйм 1 Гб красный,price,105599,105596
2026-08-15T23:21:48Z,470000000,Актобе,108430983,Canon EOS R7 Kit 18-150mm черный,price,809597,809539
2026-08-15T23:21:48Z,470000000,Актобе,122265923,Canon EOS R5 Mark II body,price,1729017,1728922
2026-08-15T23:21:48Z,470000000,Актобе,146975796,AULA HERO 68 HE Frosted белый,price,27246,27242
2026-08-15T23:21:48Z,470000000,Актобе,137761585,AULA SC380 PRO черный,price,11117,11112
2026-08-15T23:21:48Z,470000000,Актобе,163483158,Наушники Soundcore Sleep A30 White белый,price,85489,89988
2026-08-15T23:21:48Z,470000000,Актобе,114460686,Garmin MARQ Golfer Gen 2 Carbon Edition черный,price,1756198,1756195
2026-08-15T23:21:48Z,470000000,Актобе,140932721,Midea MID60S350i-C серый,price,221492,221480
2026-08-15T23:21:48Z,470000000,Актобе,105544265,Canon RF 70-200mm f/4L IS USM,price,813249,813203
2026-08-15T23:21:48Z,470000000,Актобе,101018992,"Бассейн каркасный Bestway Power Steel 56465, 549x274x122 см",price,267797,267794
2026-08-16T01:24:33Z,750000000,Алматы,108430990,Canon EOS R6 Mark II Body черный,price,815447,814319
2026-08-16T01:24:33Z,750000000,Алматы,129065160,Наушники REDMI Buds 6 Play розовый,price,6767,6761
2026-08-16T01:24:33Z,750000000,Алматы,147374082,HONOR X9d 12 ГБ/256 ГБ черный,price,237930,237918
2026-08-16T01:24:33Z,750000000,Алматы,134328061,"Видеорегистратор 70mai M310 черный, серый",price,28566,28563
2026-08-16T01:24:33Z,750000000,Алматы,106042231,Наушники Fifine H6 черный,price,20006,20000
2026-08-16T01:24:33Z,750000000,Алматы,106795757,Canon EOS R10 kit 18-45mm IS STM,price,462510,462208
2026-08-16T01:24:33Z,750000000,Алматы,147026783,Garmin Venu 4s 41 мм золотистый-белый,price,339466,339464
2026-08-16T01:24:33Z,750000000,Алматы,115034062,МФУ Canon i-SENSYS MF275dw,price,185904,185899
2026-08-16T01:24:33Z,750000000,Алматы,7300284,Transcend TS4TSJ25H3P 4000 Гб,price,138212,138210
2026-08-16T01:24:33Z,750000000,Алматы,110151201,Canon EOS R6 Mark II Kit RF 24-105mm F/4-7.1 IS STM черный,price,1079402,1079149
2026-08-16T01:24:33Z,750000000,Алматы,141530632,Xiaomi Smart Band 10 черный,price,21915,21909
2026-08-16T01:24:33Z,750000000,Алматы,119596967,EPOMAKER x AULA F75 черный,price,21342,21334
2026-08-16T01:24:33Z,750000000,Алматы,139895845,Roborock F25 - ACE черный,price,199610,199586
2026-08-16T01:24:33Z,750000000,Алматы,146792191,Midea MD200H90WB/T-C серый,price,266286,266202
2026-08-16T01:24:33Z,750000000,Алматы,140332176,Garmin Forerunner 970 47 мм бежевый-фиолетовый,price,457993,457924
2026-08-16T01:24:33Z,750000000,Алматы,122963224,Garmin Fenix 8 43 мм белый-белый,price,544725,544503
2026-08-16T01:24:33Z,750000000,Алматы,106042325,Микрофон Fifine A6V черный,price,18699,18693
2026-08-16T01:24:33Z,750000000,Алматы,115178468,POCKET BOOK PB629-M-CIS 6 дюйм 8 Гб серый,price,87630,87674
2026-08-16T01:24:33Z,750000000,Алматы,145820693,Roborock S8 Pro RRA0TAL белый,price,114616,114592
2026-08-16T01:24:33Z,750000000,Алматы,132855201,AULA F75 Side-Printed розовый,price,21465,21457
2026-08-16T01:24:33Z,750000000,Алматы,110057315,70mai зарядное устройство для видеорегистратора Midrive UP03 USB Type-C черный,price,8350,8344
2026-08-16T01:24:33Z,750000000,Алматы,133974886,Garmin Instinct E 45 мм серый,price,186928,186988
2026-08-16T01:24:33Z,750000000,Алматы,113029065,Garmin VENU 3S 41 мм розовый-розовый,price,293907,293987
2026-08-16T01:24:33Z,750000000,Алматы,103627190,Canon RF 16mm f/2.8 STM,price,129151,129113
2026-08-16T01:24:33Z,750000000,Алматы,150110690,Sen Sulu blush stick румяна 03 frosted bllom,price,8862,8856
2026-08-16T01:24:33Z,750000000,Алматы,131472887,Портативная колонка Soundcore Select 4 Go фиолетовый,price,13261,13259
2026-08-16T01:24:33Z,750000000,Алматы,101392231,Wi-Fi точка доступа TP-LINK Deco X20 белый,price,79922,79920
2026-08-16T01:24:33Z,750000000,Алматы,145620660,TECNO SPARK 40C 8 ГБ/128 ГБ серый,price,74853,74815
2026-08-16T01:24:33Z,750000000,Алматы,123942422,Canon RF 35mm f/1.4 L VCM,price,737328,737274
2026-08-16T01:24:33Z,750000000,Алматы,145978939,Внешний аккумулятор Xiaomi Super Slim Magnetic Power Bank 5000 мАч 22.5 Вт WPB0507S фиолетовый,price,18874,18870
2026-08-16T01:24:33Z,750000000,Алматы,120263286,Bambu Lab PLA Matte 1.75 мм 1 кг черный,price,8936,8930
2026-08-16T01:24:33Z,750000000,Алматы,145978921,Внешний аккумулятор Xiaomi Super Slim Magnetic Power Bank 5000 мАч 22.5 Вт WPB0507S золотистый,price,18876,18872
2026-08-16T01:24:33Z,750000000,Алматы,147392127,Внешний аккумулятор Xiaomi Super Slim Magnetic WPB0507S (BHR08PMGL) 5000 мАч 22.5 Вт черный,price,18865,18857
2026-08-16T01:24:33Z,750000000,Алматы,129319883,Garmin Lily 2 Active 38 мм серебристый-фиолетовый,price,218931,218988
2026-08-16T01:24:33Z,750000000,Алматы,101513764,"Бассейн каркасный Bestway 5612B, 640x274x132 см",price,368699,324456
2026-08-16T01:24:33Z,750000000,Алматы,101513764,"Бассейн каркасный Bestway 5612B, 640x274x132 см",discount,0,15
2026-08-16T01:24:33Z,750000000,Алматы,103492220,"Бассейн каркасный Bestway 56714, 427x250x100 см",price,144659,144653
2026-08-16T01:24:33Z,750000000,Алматы,116631467,"Бассейн каркасный Bestway 561FY, 396x396x107 см",price,116320,116312
2026-08-16T01:24:33Z,750000000,Алматы,100091043,"Бассейн надувной Bestway Аквариум 53052, 239x206x26 см",price,21090,21150
2026-08-16T01:24:33Z,750000000,Алматы,163444184,Huawei nova 15 Pro 12 ГБ/512 ГБ белый,price,284870,284864
2026-08-16T01:24:33Z,750000000,Алматы,163444356,Huawei nova 15 12 ГБ/512 ГБ белый,price,199864,199858
2026-08-16T01:24:33Z,750000000,Алматы,167232229,Huawei Watch Fit 5 43 мм серебристый--белый,price,80088,79888
2026-08-16T01:24:33Z,750000000,Алматы,15400145,"Бассейн каркасный Bestway Steel Pro Max 56420, 366x122 см",price,134611,134510
2026-08-16T01:24:33Z,750000000,Алматы,118273472,Аэрогриль Xiaomi Smart Air Fryer BHR7357EU 6.5 л черный,price,47894,47888
2026-08-16T01:24:33Z,750000000,Алматы,115287903,DREAME H12 Pro Plus CN черный,price,119398,119352
2026-08-16T01:24:33Z,750000000,Алматы,130251646,Наушники REDMI Buds 6 Play синий,price,6755,6749
2026-08-16T01:24:33Z,750000000,Алматы,148148261,TCL 55P8K 140 см черный,price,329988,325151
2026-08-16T01:24:33Z,750000000,Алматы,145557956,TECNO SPARK 40C 8 ГБ/256 ГБ черный,price,84056,84008
2026-08-16T01:24:33Z,750000000,Алматы,132593287,"DREAME H30 Ultra Mix черный, серый",price,162690,162681
2026-08-16T01:24:33Z,750000000,Алматы,137684212,DREAME H30 ULTRA MIX CE серый,price,162695,162684
2026-08-16T01:24:33Z,750000000,Алматы,102158689,Микрофон Fifine T669 черный,price,21626,21590
2026-08-16T01:24:33Z,750000000,Алматы,118273499,Аэрогриль Xiaomi Smart Air Fryer BHR7358EU 6.5 л белый,price,47231,47207
2026-08-16T01:24:33Z,750000000,Алматы,143119833,Midea FSC-900DX стальной,price,227908,227902
2026-08-16T01:24:33Z,750000000,Алматы,145978945,Внешний аккумулятор Xiaomi Super Slim Magnetic Power Bank 5000 мАч 22.5 Вт WPB0507S черный,price,18865,18857
2026-08-16T01:24:33Z,750000000,Алматы,102211273,Midea MH 60P 205 X серебристый,price,33547,33527
2026-08-16T01:24:33Z,750000000,Алматы,148240615,Huawei WATCH GT 6 Pro 46 мм черный-черный,price,163287,163087
2026-08-16T01:24:33Z,750000000,Алматы,148462479,TCL 32S5K 81 см черный,price,119898,119886
2026-08-16T01:24:33Z,750000000,Алматы,123621889,Midea MFK03D105B/S-C серый,price,275159,275125
2026-08-16T01:24:33Z,750000000,Алматы,110349310,Canon EOS R50 Kit 18-45mm f4.5-6.3 IS STM черный,price,329398,329370
2026-08-16T01:24:33Z,750000000,Алматы,115633970,Canon LIDE 300 2995C010 черный,price,50843,50841
2026-08-16T01:24:33Z,750000000,Алматы,122142480,Huawei MatePad SE Wi-Fi 11 дюйм 8 Гб/128 Гб серый,price,107288,118590
2026-08-16T01:24:33Z,750000000,Алматы,122142480,Huawei MatePad SE Wi-Fi 11 дюйм 8 Гб/128 Гб серый,discount,17,0
2026-08-16T01:24:33Z,750000000,Алматы,1500075,Принтер Canon i-SENSYS LBP6030B,price,85593,85587
2026-08-16T01:24:33Z,750000000,Алматы,141746219,Xiaomi Robot Vacuum S40C Е101CDZ белый,price,84862,84856
2026-08-16T01:24:33Z,750000000,Алматы,154255448,"Xiaomi камера видеонаблюдения MJSXJ27CM, 8MP, расширение 3840x2160",price,28168,28164
2026-08-16T01:24:33Z,750000000,Алматы,148148221,TCL 50V6C 127 см черный,price,219742,219730
2026-08-16T01:24:33Z,750000000,Алматы,137060417,AULA F75 MAX черный,price,27390,27380
2026-08-16T01:24:33Z,750000000,Алматы,101149860,Canon EOS RP RF 24-105 F4-7.1 IS STM,price,545162,545002
2026-08-16T01:24:33Z,750000000,Алматы,154027559,"Xiaomi камера видеонаблюдения C201 MBC27, 2MP, расширение 1920x1080",price,13166,13162
2026-08-16T01:24:33Z,750000000,Алматы,112245834,Canon EOS R8 Body черный,price,602372,601971
2026-08-16T01:24:33Z,750000000,Алматы,147987810,Huawei WATCH GT 6 41 мм золотистый-белый,price,105288,105088
2026-08-16T01:24:33Z,750000000,Алматы,166975826,HONOR 600 Pro 12 ГБ/512 ГБ черный,price,548688,548676
2026-08-16T01:24:33Z,750000000,Алматы,112301355,МФУ Canon MAXIFY GX3040,price,123849,123842
2026-08-16T01:24:33Z,750000000,Алматы,103313279,Очиститель воздуха SmartMi Smartmi Air Purifier P1 серый,price,55106,55082
2026-08-16T01:24:33Z,750000000,Алматы,147986879,Huawei WATCH GT 6 41 мм золотистый-золотистый,price,115284,114890
2026-08-16T01:24:33Z,750000000,Алматы,147986879,Huawei WATCH GT 6 41 мм золотистый-золотистый,discount,11,12
2026-08-16T01:24:33Z,750000000,Алматы,151096402,Garmin Fenix 8 Pro 47 мм черный,price,653684,653653
2026-08-16T01:24:33Z,750000000,Алматы,140332288,Garmin Forerunner 970 47 мм черный,price,449087,449056
2026-08-16T01:24:33Z,750000000,Алматы,138584959,Garmin Vivoactive 6 42 мм бежевый,price,205988,205998
2026-08-16T01:24:33Z,750000000,Алматы,120554885,Xiaomi Robot Vacuum S20+ белый,price,131002,131000
2026-08-16T01:24:33Z,750000000,Алматы,149031743,ZTE Nubia RedMagic Astra 9.06 дюйм 24 Гб/1024 Гб черный,price,569874,569868
2026-08-16T01:24:33Z,750000000,Алматы,109310071,Garmin Forerunner 265S 42 мм белый-белый,price,275067,275055
2026-08-16T01:24:33Z,750000000,Алматы,113029701,Garmin VENU 3S белый,price,278639,278620
2026-08-16T01:24:33Z,750000000,Алматы,118179738,Canon EOS R50 RF-S 15-45 IS STM черный,price,329398,329370
2026-08-16T01:24:33Z,750000000,Алматы,138585258,Garmin Vivoactive 6 42 мм черный,price,199473,199470
2026-08-16T01:24:33Z,750000000,Алматы,114761211,Fifine SC3,price,25317,25309
2026-08-16T01:24:33Z,750000000,Алматы,112972977,Видеорегистратор 70mai A810 черный,price,99939,99933
2026-08-16T01:24:33Z,750000000,Алматы,153277705,TCL 75V6C 191 см черный,price,422832,422826
2026-08-16T01:24:33Z,750000000,Алматы,122963617,Garmin Fenix 8 47 мм черный,price,605387,605204
2026-08-16T01:24:33Z,750000000,Алматы,142719480,"27"" Xiaomi 4K Monitor 27 A27Ui-EU P27UCB-RAGL черный",price,144906,144898
2026-08-16T01:24:33Z,750000000,Алматы,7300020,Transcend TS1TSJ25H3P 1000 Гб,price,63122,63119
2026-08-16T01:24:33Z,750000000,Алматы,163510365,HONOR 600 Lite 8 ГБ/256 ГБ черный,price,209589,209520
2026-08-16T01:24:33Z,750000000,Алматы,122966507,Garmin Fenix 8 51 мм черно-серый,price,652875,652714
2026-08-16T01:24:33Z,750000000,Алматы,143300737,Наушники MOONDROP Rays фиолетовый,price,47227,47221
2026-08-16T01:24:33Z,750000000,Алматы,151096352,Garmin Fenix 8 Pro 51 мм серебристый-серый,price,731202,731186
2026-08-16T01:24:33Z,750000000,Алматы,109310183,Garmin Forerunner 265S 42 мм черный-черный,price,268746,268679
2026-08-16T01:24:33Z,750000000,Алматы,122962879,Garmin Fenix 8 51 мм черный,price,607281,607137
2026-08-16T01:24:33Z,750000000,Алматы,109351561,Garmin Forerunner 965 белый,price,373575,373569
2026-08-16T01:24:33Z,750000000,Алматы,106852140,Garmin MARQ Golfer Gen 2 серебристый-зеленый-зеленый,price,1410554,1410424
2026-08-16T01:24:33Z,750000000,Алматы,143300811,Наушники MOONDROP Aria 2 красный,price,49570,49564
2026-08-16T01:24:33Z,750000000,Алматы,154805003,Realme GT 8 Pro 16 ГБ/512 ГБ синий,price,599956,599952
2026-08-16T01:24:33Z,750000000,Алматы,120134606,AULA F75 Side-Printed голубой,price,22530,22522
2026-08-16T01:24:33Z,750000000,Алматы,128745315,Midea MF200W90WB/T-C серый,price,220855,220823
2026-08-16T01:24:33Z,750000000,Алматы,109719960,Transcend TS250GESD260C 250 ГБ,price,41719,41713
2026-08-16T01:24:33Z,750000000,Алматы,140332233,Garmin Forerunner 970 47 мм белый-зеленый,price,455268,455193
2026-08-16T01:24:33Z,750000000,Алматы,148005901,Huawei WATCH GT 6 46 мм серебристый-зеленый,price,94374,94368
2026-08-16T01:24:33Z,750000000,Алматы,139561340,AULA HERO 68 HE белый,price,20661,20651
2026-08-16T01:24:33Z,750000000,Алматы,139955883,Huawei WATCH FIT 4 Pro 44 мм серебристый-зеленый,price,74736,74730
2026-08-16T01:24:33Z,750000000,Алматы,109731154,Canon EOS R7 Body черный,price,611175,611043
2026-08-16T01:24:33Z,750000000,Алматы,120935104,Dream H12 Pro PLUS черный,price,119408,119354
2026-08-16T01:24:33Z,750000000,Алматы,131430159,Наушники Soundcore Liberty 4 PRO черный,price,66360,66354
2026-08-16T01:24:33Z,750000000,Алматы,142884485,Garmin VENU X1 46 мм черный-черный,price,463244,462959
2026-08-16T01:24:33Z,750000000,Алматы,145820746,Roborock S8 Pro RRA0TAL черный,price,114606,114582
2026-08-16T01:24:33Z,750000000,Алматы,145451616,"Dreame H30 Ultra Mix черный, серый",price,162695,162684
2026-08-16T01:24:33Z,750000000,Алматы,137352961,AULA F75 Black Contour черный,price,23085,23077
2026-08-16T01:24:33Z,750000000,Алматы,134108074,Наушники Soundcore Liberty 4 PRO белый,price,59665,59648
2026-08-16T01:24:33Z,750000000,Алматы,133975075,Garmin Instinct 3 Solar 45 мм черный,price,249825,249985
2026-08-16T01:24:33Z,750000000,Алматы,156555269,Garmin Instinct 3 AMOLED 50 мм черный-синий,price,312928,312988
2026-08-16T01:24:33Z,750000000,Алматы,169144934,Roborock S9+ белый,price,184654,184630
2026-08-16T01:24:33Z,750000000,Алматы,169114829,Roborock S9+ черный,price,184654,184630
2026-08-16T01:24:33Z,750000000,Алматы,124278317,Garmin Fenix 8 Solar 47 мм черный,price,605243,605006
2026-08-16T01:24:33Z,750000000,Алматы,131472928,Портативная колонка Soundcore Boom 2 Plus синий,price,116347,116323
2026-08-16T01:24:33Z,750000000,Алматы,148348291,Canon EOS R50 + RF-S 18-45 mm IS STM,price,329398,329370
2026-08-16T01:24:33Z,750000000,Алматы,169114918,Roborock S9 черный,price,140654,140630
2026-08-16T01:24:33Z,750000000,Алматы,145557809,TECNO SPARK 40C 8 ГБ/256 ГБ белый,price,83043,83037
2026-08-16T01:24:33Z,750000000,Алматы,7300141,Transcend TS1TSJ25H3B 1000 Гб,price,62032,62020
2026-08-16T01:24:33Z,750000000,Алматы,141530670,Xiaomi Smart Band 10 серебристый,price,21915,21909
2026-08-16T01:24:33Z,750000000,Алматы,148148023,TCL 43V6C 109 см черный,price,179988,179976
2026-08-16T01:24:33Z,750000000,Алматы,165935475,ATK Dragonfly A9 Air белый,price,34467,34461
2026-08-16T01:24:33Z,750000000,Алматы,143973797,TECNO SPARK 40C 8 ГБ/128 ГБ белый,price,74718,74672
2026-08-16T01:24:33Z,750000000,Алматы,109310228,Garmin Forerunner 265S 42 мм розовый-розовый,price,281886,281986
2026-08-16T01:24:33Z,750000000,Алматы,130022770,Canon CANOSCAN LIDE 300 черный,price,50843,50841
2026-08-16T01:24:33Z,750000000,Алматы,116193383,Garmin Lily 2 Classic 25 мм серебристый-бежевый-бежевый,price,218928,218988
2026-08-16T01:24:33Z,750000000,Алматы,100305103,"Бассейн каркасный Bestway 56082/56424, 400x211x81 см",price,58769,58727
2026-08-16T01:24:33Z,750000000,Алматы,167230393,Наушники Huawei FreeBuds Pro 5 темно-серый,price,79186,79178
2026-08-16T01:24:33Z,750000000,Алматы,110723747,Canon RF 100-400mm f/5.6-8 IS USM,price,390485,390312
2026-08-16T01:24:33Z,750000000,Алматы,116535193,МФУ Canon I-Sensys MF465dw 5951C007AA,price,224748,224745
2026-08-16T01:24:33Z,750000000,Алматы,141046478,Canon EOS R50 + RF-S 18-45 mm IS STM 5811C036,price,329398,329374
2026-08-16T01:24:33Z,750000000,Алматы,109731162,Canon EOS R10 kit RF-S 18–150mm f/3.5–6.3 IS STM,price,591308,591112
2026-08-16T01:24:33Z,750000000,Алматы,113556362,Canon EOS R50 RF-S 18-45 + Kit 55-210 mm,price,574173,574159
2026-08-16T01:24:33Z,750000000,Алматы,143300800,Наушники MOONDROP Aria 2 серебристый,price,48390,48384
2026-08-16T01:24:33Z,750000000,Алматы,132979867,AULA AU75 черный,price,22115,22107
2026-08-16T01:24:33Z,750000000,Алматы,129064979,Canon EOS R100 + RF-S 18-45mm + RF-S 55-210mm,price,455493,455484
2026-08-16T01:24:33Z,750000000,Алматы,113028541,Garmin VENU 3 45 мм белый-белый,price,292988,293048
2026-08-16T01:24:33Z,750000000,Алматы,116788713,Transcend TS1TESD410C 1000 Гб,price,183774,183770
2026-08-16T01:24:33Z,750000000,Алматы,163444484,Huawei nova 15 12 ГБ/256 ГБ белый,price,199864,199858
2026-08-16T01:24:33Z,750000000,Алматы,138584777,Garmin Vivoactive 6 42 мм зеленый,price,206455,206453
2026-08-16T01:24:33Z,750000000,Алматы,15400127,"Бассейн каркасный Bestway Steel Pro Frame 56424, 400x211x81 см",price,58769,58727
2026-08-16T01:24:33Z,750000000,Алматы,110648816,Philips BHS752/00 утюжок 25 мм,price,61934,61997
2026-08-16T01:24:33Z,750000000,Алматы,106851929,Garmin MARQ Aviator Gen 2 серебристый,price,1476663,1476645
2026-08-16T01:24:33Z,750000000,Алматы,114801730,Canon RF 24mm f/1.8 Macro IS STM,price,272652,272626
2026-08-16T01:24:33Z,750000000,Алматы,169077113,Roborock S9 белый,price,140654,140630
2026-08-16T01:24:33Z,750000000,Алматы,163483165,Наушники Soundcore Sleep A30 Green зеленый,price,85391,85387
2026-08-16T01:24:33Z,750000000,Алматы,141885718,Garmin Instinct 3 Solar Tactical 45 мм черный,price,289928,289988
2026-08-16T01:24:33Z,750000000,Алматы,128243261,Система подачи материалов Bambu Lab Ams lite,price,132707,132701
2026-08-16T01:24:33Z,750000000,Алматы,163414583,AULA F75 розовый,price,23507,23497
2026-08-16T01:24:33Z,750000000,Алматы,116193133,Garmin Lily 2 Classic 25 мм бордовый-бордовый,price,218928,218988
2026-08-16T01:24:33Z,750000000,Алматы,137761682,AULA SC380 PRO белый,price,11293,11285
2026-08-16T01:24:33Z,750000000,Алматы,171178069,Roborock Saros 20 черный,price,699654,699630
2026-08-16T01:24:33Z,750000000,Алматы,114176446,POCKET BOOK PB634-3-CIS 6 дюйм 1 Гб красный,price,105596,105590
2026-08-16T01:24:33Z,750000000,Алматы,108430983,Canon EOS R7 Kit 18-150mm черный,price,809556,809393
2026-08-16T01:24:33Z,750000000,Алматы,122265923,Canon EOS R5 Mark II body,price,1728874,1728544
2026-08-16T01:24:33Z,750000000,Алматы,146975796,AULA HERO 68 HE Frosted белый,price,27242,27234
2026-08-16T01:24:33Z,750000000,Алматы,137761585,AULA SC380 PRO черный,price,11112,11102
2026-08-16T01:24:33Z,750000000,Алматы,114460686,Garmin MARQ Golfer Gen 2 Carbon Edition черный,price,1756195,1756184
2026-08-16T01:24:33Z,750000000,Алматы,140932721,Midea MID60S350i-C серый,price,221480,221478
2026-08-16T01:24:33Z,750000000,Алматы,105544265,Canon RF 70-200mm f/4L IS USM,price,813203,813047
2026-08-16T01:24:33Z,750000000,Алматы,101018992,"Бассейн каркасный Bestway Power Steel 56465, 549x274x122 см",price,267794,267788
2026-08-16T01:24:33Z,750000000,Алматы,112921022,МФУ Canon imageRUNNER 2224 5942C001,price,608796,608790
2026-08-16T01:24:33Z,710000000,Астана,108430990,Canon EOS R6 Mark II Body черный,price,815447,814319
2026-08-16T01:24:33Z,710000000,Астана,129065160,Наушники REDMI Buds 6 Play розовый,price,6767,6761
2026-08-16T01:24:33Z,710000000,Астана,147374082,HONOR X9d 12 ГБ/256 ГБ черный,price,237930,237918
2026-08-16T01:24:33Z,710000000,Астана,134328061,"Видеорегистратор 70mai M310 черный, серый",price,28566,28563
2026-08-16T01:24:33Z,710000000,Астана,106042231,Наушники Fifine H6 черный,price,20006,20000
2026-08-16T01:24:33Z,710000000,Астана,106795757,Canon EOS R10 kit 18-45mm IS STM,price,462510,462208
2026-08-16T01:24:33Z,710000000,Астана,147026783,Garmin Venu 4s 41 мм золотистый-белый,price,339466,339464
2026-08-16T01:24:33Z,710000000,Астана,115034062,МФУ Canon i-SENSYS MF275dw,price,185904,185899
2026-08-16T01:24:33Z,710000000,Астана,7300284,Transcend TS4TSJ25H3P 4000 Гб,price,138212,138210
2026-08-16T01:24:33Z,710000000,Астана,110151201,Canon EOS R6 Mark II Kit RF 24-105mm F/4-7.1 IS STM черный,price,1079402,1079149
2026-08-16T01:24:33Z,710000000,Астана,141530632,Xiaomi Smart Band 10 черный,price,21915,21909
2026-08-16T01:24:33Z,710000000,Астана,119596967,EPOMAKER x AULA F75 черный,price,21342,21334
2026-08-16T01:24:33Z,710000000,Астана,139895845,Roborock F25 - ACE черный,price,199610,199586
2026-08-16T01:24:33Z,710000000,Астана,146792191,Midea MD200H90WB/T-C серый,price,266286,266202
2026-08-16T01:24:33Z,710000000,Астана,140332176,Garmin Forerunner 970 47 мм бежевый-фиолетовый,price,457993,457924
2026-08-16T01:24:33Z,710000000,Астана,122963224,Garmin Fenix 8 43 мм белый-белый,price,544725,544503
2026-08-16T01:24:33Z,710000000,Астана,106042325,Микрофон Fifine A6V черный,price,18699,18693
2026-08-16T01:24:33Z,710000000,Астана,115178468,POCKET BOOK PB629-M-CIS 6 дюйм 8 Гб серый,price,87630,87674
2026-08-16T01:24:33Z,710000000,Астана,145820693,Roborock S8 Pro RRA0TAL белый,price,114616,114592
2026-08-16T01:24:33Z,710000000,Астана,132855201,AULA F75 Side-Printed розовый,price,21465,21457
2026-08-16T01:24:33Z,710000000,Астана,110057315,70mai зарядное устройство для видеорегистратора Midrive UP03 USB Type-C черный,price,8350,8344
2026-08-16T01:24:33Z,710000000,Астана,133974886,Garmin Instinct E 45 мм серый,price,186928,186988
2026-08-16T01:24:33Z,710000000,Астана,113029065,Garmin VENU 3S 41 мм розовый-розовый,price,293907,293987
2026-08-16T01:24:33Z,710000000,Астана,103627190,Canon RF 16mm f/2.8 STM,price,129151,129113
2026-08-16T01:24:33Z,710000000,Астана,150110690,Sen Sulu blush stick румяна 03 frosted bllom,price,8862,8856
2026-08-16T01:24:33Z,710000000,Астана,131472887,Портативная колонка Soundcore Select 4 Go фиолетовый,price,13261,13259
2026-08-16T01:24:33Z,710000000,Астана,101392231,Wi-Fi точка доступа TP-LINK Deco X20 белый,price,79922,79920
2026-08-16T01:24:33Z,710000000,Астана,145620660,TECNO SPARK 40C 8 ГБ/128 ГБ серый,price,74853,74815
2026-08-16T01:24:33Z,710000000,Астана,123942422,Canon RF 35mm f/1.4 L VCM,price,737328,737274
2026-08-16T01:24:33Z,710000000,Астана,145978939,Внешний аккумулятор Xiaomi Super Slim Magnetic Power Bank 5000 мАч 22.5 Вт WPB0507S фиолетовый,price,18874,18870
2026-08-16T01:24:33Z,710000000,Астана,120263286,Bambu Lab PLA Matte 1.75 мм 1 кг черный,price,8936,8930
2026-08-16T01:24:33Z,710000000,Астана,145978921,Внешний аккумулятор Xiaomi Super Slim Magnetic Power Bank 5000 мАч 22.5 Вт WPB0507S золотистый,price,18876,18872
2026-08-16T01:24:33Z,710000000,Астана,147392127,Внешний аккумулятор Xiaomi Super Slim Magnetic WPB0507S (BHR08PMGL) 5000 мАч 22.5 Вт черный,price,18865,18857
2026-08-16T01:24:33Z,710000000,Астана,129319883,Garmin Lily 2 Active 38 мм серебристый-фиолетовый,price,218931,218988
2026-08-16T01:24:33Z,710000000,Астана,101513764,"Бассейн каркасный Bestway 5612B, 640x274x132 см",price,368699,324456
2026-08-16T01:24:33Z,710000000,Астана,101513764,"Бассейн каркасный Bestway 5612B, 640x274x132 см",discount,0,15
2026-08-16T01:24:33Z,710000000,Астана,103492220,"Бассейн каркасный Bestway 56714, 427x250x100 см",price,144659,144653
2026-08-16T01:24:33Z,710000000,Астана,116631467,"Бассейн каркасный Bestway 561FY, 396x396x107 см",price,116320,116312
2026-08-16T01:24:33Z,710000000,Астана,100091043,"Бассейн надувной Bestway Аквариум 53052, 239x206x26 см",price,21090,21150
2026-08-16T01:24:33Z,710000000,Астана,163444184,Huawei nova 15 Pro 12 ГБ/512 ГБ белый,price,284870,284864
2026-08-16T01:24:33Z,710000000,Астана,163444356,Huawei nova 15 12 ГБ/512 ГБ белый,price,199864,199858
2026-08-16T01:24:33Z,710000000,Астана,167232229,Huawei Watch Fit 5 43 мм серебристый--белый,price,80088,79888
2026-08-16T01:24:33Z,710000000,Астана,15400145,"Бассейн каркасный Bestway Steel Pro Max 56420, 366x122 см",price,134611,134510
2026-08-16T01:24:33Z,710000000,Астана,118273472,Аэрогриль Xiaomi Smart Air Fryer BHR7357EU 6.5 л черный,price,47894,47888
2026-08-16T01:24:33Z,710000000,Астана,115287903,DREAME H12 Pro Plus CN черный,price,119398,119352
2026-08-16T01:24:33Z,710000000,Астана,130251646,Наушники REDMI Buds 6 Play синий,price,6755,6749
2026-08-16T01:24:33Z,710000000,Астана,148148261,TCL 55P8K 140 см черный,price,329988,325151
2026-08-16T01:24:33Z,710000000,Астана,145557956,TECNO SPARK 40C 8 ГБ/256 ГБ черный,price,84056,84008
2026-08-16T01:24:33Z,710000000,Астана,132593287,"DREAME H30 Ultra Mix черный, серый",price,162690,162681
2026-08-16T01:24:33Z,710000000,Астана,137684212,DREAME H30 ULTRA MIX CE серый,price,162695,162684
2026-08-16T01:24:33Z,710000000,Астана,102158689,Микрофон Fifine T669 черный,price,21626,21590
2026-08-16T01:24:33Z,710000000,Астана,118273499,Аэрогриль Xiaomi Smart Air Fryer BHR7358EU 6.5 л белый,price,47231,47207
2026-08-16T01:24:33Z,710000000,Астана,143119833,Midea FSC-900DX стальной,price,227908,227902
2026-08-16T01:24:33Z,710000000,Астана,145978945,Внешний аккумулятор Xiaomi Super Slim Magnetic Power Bank 5000 мАч 22.5 Вт WPB0507S черный,price,18865,18857
2026-08-16T01:24:33Z,710000000,Астана,102211273,Midea MH 60P 205 X серебристый,price,33547,33527
2026-08-16T01:24:33Z,710000000,Астана,148240615,Huawei WATCH GT 6 Pro 46 мм черный-черный,price,163287,163087
2026-08-16T01:24:33Z,710000000,Астана,148462479,TCL 32S5K 81 см черный,price,119898,119886
2026-08-16T01:24:33Z,710000000,Астана,123621889,Midea MFK03D105B/S-C серый,price,275159,275125
2026-08-16T01:24:33Z,710000000,Астана,110349310,Canon EOS R50 Kit 18-45mm f4.5-6.3 IS STM черный,price,329398,329370
2026-08-16T01:24:33Z,710000000,Астана,115633970,Canon LIDE 300 2995C010 черный,price,50843,50841
2026-08-16T01:24:33Z,710000000,Астана,122142480,Huawei MatePad SE Wi-Fi 11 дюйм 8 Гб/128 Гб серый,price,107288,118590
2026-08-16T01:24:33Z,710000000,Астана,122142480,Huawei MatePad SE Wi-Fi 11 дюйм 8 Гб/128 Гб серый,discount,17,0
2026-08-16T01:24:33Z,710000000,Астана,1500075,Принтер Canon i-SENSYS LBP6030B,price,85593,85587
2026-08-16T01:24:33Z,710000000,Астана,141746219,Xiaomi Robot Vacuum S40C Е101CDZ белый,price,84862,84856
2026-08-16T01:24:33Z,710000000,Астана,154255448,"Xiaomi камера видеонаблюдения MJSXJ27CM, 8MP, расширение 3840x2160",price,28168,28164
2026-08-16T01:24:33Z,710000000,Астана,148148221,TCL 50V6C 127 см черный,price,219742,219730
2026-08-16T01:24:33Z,710000000,Астана,137060417,AULA F75 MAX черный,price,27390,27380
2026-08-16T01:24:33Z,710000000,Астана,101149860,Canon EOS RP RF 24-105 F4-7.1 IS STM,price,545162,545002
2026-08-16T01:24:33Z,710000000,Астана,154027559,"Xiaomi камера видеонаблюдения C201 MBC27, 2MP, расширение 1920x1080",price,13166,13162
2026-08-16T01:24:33Z,710000000,Астана,112245834,Canon EOS R8 Body черный,price,602372,601971
2026-08-16T01:24:33Z,710000000,Астана,147987810,Huawei WATCH GT 6 41 мм золотистый-белый,price,105288,105088
2026-08-16T01:24:33Z,710000000,Астана,166975826,HONOR 600 Pro 12 ГБ/512 ГБ черный,price,548688,548676
2026-08-16T01:24:33Z,710000000,Астана,112301355,МФУ Canon MAXIFY GX3040,price,123849,123842
2026-08-16T01:24:33Z,710000000,Астана,103313279,Очиститель воздуха SmartMi Smartmi Air Purifier P1 серый,price,55106,55082
2026-08-16T01:24:33Z,710000000,Астана,147986879,Huawei WATCH GT 6 41 мм золотистый-золотистый,price,115284,114890
2026-08-16T01:24:33Z,710000000,Астана,147986879,Huawei WATCH GT 6 41 мм золотистый-золотистый,discount,11,12
2026-08-16T01:24:33Z,710000000,Астана,151096402,Garmin Fenix 8 Pro 47 мм черный,price,653684,653653
2026-08-16T01:24:33Z,710000000,Астана,140332288,Garmin Forerunner 970 47 мм черный,price,449087,449056
2026-08-16T01:24:33Z,710000000,Астана,138584959,Garmin Vivoactive 6 42 мм бежевый,price,205988,205998
2026-08-16T01:24:33Z,710000000,Астана,139307969,Кофемашина Xiaomi Semi-Automatic Espresso Machine серебристый,price,61254,61248
2026-08-16T01:24:33Z,710000000,Астана,120554885,Xiaomi Robot Vacuum S20+ белый,price,131002,131000
2026-08-16T01:24:33Z,710000000,Астана,149031743,ZTE Nubia RedMagic Astra 9.06 дюйм 24 Гб/1024 Гб черный,price,569874,569868
2026-08-16T01:24:33Z,710000000,Астана,109310071,Garmin Forerunner 265S 42 мм белый-белый,price,275067,275055
2026-08-16T01:24:33Z,710000000,Астана,134108182,Портативная колонка Soundcore Select 4 Go черный,price,13257,13255
2026-08-16T01:24:33Z,710000000,Астана,113029701,Garmin VENU 3S белый,price,278639,278620
2026-08-16T01:24:33Z,710000000,Астана,118179738,Canon EOS R50 RF-S 15-45 IS STM черный,price,329398,329370
2026-08-16T01:24:33Z,710000000,Астана,138585258,Garmin Vivoactive 6 42 мм черный,price,199473,199470
2026-08-16T01:24:33Z,710000000,Астана,114761211,Fifine SC3,price,25317,25309
2026-08-16T01:24:33Z,710000000,Астана,112972977,Видеорегистратор 70mai A810 черный,price,99939,99933
2026-08-16T01:24:33Z,710000000,Астана,153277705,TCL 75V6C 191 см черный,price,422832,422826
2026-08-16T01:24:33Z,710000000,Астана,122963617,Garmin Fenix 8 47 мм черный,price,605368,605204
2026-08-16T01:24:33Z,710000000,Астана,142719480,"27"" Xiaomi 4K Monitor 27 A27Ui-EU P27UCB-RAGL черный",price,144906,144898
2026-08-16T01:24:33Z,710000000,Астана,7300020,Transcend TS1TSJ25H3P 1000 Гб,price,63122,63119
2026-08-16T01:24:33Z,710000000,Астана,163510365,HONOR 600 Lite 8 ГБ/256 ГБ черный,price,209589,209520
2026-08-16T01:24:33Z,710000000,Астана,122966507,Garmin Fenix 8 51 мм черно-серый,price,652875,652714
2026-08-16T01:24:33Z,710000000,Астана,143300737,Наушники MOONDROP Rays фиолетовый,price,47227,47221
2026-08-16T01:24:33Z,710000000,Астана,151096352,Garmin Fenix 8 Pro 51 мм серебристый-серый,price,731202,731186
2026-08-16T01:24:33Z,710000000,Астана,109310183,Garmin Forerunner 265S 42 мм черный-черный,price,268746,268679
2026-08-16T01:24:33Z,710000000,Астана,122962879,Garmin Fenix 8 51 мм черный,price,607269,607124
2026-08-16T01:24:33Z,710000000,Астана,109351561,Garmin Forerunner 965 белый,price,373575,373569
2026-08-16T01:24:33Z,710000000,Астана,106852140,Garmin MARQ Golfer Gen 2 серебристый-зеленый-зеленый,price,1410554,1410424
2026-08-16T01:24:33Z,710000000,Астана,143300811,Наушники MOONDROP Aria 2 красный,price,49570,49564
2026-08-16T01:24:33Z,710000000,Астана,154805003,Realme GT 8 Pro 16 ГБ/512 ГБ синий,price,599956,599952
2026-08-16T01:24:33Z,710000000,Астана,120134606,AULA F75 Side-Printed голубой,price,22530,22522
2026-08-16T01:24:33Z,710000000,Астана,128745315,Midea MF200W90WB/T-C серый,price,220855,220823
2026-08-16T01:24:33Z,710000000,Астана,109719960,Transcend TS250GESD260C 250 ГБ,price,41719,41713
2026-08-16T01:24:33Z,710000000,Астана,140332233,Garmin Forerunner 970 47 мм белый-зеленый,price,455268,455193
2026-08-16T01:24:33Z,710000000,Астана,148005901,Huawei WATCH GT 6 46 мм серебристый-зеленый,price,94374,94368
2026-08-16T01:24:33Z,710000000,Астана,139561340,AULA HERO 68 HE белый,price,20661,20651
2026-08-16T01:24:33Z,710000000,Астана,139955883,Huawei WATCH FIT 4 Pro 44 мм серебристый-зеленый,price,74736,74730
2026-08-16T01:24:33Z,710000000,Астана,109731154,Canon EOS R7 Body черный,price,611175,611043
2026-08-16T01:24:33Z,710000000,Астана,120935104,Dream H12 Pro PLUS черный,price,119408,119354
2026-08-16T01:24:33Z,710000000,Астана,131430159,Наушники Soundcore Liberty 4 PRO черный,price,66360,66354
2026-08-16T01:24:33Z,710000000,Астана,142884485,Garmin VENU X1 46 мм черный-черный,price,463244,462959
2026-08-16T01:24:33Z,710000000,Астана,145820746,Roborock S8 Pro RRA0TAL черный,price,114606,114582
2026-08-16T01:24:33Z,710000000,Астана,145451616,"Dreame H30 Ultra Mix черный, серый",price,162695,162684
2026-08-16T01:24:33Z,710000000,Астана,137352961,AULA F75 Black Contour черный,price,23085,23077
2026-08-16T01:24:33Z,710000000,Астана,134108074,Наушники Soundcore Liberty 4 PRO белый,price,59665,59648
2026-08-16T01:24:33Z,710000000,Астана,133975075,Garmin Instinct 3 Solar 45 мм черный,price,249825,249985
2026-08-16T01:24:33Z,710000000,Астана,156555269,Garmin Instinct 3 AMOLED 50 мм черный-синий,price,312928,312988
2026-08-16T01:24:33Z,710000000,Астана,169144934,Roborock S9+ белый,price,184654,184630
2026-08-16T01:24:33Z,710000000,Астана,169114829,Roborock S9+ черный,price,184654,184630
2026-08-16T01:24:33Z,710000000,Астана,124278317,Garmin Fenix 8 Solar 47 мм черный,price,605218,605022
2026-08-16T01:24:33Z,710000000,Астана,131472928,Портативная колонка Soundcore Boom 2 Plus синий,price,116347,116323
2026-08-16T01:24:33Z,710000000,Астана,148348291,Canon EOS R50 + RF-S 18-45 mm IS STM,price,329398,329370
2026-08-16T01:24:33Z,710000000,Астана,169114918,Roborock S9 черный,price,140654,140630
2026-08-16T01:24:33Z,710000000,Астана,145557809,TECNO SPARK 40C 8 ГБ/256 ГБ белый,price,83043,83037
2026-08-16T01:24:33Z,710000000,Астана,7300141,Transcend TS1TSJ25H3B 1000 Гб,price,62032,62020
2026-08-16T01:24:33Z,710000000,Астана,141530670,Xiaomi Smart Band 10 серебристый,price,21915,21909
2026-08-16T01:24:33Z,710000000,Астана,148148023,TCL 43V6C 109 см черный,price,179988,179976
2026-08-16T01:24:33Z,710000000,Астана,165935475,ATK Dragonfly A9 Air белый,price,34467,34461
2026-08-16T01:24:33Z,710000000,Астана,143973797,TECNO SPARK 40C 8 ГБ/128 ГБ белый,price,74718,74672
2026-08-16T01:24:33Z,710000000,Астана,109310228,Garmin Forerunner 265S 42 мм розовый-розовый,price,281886,281986
2026-08-16T01:24:33Z,710000000,Астана,130022770,Canon CANOSCAN LIDE 300 черный,price,50843,50841
2026-08-16T01:24:33Z,710000000,Астана,116193383,Garmin Lily 2 Classic 25 мм серебристый-бежевый-бежевый,price,218928,218988
2026-08-16T01:24:33Z,710000000,Астана,100305103,"Бассейн каркасный Bestway 56082/56424, 400x211x81 см",price,58769,58727
2026-08-16T01:24:33Z,710000000,Астана,167230393,Наушники Huawei FreeBuds Pro 5 темно-серый,price,79186,79178
2026-08-16T01:24:33Z,710000000,Астана,110723747,Canon RF 100-400mm f/5.6-8 IS USM,price,390485,390312
2026-08-16T01:24:33Z,710000000,Астана,116535193,МФУ Canon I-Sensys MF465dw 5951C007AA,price,224748,224745
2026-08-16T01:24:33Z,710000000,Астана,141046478,Canon EOS R50 + RF-S 18-45 mm IS STM 5811C036,price,329391,329374
2026-08-16T01:24:33Z,710000000,Астана,109731162,Canon EOS R10 kit RF-S 18–150mm f/3.5–6.3 IS STM,price,591308,591112
2026-08-16T01:24:33Z,710000000,Астана,113556362,Canon EOS R50 RF-S 18-45 + Kit 55-210 mm,price,574173,574159
2026-08-16T01:24:33Z,710000000,Астана,143300800,Наушники MOONDROP Aria 2 серебристый,price,48390,48384
2026-08-16T01:24:33Z,710000000,Астана,132979867,AULA AU75 черный,price,22115,22107
2026-08-16T01:24:33Z,710000000,Астана,129064979,Canon EOS R100 + RF-S 18-45mm + RF-S 55-210mm,price,455493,455484
2026-08-16T01:24:33Z,710000000,Астана,113028541,Garmin VENU 3 45 мм белый-белый,price,292988,293048
2026-08-16T01:24:33Z,710000000,Астана,116788713,Transcend TS1TESD410C 1000 Гб,price,183774,183770
2026-08-16T01:24:33Z,710000000,Астана,163444484,Huawei nova 15 12 ГБ/256 ГБ белый,price,199864,199858
2026-08-16T01:24:33Z,710000000,Астана,138584777,Garmin Vivoactive 6 42 мм зеленый,price,206455,206453
2026-08-16T01:24:33Z,710000000,Астана,15400127,"Бассейн каркасный Bestway Steel Pro Frame 56424, 400x211x81 см",price,58769,58727
2026-08-16T01:24:33Z,710000000,Астана,110648816,Philips BHS752/00 утюжок 25 мм,price,61934,61997
2026-08-16T01:24:33Z,710000000,Астана,106851929,Garmin MARQ Aviator Gen 2 серебристый,price,1476663,1476645
2026-08-16T01:24:33Z,710000000,Астана,114801730,Canon RF 24mm f/1.8 Macro IS STM,price,272652,272626
2026-08-16T01:24:33Z,710000000,Астана,169077113,Roborock S9 белый,price,140654,140630
2026-08-16T01:24:33Z,710000000,Астана,163483165,Наушники Soundcore Sleep A30 Green зеленый,price,85391,85387
2026-08-16T01:24:33Z,710000000,Астана,141885718,Garmin Instinct 3 Solar Tactical 45 мм черный,price,289928,289988
2026-08-16T01:24:33Z,710000000,Астана,128243261,Система подачи материалов Bambu Lab Ams lite,price,132707,132701
2026-08-16T01:24:33Z,710000000,Астана,163414583,AULA F75 розовый,price,23507,23497
2026-08-16T01:24:33Z,710000000,Астана,116193133,Garmin Lily 2 Classic 25 мм бордовый-бордовый,price,218928,218988
2026-08-16T01:24:33Z,710000000,Астана,137761682,AULA SC380 PRO белый,price,11293,11285
2026-08-16T01:24:33Z,710000000,Астана,171178069,Roborock Saros 20 черный,price,699654,699630
2026-08-16T01:24:33Z,710000000,Астана,114176446,POCKET BOOK PB634-3-CIS 6 дюйм 1 Гб красный,price,105596,105590
2026-08-16T01:24:33Z,710000000,Астана,108430983,Canon EOS R7 Kit 18-150mm черный,price,809539,809393
2026-08-16T01:24:33Z,710000000,Астана,122265923,Canon EOS R5 Mark II body,price,1728922,1728530
2026-08-16T01:24:33Z,710000000,Астана,146975796,AULA HERO 68 HE Frosted белый,price,27242,27234
2026-08-16T01:24:33Z,710000000,Астана,137761585,AULA SC380 PRO черный,price,11112,11102
2026-08-16T01:24:33Z,710000000,Астана,114460686,Garmin MARQ Golfer Gen 2 Carbon Edition черный,price,1756195,1756184
2026-08-16T01:24:33Z,710000000,Астана,140932721,Midea MID60S350i-C серый,price,221480,221478
2026-08-16T01:24:33Z,710000000,Астана,105544265,Canon RF 70-200mm f/4L IS USM,price,813203,813047
2026-08-16T01:24:33Z,710000000,Астана,101018992,"Бассейн каркасный Bestway Power Steel 56465, 549x274x122 см",price,267794,267788
2026-08-16T01:24:33Z,710000000,Астана,112921022,МФУ Canon imageRUNNER 2224 5942C001,price,608796,608790
2026-08-16T01:24:33Z,511010000,Шымкент,108430990,Canon EOS R6 Mark II Body черный,price,815250,814319
2026-08-16T01:24:33Z,511010000,Шымкент,129065160,Наушники REDMI Buds 6 Play розовый,price,6767,6761
2026-08-16T01:24:33Z,511010000,Шымкент,147374082,HONOR X9d 12 ГБ/256 ГБ черный,price,237930,237918
2026-08-16T01:24:33Z,511010000,Шымкент,134328061,"Видеорегистратор 70mai M310 черный, серый",price,28566,28563
2026-08-16T01:24:33Z,511010000,Шымкент,106042231,Наушники Fifine H6 черный,price,20006,20000
2026-08-16T01:24:33Z,511010000,Шымкент,106795757,Canon EOS R10 kit 18-45mm IS STM,price,462467,462208
2026-08-16T01:24:33Z,511010000,Шымкент,147026783,Garmin Venu 4s 41 мм золотистый-белый,price,339466,339464
2026-08-16T01:24:33Z,511010000,Шымкент,115034062,МФУ Canon i-SENSYS MF275dw,price,185904,185899
2026-08-16T01:24:33Z,511010000,Шымкент,7300284,Transcend TS4TSJ25H3P 4000 Гб,price,138212,138210
2026-08-16T01:24:33Z,511010000,Шымкент,110151201,Canon EOS R6 Mark II Kit RF 24-105mm F/4-7.1 IS STM черный,price,1079428,1079149
2026-08-16T01:24:33Z,511010000,Шымкент,141530632,Xiaomi Smart Band 10 черный,price,21915,21909
2026-08-16T01:24:33Z,511010000,Шымкент,119596967,EPOMAKER x AULA F75 черный,price,21342,21334
2026-08-16T01:24:33Z,511010000,Шымкент,139895845,Roborock F25 - ACE черный,price,199610,199586
2026-08-16T01:24:33Z,511010000,Шымкент,146792191,Midea MD200H90WB/T-C серый,price,266286,266202
2026-08-16T01:24:33Z,511010000,Шымкент,140332176,Garmin Forerunner 970 47 мм бежевый-фиолетовый,price,457993,457924
2026-08-16T01:24:33Z,511010000,Шымкент,122963224,Garmin Fenix 8 43 мм белый-белый,price,544725,544503
2026-08-16T01:24:33Z,511010000,Шымкент,106042325,Микрофон Fifine A6V черный,price,18699,18693
2026-08-16T01:24:33Z,511010000,Шымкент,115178468,POCKET BOOK PB629-M-CIS 6 дюйм 8 Гб серый,price,87630,87674
2026-08-16T01:24:33Z,511010000,Шымкент,145820693,Roborock S8 Pro RRA0TAL белый,price,114616,114592
2026-08-16T01:24:33Z,511010000,Шымкент,132855201,AULA F75 Side-Printed розовый,price,21465,21457
2026-08-16T01:24:33Z,511010000,Шымкент,110057315,70mai зарядное устройство для видеорегистратора Midrive UP03 USB Type-C черный,price,8350,8344
2026-08-16T01:24:33Z,511010000,Шымкент,133974886,Garmin Instinct E 45 мм серый,price,186928,186988
2026-08-16T01:24:33Z,511010000,Шымкент,113029065,Garmin VENU 3S 41 мм розовый-розовый,price,293907,293987
2026-08-16T01:24:33Z,511010000,Шымкент,103627190,Canon RF 16mm f/2.8 STM,price,129151,129113
2026-08-16T01:24:33Z,511010000,Шымкент,150110690,Sen Sulu blush stick румяна 03 frosted bllom,price,8862,8856
2026-08-16T01:24:33Z,511010000,Шымкент,131472887,Портативная колонка Soundcore Select 4 Go фиолетовый,price,13261,13259
2026-08-16T01:24:33Z,511010000,Шымкент,101392231,Wi-Fi точка доступа TP-LINK Deco X20 белый,price,79922,79920
2026-08-16T01:24:33Z,511010000,Шымкент,145620660,TECNO SPARK 40C 8 ГБ/128 ГБ серый,price,74853,74815
2026-08-16T01:24:33Z,511010000,Шымкент,123942422,Canon RF 35mm f/1.4 L VCM,price,737328,737274
2026-08-16T01:24:33Z,511010000,Шымкент,145978939,Внешний аккумулятор Xiaomi Super Slim Magnetic Power Bank 5000 мАч 22.5 Вт WPB0507S фиолетовый,price,18874,18870
2026-08-16T01:24:33Z,511010000,Шымкент,120263286,Bambu Lab PLA Matte 1.75 мм 1 кг черный,price,8936,8930
2026-08-16T01:24:33Z,511010000,Шымкент,145978921,Внешний аккумулятор Xiaomi Super Slim Magnetic Power Bank 5000 мАч 22.5 Вт WPB0507S золотистый,price,18876,18872
2026-08-16T01:24:33Z,511010000,Шымкент,147392127,Внешний аккумулятор Xiaomi Super Slim Magnetic WPB0507S (BHR08PMGL) 5000 мАч 22.5 Вт черный,price,18865,18857
2026-08-16T01:24:33Z,511010000,Шымкент,129319883,Garmin Lily 2 Active 38 мм серебристый-фиолетовый,price,218931,218988
2026-08-16T01:24:33Z,511010000,Шымкент,101513764,"Бассейн каркасный Bestway 5612B, 640x274x132 см",price,368699,324456
2026-08-16T01:24:33Z,511010000,Шымкент,101513764,"Бассейн каркасный Bestway 5612B, 640x274x132 см",discount,0,15
2026-08-16T01:24:33Z,511010000,Шымкент,103492220,"Бассейн каркасный Bestway 56714, 427x250x100 см",price,144659,144653
2026-08-16T01:24:33Z,511010000,Шымкент,116631467,"Бассейн каркасный Bestway 561FY, 396x396x107 см",price,116320,116312
2026-08-16T01:24:33Z,511010000,Шымкент,100091043,"Бассейн надувной Bestway Аквариум 53052, 239x206x26 см",price,21090,21150
2026-08-16T01:24:33Z,511010000,Шымкент,163444184,Huawei nova 15 Pro 12 ГБ/512 ГБ белый,price,284870,284864
2026-08-16T01:24:33Z,511010000,Шымкент,163444356,Huawei nova 15 12 ГБ/512 ГБ белый,price,199864,199858
2026-08-16T01:24:33Z,511010000,Шымкент,167232229,Huawei Watch Fit 5 43 мм серебристый--белый,price,80088,79888
2026-08-16T01:24:33Z,511010000,Шымкент,15400145,"Бассейн каркасный Bestway Steel Pro Max 56420, 366x122 см",price,134611,134510
2026-08-16T01:24:33Z,511010000,Шымкент,118273472,Аэрогриль Xiaomi Smart Air Fryer BHR7357EU 6.5 л черный,price,47894,47888
2026-08-16T01:24:33Z,511010000,Шымкент,115287903,DREAME H12 Pro Plus CN черный,price,119406,119352
2026-08-16T01:24:33Z,511010000,Шымкент,130251646,Наушники REDMI Buds 6 Play синий,price,6755,6749
2026-08-16T01:24:33Z,511010000,Шымкент,148148261,TCL 55P8K 140 см черный,price,329988,325151
2026-08-16T01:24:33Z,511010000,Шымкент,145557956,TECNO SPARK 40C 8 ГБ/256 ГБ черный,price,84056,84008
2026-08-16T01:24:33Z,511010000,Шымкент,132593287,"DREAME H30 Ultra Mix черный, серый",price,162692,162674
2026-08-16T01:24:33Z,511010000,Шымкент,137684212,DREAME H30 ULTRA MIX CE серый,price,162695,162684
2026-08-16T01:24:33Z,511010000,Шымкент,102158689,Микрофон Fifine T669 черный,price,21626,21590
2026-08-16T01:24:33Z,511010000,Шымкент,118273499,Аэрогриль Xiaomi Smart Air Fryer BHR7358EU 6.5 л белый,price,47231,47207
2026-08-16T01:24:33Z,511010000,Шымкент,143119833,Midea FSC-900DX стальной,price,227908,227902
2026-08-16T01:24:33Z,511010000,Шымкент,145978945,Внешний аккумулятор Xiaomi Super Slim Magnetic Power Bank 5000 мАч 22.5 Вт WPB0507S черный,price,18865,18857
2026-08-16T01:24:33Z,511010000,Шымкент,102211273,Midea MH 60P 205 X серебристый,price,33547,33527
2026-08-16T01:24:33Z,511010000,Шымкент,148240615,Huawei WATCH GT 6 Pro 46 мм черный-черный,price,163287,163087
2026-08-16T01:24:33Z,511010000,Шымкент,148462479,TCL 32S5K 81 см черный,price,119898,119886
2026-08-16T01:24:33Z,511010000,Шымкент,123621889,Midea MFK03D105B/S-C серый,price,275159,275125
2026-08-16T01:24:33Z,511010000,Шымкент,110349310,Canon EOS R50 Kit 18-45mm f4.5-6.3 IS STM черный,price,329398,329370
2026-08-16T01:24:33Z,511010000,Шымкент,115633970,Canon LIDE 300 2995C010 черный,price,50843,50841
2026-08-16T01:24:33Z,511010000,Шымкент,122142480,Huawei MatePad SE Wi-Fi 11 дюйм 8 Гб/128 Гб серый,price,107288,118587
2026-08-16T01:24:33Z,511010000,Шымкент,122142480,Huawei MatePad SE Wi-Fi 11 дюйм 8 Гб/128 Гб серый,discount,17,0
2026-08-16T01:24:33Z,511010000,Шымкент,1500075,Принтер Canon i-SENSYS LBP6030B,price,85593,85587
2026-08-16T01:24:33Z,511010000,Шымкент,141746219,Xiaomi Robot Vacuum S40C Е101CDZ белый,price,84862,84856
2026-08-16T01:24:33Z,511010000,Шымкент,154255448,"Xiaomi камера видеонаблюдения MJSXJ27CM, 8MP, расширение 3840x2160",price,28168,28164
2026-08-16T01:24:33Z,511010000,Шымкент,148148221,TCL 50V6C 127 см черный,price,219742,219730
2026-08-16T01:24:33Z,511010000,Шымкент,137060417,AULA F75 MAX черный,price,27390,27380
2026-08-16T01:24:33Z,511010000,Шымкент,101149860,Canon EOS RP RF 24-105 F4-7.1 IS STM,price,545162,544967
2026-08-16T01:24:33Z,511010000,Шымкент,154027559,"Xiaomi камера видеонаблюдения C201 MBC27, 2MP, расширение 1920x1080",price,13166,13162
2026-08-16T01:24:33Z,511010000,Шымкент,112245834,Canon EOS R8 Body черный,price,602372,601971
2026-08-16T01:24:33Z,511010000,Шымкент,147987810,Huawei WATCH GT 6 41 мм золотистый-белый,price,105288,105088
2026-08-16T01:24:33Z,511010000,Шымкент,166975826,HONOR 600 Pro 12 ГБ/512 ГБ черный,price,548688,548676
2026-08-16T01:24:33Z,511010000,Шымкент,112301355,МФУ Canon MAXIFY GX3040,price,123849,123842
2026-08-16T01:24:33Z,511010000,Шымкент,103313279,Очиститель воздуха SmartMi Smartmi Air Purifier P1 серый,price,55106,55082
2026-08-16T01:24:33Z,511010000,Шымкент,147986879,Huawei WATCH GT 6 41 мм золотистый-золотистый,price,115088,114890
2026-08-16T01:24:33Z,511010000,Шымкент,147986879,Huawei WATCH GT 6 41 мм золотистый-золотистый,discount,11,12
2026-08-16T01:24:33Z,511010000,Шымкент,151096402,Garmin Fenix 8 Pro 47 мм черный,price,653684,653653
2026-08-16T01:24:33Z,511010000,Шымкент,140332288,Garmin Forerunner 970 47 мм черный,price,449087,449056
2026-08-16T01:24:33Z,511010000,Шымкент,138584959,Garmin Vivoactive 6 42 мм бежевый,price,205988,205998
2026-08-16T01:24:33Z,511010000,Шымкент,139307969,Кофемашина Xiaomi Semi-Automatic Espresso Machine серебристый,price,61254,61248
2026-08-16T01:24:33Z,511010000,Шымкент,120554885,Xiaomi Robot Vacuum S20+ белый,price,131002,131000
2026-08-16T01:24:33Z,511010000,Шымкент,149031743,ZTE Nubia RedMagic Astra 9.06 дюйм 24 Гб/1024 Гб черный,price,569874,569868
2026-08-16T01:24:33Z,511010000,Шымкент,109310071,Garmin Forerunner 265S 42 мм белый-белый,price,275067,275055
2026-08-16T01:24:33Z,511010000,Шымкент,134108182,Портативная колонка Soundcore Select 4 Go черный,price,13257,13255
2026-08-16T01:24:33Z,511010000,Шымкент,113029701,Garmin VENU 3S белый,price,278639,278620
2026-08-16T01:24:33Z,511010000,Шымкент,118179738,Canon EOS R50 RF-S 15-45 IS STM черный,price,329398,329370
2026-08-16T01:24:33Z,511010000,Шымкент,138585258,Garmin Vivoactive 6 42 мм черный,price,199473,199470
2026-08-16T01:24:33Z,511010000,Шымкент,114761211,Fifine SC3,price,25317,25309
2026-08-16T01:24:33Z,511010000,Шымкент,112972977,Видеорегистратор 70mai A810 черный,price,99939,99933
2026-08-16T01:24:33Z,511010000,Шымкент,153277705,TCL 75V6C 191 см черный,price,422832,422826
2026-08-16T01:24:33Z,511010000,Шымкент,122963617,Garmin Fenix 8 47 мм черный,price,605368,605197
2026-08-16T01:24:33Z,511010000,Шымкент,142719480,"27"" Xiaomi 4K Monitor 27 A27Ui-EU P27UCB-RAGL черный",price,144906,144898
2026-08-16T01:24:33Z,511010000,Шымкент,7300020,Transcend TS1TSJ25H3P 1000 Гб,price,63122,63119
2026-08-16T01:24:33Z,511010000,Шымкент,163510365,HONOR 600 Lite 8 ГБ/256 ГБ черный,price,209589,209520
2026-08-16T01:24:33Z,511010000,Шымкент,122966507,Garmin Fenix 8 51 мм черно-серый,price,652875,652714
2026-08-16T01:24:33Z,511010000,Шымкент,143300737,Наушники MOONDROP Rays фиолетовый,price,47227,47221
2026-08-16T01:24:33Z,511010000,Шымкент,151096352,Garmin Fenix 8 Pro 51 мм серебристый-серый,price,731202,731186
2026-08-16T01:24:33Z,511010000,Шымкент,109310183,Garmin Forerunner 265S 42 мм черный-черный,price,268746,268679
2026-08-16T01:24:33Z,511010000,Шымкент,122962879,Garmin Fenix 8 51 мм черный,price,607269,607124
2026-08-16T01:24:33Z,511010000,Шымкент,109351561,Garmin Forerunner 965 белый,price,373575,373569
2026-08-16T01:24:33Z,511010000,Шымкент,106852140,Garmin MARQ Golfer Gen 2 серебристый-зеленый-зеленый,price,1410548,1410424
2026-08-16T01:24:33Z,511010000,Шымкент,143300811,Наушники MOONDROP Aria 2 красный,price,49570,49564
2026-08-16T01:24:33Z,511010000,Шымкент,154805003,Realme GT 8 Pro 16 ГБ/512 ГБ синий,price,599956,599952
2026-08-16T01:24:33Z,511010000,Шымкент,120134606,AULA F75 Side-Printed голубой,price,22530,22522
2026-08-16T01:24:33Z,511010000,Шымкент,128745315,Midea MF200W90WB/T-C серый,price,220855,220823
2026-08-16T01:24:33Z,511010000,Шымкент,109719960,Transcend TS250GESD260C 250 ГБ,price,41719,41713
2026-08-16T01:24:33Z,511010000,Шымкент,140332233,Garmin Forerunner 970 47 мм белый-зеленый,price,455268,455193
2026-08-16T01:24:33Z,511010000,Шымкент,148005901,Huawei WATCH GT 6 46 мм серебристый-зеленый,price,94374,94368
2026-08-16T01:24:33Z,511010000,Шымкент,139561340,AULA HERO 68 HE белый,price,20661,20651
2026-08-16T01:24:33Z,511010000,Шымкент,139955883,Huawei WATCH FIT 4 Pro 44 мм серебристый-зеленый,price,74727,74730
2026-08-16T01:24:33Z,511010000,Шымкент,109731154,Canon EOS R7 Body черный,price,611175,611043
2026-08-16T01:24:33Z,511010000,Шымкент,120935104,Dream H12 Pro PLUS черный,price,119408,119354
2026-08-16T01:24:33Z,511010000,Шымкент,131430159,Наушники Soundcore Liberty 4 PRO черный,price,66360,66354
2026-08-16T01:24:33Z,511010000,Шымкент,142884485,Garmin VENU X1 46 мм черный-черный,price,463244,462959
2026-08-16T01:24:33Z,511010000,Шымкент,145820746,Roborock S8 Pro RRA0TAL черный,price,114606,114582
2026-08-16T01:24:33Z,511010000,Шымкент,145451616,"Dreame H30 Ultra Mix черный, серый",price,162695,162684
2026-08-16T01:24:33Z,511010000,Шымкент,137352961,AULA F75 Black Contour черный,price,23085,23077
2026-08-16T01:24:33Z,511010000,Шымкент,134108074,Наушники Soundcore Liberty 4 PRO белый,price,59665,59648
2026-08-16T01:24:33Z,511010000,Шымкент,133975075,Garmin Instinct 3 Solar 45 мм черный,price,249825,249985
2026-08-16T01:24:33Z,511010000,Шымкент,156555269,Garmin Instinct 3 AMOLED 50 мм черный-синий,price,312928,312988
2026-08-16T01:24:33Z,511010000,Шымкент,169144934,Roborock S9+ белый,price,184654,184630
2026-08-16T01:24:33Z,511010000,Шымкент,169114829,Roborock S9+ черный,price,184654,184630
2026-08-16T01:24:33Z,511010000,Шымкент,124278317,Garmin Fenix 8 Solar 47 мм черный,price,605225,605006
2026-08-16T01:24:33Z,511010000,Шымкент,131472928,Портативная колонка Soundcore Boom 2 Plus синий,price,116347,116323
2026-08-16T01:24:33Z,511010000,Шымкент,148348291,Canon EOS R50 + RF-S 18-45 mm IS STM,price,329398,329370
2026-08-16T01:24:33Z,511010000,Шымкент,169114918,Roborock S9 черный,price,140654,140630
2026-08-16T01:24:33Z,511010000,Шымкент,145557809,TECNO SPARK 40C 8 ГБ/256 ГБ белый,price,83043,83037
2026-08-16T01:24:33Z,511010000,Шымкент,7300141,Transcend TS1TSJ25H3B 1000 Гб,price,62032,62020
2026-08-16T01:24:33Z,511010000,Шымкент,141530670,Xiaomi Smart Band 10 серебристый,price,21915,21909
2026-08-16T01:24:33Z,511010000,Шымкент,148148023,TCL 43V6C 109 см черный,price,179988,179976
2026-08-16T01:24:33Z,511010000,Шымкент,165935475,ATK Dragonfly A9 Air белый,price,34467,34461
2026-08-16T01:24:33Z,511010000,Шымкент,143973797,TECNO SPARK 40C 8 ГБ/128 ГБ белый,price,74718,74672
2026-08-16T01:24:33Z,511010000,Шымкент,109310228,Garmin Forerunner 265S 42 мм розовый-розовый,price,281886,281986
2026-08-16T01:24:33Z,511010000,Шымкент,130022770,Canon CANOSCAN LIDE 300 черный,price,50843,50841
2026-08-16T01:24:33Z,511010000,Шымкент,116193383,Garmin Lily 2 Classic 25 мм серебристый-бежевый-бежевый,price,218928,218988
2026-08-16T01:24:33Z,511010000,Шымкент,100305103,"Бассейн каркасный Bestway 56082/56424, 400x211x81 см",price,58769,58727
2026-08-16T01:24:33Z,511010000,Шымкент,167230393,Наушники Huawei FreeBuds Pro 5 темно-серый,price,79186,79178
2026-08-16T01:24:33Z,511010000,Шымкент,110723747,Canon RF 100-400mm f/5.6-8 IS USM,price,390485,390312
2026-08-16T01:24:33Z,511010000,Шымкент,116535193,МФУ Canon I-Sensys MF465dw 5951C007AA,price,224748,224745
2026-08-16T01:24:33Z,511010000,Шымкент,141046478,Canon EOS R50 + RF-S 18-45 mm IS STM 5811C036,price,329391,329374
2026-08-16T01:24:33Z,511010000,Шымкент,109731162,Canon EOS R10 kit RF-S 18–150mm f/3.5–6.3 IS STM,price,591308,591112
2026-08-16T01:24:33Z,511010000,Шымкент,113556362,Canon EOS R50 RF-S 18-45 + Kit 55-210 mm,price,574173,574159
2026-08-16T01:24:33Z,511010000,Шымкент,143300800,Наушники MOONDROP Aria 2 серебристый,price,48390,48384
2026-08-16T01:24:33Z,511010000,Шымкент,132979867,AULA AU75 черный,price,22115,22107
2026-08-16T01:24:33Z,511010000,Шымкент,129064979,Canon EOS R100 + RF-S 18-45mm + RF-S 55-210mm,price,455493,455484
2026-08-16T01:24:33Z,511010000,Шымкент,113028541,Garmin VENU 3 45 мм белый-белый,price,292988,293048
2026-08-16T01:24:33Z,511010000,Шымкент,116788713,Transcend TS1TESD410C 1000 Гб,price,183774,183770
2026-08-16T01:24:33Z,511010000,Шымкент,163444484,Huawei nova 15 12 ГБ/256 ГБ белый,price,199864,199858
2026-08-16T01:24:33Z,511010000,Шымкент,138584777,Garmin Vivoactive 6 42 мм зеленый,price,206455,206453
2026-08-16T01:24:33Z,511010000,Шымкент,15400127,"Бассейн каркасный Bestway Steel Pro Frame 56424, 400x211x81 см",price,58769,58727
2026-08-16T01:24:33Z,511010000,Шымкент,110648816,Philips BHS752/00 утюжок 25 мм,price,61934,61997
2026-08-16T01:24:33Z,511010000,Шымкент,106851929,Garmin MARQ Aviator Gen 2 серебристый,price,1476655,1476645
2026-08-16T01:24:33Z,511010000,Шымкент,114801730,Canon RF 24mm f/1.8 Macro IS STM,price,272652,272626
2026-08-16T01:24:33Z,511010000,Шымкент,169077113,Roborock S9 белый,price,140654,140630
2026-08-16T01:24:33Z,511010000,Шымкент,163483165,Наушники Soundcore Sleep A30 Green зеленый,price,85391,85387
2026-08-16T01:24:33Z,511010000,Шымкент,141885718,Garmin Instinct 3 Solar Tactical 45 мм черный,price,289928,289988
2026-08-16T01:24:33Z,511010000,Шымкент,128243261,Система подачи материалов Bambu Lab Ams lite,price,132707,132701
2026-08-16T01:24:33Z,511010000,Шымкент,163414583,AULA F75 розовый,price,23507,23497
2026-08-16T01:24:33Z,511010000,Шымкент,116193133,Garmin Lily 2 Classic 25 мм бордовый-бордовый,price,218928,218988
2026-08-16T01:24:33Z,511010000,Шымкент,137761682,AULA SC380 PRO белый,price,11293,11285
2026-08-16T01:24:33Z,511010000,Шымкент,171178069,Roborock Saros 20 черный,price,699654,699630
2026-08-16T01:24:33Z,511010000,Шымкент,114176446,POCKET BOOK PB634-3-CIS 6 дюйм 1 Гб красный,price,105596,105590
2026-08-16T01:24:33Z,511010000,Шымкент,108430983,Canon EOS R7 Kit 18-150mm черный,price,809539,809375
2026-08-16T01:24:33Z,511010000,Шымкент,122265923,Canon EOS R5 Mark II body,price,1728922,1728530
2026-08-16T01:24:33Z,511010000,Шымкент,146975796,AULA HERO 68 HE Frosted белый,price,27242,27234
2026-08-16T01:24:33Z,511010000,Шымкент,137761585,AULA SC380 PRO черный,price,11112,11102
2026-08-16T01:24:33Z,511010000,Шымкент,114460686,Garmin MARQ Golfer Gen 2 Carbon Edition черный,price,1756195,1756184
2026-08-16T01:24:33Z,511010000,Шымкент,140932721,Midea MID60S350i-C серый,price,221480,221478
2026-08-16T01:24:33Z,511010000,Шымкент,105544265,Canon RF 70-200mm f/4L IS USM,price,813203,813047
2026-08-16T01:24:33Z,511010000,Шымкент,101018992,"Бассейн каркасный Bestway Power Steel 56465, 549x274x122 см",price,267794,267788
2026-08-16T01:24:33Z,511010000,Шымкент,112921022,МФУ Canon imageRUNNER 2224 5942C001,price,608796,608790
2026-08-16T01:24:33Z,470000000,Актобе,108430990,Canon EOS R6 Mark II Body черный,price,815250,814268
2026-08-16T01:24:33Z,470000000,Актобе,129065160,Наушники REDMI Buds 6 Play розовый,price,6767,6761
2026-08-16T01:24:33Z,470000000,Актобе,147374082,HONOR X9d 12 ГБ/256 ГБ черный,price,237930,237918
2026-08-16T01:24:33Z,470000000,Актобе,134328061,"Видеорегистратор 70mai M310 черный, серый",price,28566,28563
2026-08-16T01:24:33Z,470000000,Актобе,106042231,Наушники Fifine H6 черный,price,20006,20000
2026-08-16T01:24:33Z,470000000,Актобе,106795757,Canon EOS R10 kit 18-45mm IS STM,price,462467,462208
2026-08-16T01:24:33Z,470000000,Актобе,147026783,Garmin Venu 4s 41 мм золотистый-белый,price,339466,339464
2026-08-16T01:24:33Z,470000000,Актобе,115034062,МФУ Canon i-SENSYS MF275dw,price,185904,185899
2026-08-16T01:24:33Z,470000000,Актобе,7300284,Transcend TS4TSJ25H3P 4000 Гб,price,138212,138210
2026-08-16T01:24:33Z,470000000,Актобе,110151201,Canon EOS R6 Mark II Kit RF 24-105mm F/4-7.1 IS STM черный,price,1079401,1079143
2026-08-16T01:24:33Z,470000000,Актобе,141530632,Xiaomi Smart Band 10 черный,price,21915,21909
2026-08-16T01:24:33Z,470000000,Актобе,119596967,EPOMAKER x AULA F75 черный,price,21342,21334
2026-08-16T01:24:33Z,470000000,Актобе,139895845,Roborock F25 - ACE черный,price,199610,199586
2026-08-16T01:24:33Z,470000000,Актобе,146792191,Midea MD200H90WB/T-C серый,price,266286,266202
2026-08-16T01:24:33Z,470000000,Актобе,140332176,Garmin Forerunner 970 47 мм бежевый-фиолетовый,price,457993,457924
2026-08-16T01:24:33Z,470000000,Актобе,122963224,Garmin Fenix 8 43 мм белый-белый,price,544717,544488
2026-08-16T01:24:33Z,470000000,Актобе,106042325,Микрофон Fifine A6V черный,price,18699,18693
2026-08-16T01:24:33Z,470000000,Актобе,115178468,POCKET BOOK PB629-M-CIS 6 дюйм 8 Гб серый,price,87630,87674
2026-08-16T01:24:33Z,470000000,Актобе,145820693,Roborock S8 Pro RRA0TAL белый,price,114616,114592
2026-08-16T01:24:33Z,470000000,Актобе,132855201,AULA F75 Side-Printed розовый,price,21465,21457
2026-08-16T01:24:33Z,470000000,Актобе,110057315,70mai зарядное устройство для видеорегистратора Midrive UP03 USB Type-C черный,price,8350,8344
2026-08-16T01:24:33Z,470000000,Актобе,133974886,Garmin Instinct E 45 мм серый,price,186928,186988
2026-08-16T01:24:33Z,470000000,Актобе,113029065,Garmin VENU 3S 41 мм розовый-розовый,price,293907,293987
2026-08-16T01:24:33Z,470000000,Актобе,103627190,Canon RF 16mm f/2.8 STM,price,129151,129113
2026-08-16T01:24:33Z,470000000,Актобе,150110690,Sen Sulu blush stick румяна 03 frosted bllom,price,8862,8856
2026-08-16T01:24:33Z,470000000,Актобе,131472887,Портативная колонка Soundcore Select 4 Go фиолетовый,price,13261,13259
2026-08-16T01:24:33Z,470000000,Актобе,101392231,Wi-Fi точка доступа TP-LINK Deco X20 белый,price,79922,79920
2026-08-16T01:24:33Z,470000000,Актобе,145620660,TECNO SPARK 40C 8 ГБ/128 ГБ серый,price,74853,74815
2026-08-16T01:24:33Z,470000000,Актобе,123942422,Canon RF 35mm f/1.4 L VCM,price,737328,737274
2026-08-16T01:24:33Z,470000000,Актобе,145978939,Внешний аккумулятор Xiaomi Super Slim Magnetic Power Bank 5000 мАч 22.5 Вт WPB0507S фиолетовый,price,18874,18870
2026-08-16T01:24:33Z,470000000,Актобе,120263286,Bambu Lab PLA Matte 1.75 мм 1 кг черный,price,8936,8930
2026-08-16T01:24:33Z,470000000,Актобе,145978921,Внешний аккумулятор Xiaomi Super Slim Magnetic Power Bank 5000 мАч 22.5 Вт WPB0507S золотистый,price,18876,18872
2026-08-16T01:24:33Z,470000000,Актобе,147392127,Внешний аккумулятор Xiaomi Super Slim Magnetic WPB0507S (BHR08PMGL) 5000 мАч 22.5 Вт черный,price,18865,18857
2026-08-16T01:24:33Z,470000000,Актобе,129319883,Garmin Lily 2 Active 38 мм серебристый-фиолетовый,price,218931,218988
2026-08-16T01:24:33Z,470000000,Актобе,101513764,"Бассейн каркасный Bestway 5612B, 640x274x132 см",price,368699,324456
2026-08-16T01:24:33Z,470000000,Актобе,101513764,"Бассейн каркасный Bestway 5612B, 640x274x132 см",discount,0,15
2026-08-16T01:24:33Z,470000000,Актобе,103492220,"Бассейн каркасный Bestway 56714, 427x250x100 см",price,144659,144653
2026-08-16T01:24:33Z,470000000,Актобе,116631467,"Бассейн каркасный Bestway 561FY, 396x396x107 см",price,116320,116312
2026-08-16T01:24:33Z,470000000,Актобе,100091043,"Бассейн надувной Bestway Аквариум 53052, 239x206x26 см",price,21090,21150
2026-08-16T01:24:33Z,470000000,Актобе,163444184,Huawei nova 15 Pro 12 ГБ/512 ГБ белый,price,284870,284864
2026-08-16T01:24:33Z,470000000,Актобе,163444356,Huawei nova 15 12 ГБ/512 ГБ белый,price,199864,199858
2026-08-16T01:24:33Z,470000000,Актобе,167232229,Huawei Watch Fit 5 43 мм серебристый--белый,price,80088,79888
2026-08-16T01:24:33Z,470000000,Актобе,15400145,"Бассейн каркасный Bestway Steel Pro Max 56420, 366x122 см",price,134611,134510
2026-08-16T01:24:33Z,470000000,Актобе,118273472,Аэрогриль Xiaomi Smart Air Fryer BHR7357EU 6.5 л черный,price,47894,47888
2026-08-16T01:24:33Z,470000000,Актобе,115287903,DREAME H12 Pro Plus CN черный,price,119406,119337
2026-08-16T01:24:33Z,470000000,Актобе,130251646,Наушники REDMI Buds 6 Play синий,price,6755,6749
2026-08-16T01:24:33Z,470000000,Актобе,148148261,TCL 55P8K 140 см черный,price,329988,325151
2026-08-16T01:24:33Z,470000000,Актобе,145557956,TECNO SPARK 40C 8 ГБ/256 ГБ черный,price,84056,84008
2026-08-16T01:24:33Z,470000000,Актобе,132593287,"DREAME H30 Ultra Mix черный, серый",price,162692,162674
2026-08-16T01:24:33Z,470000000,Актобе,137684212,DREAME H30 ULTRA MIX CE серый,price,162695,162684
2026-08-16T01:24:33Z,470000000,Актобе,102158689,Микрофон Fifine T669 черный,price,21626,21590
2026-08-16T01:24:33Z,470000000,Актобе,118273499,Аэрогриль Xiaomi Smart Air Fryer BHR7358EU 6.5 л белый,price,47231,47207
2026-08-16T01:24:33Z,470000000,Актобе,143119833,Midea FSC-900DX стальной,price,227908,227902
2026-08-16T01:24:33Z,470000000,Актобе,145978945,Внешний аккумулятор Xiaomi Super Slim Magnetic Power Bank 5000 мАч 22.5 Вт WPB0507S черный,price,18865,18857
2026-08-16T01:24:33Z,470000000,Актобе,102211273,Midea MH 60P 205 X серебристый,price,33547,33527
2026-08-16T01:24:33Z,470000000,Актобе,148240615,Huawei WATCH GT 6 Pro 46 мм черный-черный,price,163287,163087
2026-08-16T01:24:33Z,470000000,Актобе,148462479,TCL 32S5K 81 см черный,price,119898,119886
2026-08-16T01:24:33Z,470000000,Актобе,123621889,Midea MFK03D105B/S-C серый,price,275159,275125
2026-08-16T01:24:33Z,470000000,Актобе,110349310,Canon EOS R50 Kit 18-45mm f4.5-6.3 IS STM черный,price,329398,329370
2026-08-16T01:24:33Z,470000000,Актобе,115633970,Canon LIDE 300 2995C010 черный,price,50843,50841
2026-08-16T01:24:33Z,470000000,Актобе,122142480,Huawei MatePad SE Wi-Fi 11 дюйм 8 Гб/128 Гб серый,price,107288,118587
2026-08-16T01:24:33Z,470000000,Актобе,122142480,Huawei MatePad SE Wi-Fi 11 дюйм 8 Гб/128 Гб серый,discount,17,0
2026-08-16T01:24:33Z,470000000,Актобе,1500075,Принтер Canon i-SENSYS LBP6030B,price,85593,85587
2026-08-16T01:24:33Z,470000000,Актобе,141746219,Xiaomi Robot Vacuum S40C Е101CDZ белый,price,84862,84856
2026-08-16T01:24:33Z,470000000,Актобе,154255448,"Xiaomi камера видеонаблюдения MJSXJ27CM, 8MP, расширение 3840x2160",price,28168,28164
2026-08-16T01:24:33Z,470000000,Актобе,148148221,TCL 50V6C 127 см черный,price,219742,219730
2026-08-16T01:24:33Z,470000000,Актобе,137060417,AULA F75 MAX черный,price,27390,27380
2026-08-16T01:24:33Z,470000000,Актобе,101149860,Canon EOS RP RF 24-105 F4-7.1 IS STM,price,545162,544967
2026-08-16T01:24:33Z,470000000,Актобе,154027559,"Xiaomi камера видеонаблюдения C201 MBC27, 2MP, расширение 1920x1080",price,13166,13162
2026-08-16T01:24:33Z,470000000,Актобе,112245834,Canon EOS R8 Body черный,price,602372,601971
2026-08-16T01:24:33Z,470000000,Актобе,147987810,Huawei WATCH GT 6 41 мм золотистый-белый,price,105288,105088
2026-08-16T01:24:33Z,470000000,Актобе,166975826,HONOR 600 Pro 12 ГБ/512 ГБ черный,price,548688,548676
2026-08-16T01:24:33Z,470000000,Актобе,112301355,МФУ Canon MAXIFY GX3040,price,123849,123842
2026-08-16T01:24:33Z,470000000,Актобе,103313279,Очиститель воздуха SmartMi Smartmi Air Purifier P1 серый,price,55106,55082
2026-08-16T01:24:33Z,470000000,Актобе,147986879,Huawei WATCH GT 6 41 мм золотистый-золотистый,price,115088,114890
2026-08-16T01:24:33Z,470000000,Актобе,147986879,Huawei WATCH GT 6 41 мм золотистый-золотистый,discount,11,12
2026-08-16T01:24:33Z,470000000,Актобе,151096402,Garmin Fenix 8 Pro 47 мм черный,price,653684,653653
2026-08-16T01:24:33Z,470000000,Актобе,140332288,Garmin Forerunner 970 47 мм черный,price,449087,449056
2026-08-16T01:24:33Z,470000000,Актобе,138584959,Garmin Vivoactive 6 42 мм бежевый,price,205988,205998
2026-08-16T01:24:33Z,470000000,Актобе,139307969,Кофемашина Xiaomi Semi-Automatic Espresso Machine серебристый,price,61254,61248
2026-08-16T01:24:33Z,470000000,Актобе,120554885,Xiaomi Robot Vacuum S20+ белый,price,131002,131000
2026-08-16T01:24:33Z,470000000,Актобе,149031743,ZTE Nubia RedMagic Astra 9.06 дюйм 24 Гб/1024 Гб черный,price,569874,569868
2026-08-16T01:24:33Z,470000000,Актобе,109310071,Garmin Forerunner 265S 42 мм белый-белый,price,275067,275055
2026-08-16T01:24:33Z,470000000,Актобе,134108182,Портативная колонка Soundcore Select 4 Go черный,price,13257,13255
2026-08-16T01:24:33Z,470000000,Актобе,113029701,Garmin VENU 3S белый,price,278639,278620
2026-08-16T01:24:33Z,470000000,Актобе,118179738,Canon EOS R50 RF-S 15-45 IS STM черный,price,329398,329370
2026-08-16T01:24:33Z,470000000,Актобе,138585258,Garmin Vivoactive 6 42 мм черный,price,199473,199470
2026-08-16T01:24:33Z,470000000,Актобе,114761211,Fifine SC3,price,25317,25309
2026-08-16T01:24:33Z,470000000,Актобе,112972977,Видеорегистратор 70mai A810 черный,price,99939,99933
2026-08-16T01:24:33Z,470000000,Актобе,153277705,TCL 75V6C 191 см черный,price,422832,422826
2026-08-16T01:24:33Z,470000000,Актобе,122963617,Garmin Fenix 8 47 мм черный,price,605358,605197
2026-08-16T01:24:33Z,470000000,Актобе,142719480,"27"" Xiaomi 4K Monitor 27 A27Ui-EU P27UCB-RAGL черный",price,144906,144898
2026-08-16T01:24:33Z,470000000,Актобе,7300020,Transcend TS1TSJ25H3P 1000 Гб,price,63122,63119
2026-08-16T01:24:33Z,470000000,Актобе,163510365,HONOR 600 Lite 8 ГБ/256 ГБ черный,price,209589,209520
2026-08-16T01:24:33Z,470000000,Актобе,122966507,Garmin Fenix 8 51 мм черно-серый,price,652875,652714
2026-08-16T01:24:33Z,470000000,Актобе,143300737,Наушники MOONDROP Rays фиолетовый,price,47227,47221
2026-08-16T01:24:33Z,470000000,Актобе,151096352,Garmin Fenix 8 Pro 51 мм серебристый-серый,price,731202,731186
2026-08-16T01:24:33Z,470000000,Актобе,109310183,Garmin Forerunner 265S 42 мм черный-черный,price,268746,268679
2026-08-16T01:24:33Z,470000000,Актобе,122962879,Garmin Fenix 8 51 мм черный,price,607269,607124
2026-08-16T01:24:33Z,470000000,Актобе,109351561,Garmin Forerunner 965 белый,price,373575,373569
2026-08-16T01:24:33Z,470000000,Актобе,106852140,Garmin MARQ Golfer Gen 2 серебристый-зеленый-зеленый,price,1410548,1410407
2026-08-16T01:24:33Z,470000000,Актобе,143300811,Наушники MOONDROP Aria 2 красный,price,49570,49564
2026-08-16T01:24:33Z,470000000,Актобе,154805003,Realme GT 8 Pro 16 ГБ/512 ГБ синий,price,599956,599952
2026-08-16T01:24:33Z,470000000,Актобе,120134606,AULA F75 Side-Printed голубой,price,22530,22522
2026-08-16T01:24:33Z,470000000,Актобе,128745315,Midea MF200W90WB/T-C серый,price,220855,220823
2026-08-16T01:24:33Z,470000000,Актобе,109719960,Transcend TS250GESD260C 250 ГБ,price,41719,41713
2026-08-16T01:24:33Z,470000000,Актобе,140332233,Garmin Forerunner 970 47 мм белый-зеленый,price,455268,455193
2026-08-16T01:24:33Z,470000000,Актобе,148005901,Huawei WATCH GT 6 46 мм серебристый-зеленый,price,94374,94368
2026-08-16T01:24:33Z,470000000,Актобе,139561340,AULA HERO 68 HE белый,price,20661,20651
2026-08-16T01:24:33Z,470000000,Актобе,139955883,Huawei WATCH FIT 4 Pro 44 мм серебристый-зеленый,price,74736,74730
2026-08-16T01:24:33Z,470000000,Актобе,109731154,Canon EOS R7 Body черный,price,611175,611043
2026-08-16T01:24:33Z,470000000,Актобе,120935104,Dream H12 Pro PLUS черный,price,119408,119354
2026-08-16T01:24:33Z,470000000,Актобе,131430159,Наушники Soundcore Liberty 4 PRO черный,price,66360,66354
2026-08-16T01:24:33Z,470000000,Актобе,142884485,Garmin VENU X1 46 мм черный-черный,price,463244,462959
2026-08-16T01:24:33Z,470000000,Актобе,145820746,Roborock S8 Pro RRA0TAL черный,price,114606,114582
2026-08-16T01:24:33Z,470000000,Актобе,145451616,"Dreame H30 Ultra Mix черный, серый",price,162695,162684
2026-08-16T01:24:33Z,470000000,Актобе,137352961,AULA F75 Black Contour черный,price,23085,23077
2026-08-16T01:24:33Z,470000000,Актобе,134108074,Наушники Soundcore Liberty 4 PRO белый,price,59665,59648
2026-08-16T01:24:33Z,470000000,Актобе,133975075,Garmin Instinct 3 Solar 45 мм черный,price,249825,249985
2026-08-16T01:24:33Z,470000000,Актобе,156555269,Garmin Instinct 3 AMOLED 50 мм черный-синий,price,312928,312988
2026-08-16T01:24:33Z,470000000,Актобе,169144934,Roborock S9+ белый,price,184654,184630
2026-08-16T01:24:33Z,470000000,Актобе,169114829,Roborock S9+ черный,price,184654,184630
2026-08-16T01:24:33Z,470000000,Актобе,124278317,Garmin Fenix 8 Solar 47 мм черный,price,605218,605006
2026-08-16T01:24:33Z,470000000,Актобе,131472928,Портативная колонка Soundcore Boom 2 Plus синий,price,116347,116323
2026-08-16T01:24:33Z,470000000,Актобе,148348291,Canon EOS R50 + RF-S 18-45 mm IS STM,price,329398,329370
2026-08-16T01:24:33Z,470000000,Актобе,169114918,Roborock S9 черный,price,140654,140630
2026-08-16T01:24:33Z,470000000,Актобе,145557809,TECNO SPARK 40C 8 ГБ/256 ГБ белый,price,83043,83037
2026-08-16T01:24:33Z,470000000,Актобе,7300141,Transcend TS1TSJ25H3B 1000 Гб,price,62032,62020
2026-08-16T01:24:33Z,470000000,Актобе,141530670,Xiaomi Smart Band 10 серебристый,price,21915,21909
2026-08-16T01:24:33Z,470000000,Актобе,148148023,TCL 43V6C 109 см черный,price,179988,179976
2026-08-16T01:24:33Z,470000000,Актобе,165935475,ATK Dragonfly A9 Air белый,price,34467,34461
2026-08-16T01:24:33Z,470000000,Актобе,143973797,TECNO SPARK 40C 8 ГБ/128 ГБ белый,price,74718,74672
2026-08-16T01:24:33Z,470000000,Актобе,109310228,Garmin Forerunner 265S 42 мм розовый-розовый,price,281886,281986
2026-08-16T01:24:33Z,470000000,Актобе,130022770,Canon CANOSCAN LIDE 300 черный,price,50843,50841
2026-08-16T01:24:33Z,470000000,Актобе,116193383,Garmin Lily 2 Classic 25 мм серебристый-бежевый-бежевый,price,218928,218988
2026-08-16T01:24:33Z,470000000,Актобе,100305103,"Бассейн каркасный Bestway 56082/56424, 400x211x81 см",price,58769,58727
2026-08-16T01:24:33Z,470000000,Актобе,167230393,Наушники Huawei FreeBuds Pro 5 темно-серый,price,79186,79178
2026-08-16T01:24:33Z,470000000,Актобе,110723747,Canon RF 100-400mm f/5.6-8 IS USM,price,390485,390312
2026-08-16T01:24:33Z,470000000,Актобе,116535193,МФУ Canon I-Sensys MF465dw 5951C007AA,price,224748,224745
2026-08-16T01:24:33Z,470000000,Актобе,141046478,Canon EOS R50 + RF-S 18-45 mm IS STM 5811C036,price,329391,329374
2026-08-16T01:24:33Z,470000000,Актобе,109731162,Canon EOS R10 kit RF-S 18–150mm f/3.5–6.3 IS STM,price,591308,591112
2026-08-16T01:24:33Z,470000000,Актобе,113556362,Canon EOS R50 RF-S 18-45 + Kit 55-210 mm,price,574173,574159
2026-08-16T01:24:33Z,470000000,Актобе,143300800,Наушники MOONDROP Aria 2 серебристый,price,48390,48384
2026-08-16T01:24:33Z,470000000,Актобе,132979867,AULA AU75 черный,price,22115,22107
2026-08-16T01:24:33Z,470000000,Актобе,129064979,Canon EOS R100 + RF-S 18-45mm + RF-S 55-210mm,price,455493,455484
2026-08-16T01:24:33Z,470000000,Актобе,113028541,Garmin VENU 3 45 мм белый-белый,price,292988,293048
2026-08-16T01:24:33Z,470000000,Актобе,116788713,Transcend TS1TESD410C 1000 Гб,price,183774,183770
2026-08-16T01:24:33Z,470000000,Актобе,163444484,Huawei nova 15 12 ГБ/256 ГБ белый,price,199864,199858
2026-08-16T01:24:33Z,470000000,Актобе,138584777,Garmin Vivoactive 6 42 мм зеленый,price,206455,206453
2026-08-16T01:24:33Z,470000000,Актобе,15400127,"Бассейн каркасный Bestway Steel Pro Frame 56424, 400x211x81 см",price,58769,58727
2026-08-16T01:24:33Z,470000000,Актобе,110648816,Philips BHS752/00 утюжок 25 мм,price,61934,61997
2026-08-16T01:24:33Z,470000000,Актобе,106851929,Garmin MARQ Aviator Gen 2 серебристый,price,1476668,1476646
2026-08-16T01:24:33Z,470000000,Актобе,114801730,Canon RF 24mm f/1.8 Macro IS STM,price,272652,272626
2026-08-16T01:24:33Z,470000000,Актобе,169077113,Roborock S9 белый,price,140654,140630
2026-08-16T01:24:33Z,470000000,Актобе,163483165,Наушники Soundcore Sleep A30 Green зеленый,price,85391,85387
2026-08-16T01:24:33Z,470000000,Актобе,141885718,Garmin Instinct 3 Solar Tactical 45 мм черный,price,289928,289988
2026-08-16T01:24:33Z,470000000,Актобе,128243261,Система подачи материалов Bambu Lab Ams lite,price,132707,132701
2026-08-16T01:24:33Z,470000000,Актобе,163414583,AULA F75 розовый,price,23507,23497
2026-08-16T01:24:33Z,470000000,Актобе,116193133,Garmin Lily 2 Classic 25 мм бордовый-бордовый,price,218928,218988
2026-08-16T01:24:33Z,470000000,Актобе,137761682,AULA SC380 PRO белый,price,11293,11285
2026-08-16T01:24:33Z,470000000,Актобе,171178069,Roborock Saros 20 черный,price,699654,699630
2026-08-16T01:24:33Z,470000000,Актобе,114176446,POCKET BOOK PB634-3-CIS 6 дюйм 1 Гб красный,price,105596,105590
2026-08-16T01:24:33Z,470000000,Актобе,108430983,Canon EOS R7 Kit 18-150mm черный,price,809539,809375
2026-08-16T01:24:33Z,470000000,Актобе,122265923,Canon EOS R5 Mark II body,price,1728922,1728530
2026-08-16T01:24:33Z,470000000,Актобе,146975796,AULA HERO 68 HE Frosted белый,price,27242,27234
2026-08-16T01:24:33Z,470000000,Актобе,137761585,AULA SC380 PRO черный,price,11112,11102
2026-08-16T01:24:33Z,470000000,Актобе,114460686,Garmin MARQ Golfer Gen 2 Carbon Edition черный,price,1756195,1756184
2026-08-16T01:24:33Z,470000000,Актобе,140932721,Midea MID60S350i-C серый,price,221480,221478
2026-08-16T01:24:33Z,470000000,Актобе,105544265,Canon RF 70-200mm f/4L IS USM,price,813203,813047
2026-08-16T01:24:33Z,470000000,Актобе,101018992,"Бассейн каркасный Bestway Power Steel 56465, 549x274x122 см",price,267794,267788
2026-08-16T01:24:33Z,470000000,Актобе,112921022,МФУ Canon imageRUNNER 2224 5942C001,price,608796,608790
2026-08-16T03:01:35Z,750000000,Алматы,108430990,Canon EOS R6 Mark II Body черный,price,814319,813702
2026-08-16T03:01:35Z,750000000,Алматы,129065160,Наушники REDMI Buds 6 Play розовый,price,6761,6758
2026-08-16T03:01:35Z,750000000,Алматы,147374082,HONOR X9d 12 ГБ/256 ГБ черный,price,237918,237912
2026-08-16T03:01:35Z,750000000,Алматы,134328061,"Видеорегистратор 70mai M310 черный, серый",price,28563,28560
2026-08-16T03:01:35Z,750000000,Алматы,106042231,Наушники Fifine H6 черный,price,20000,19997
2026-08-16T03:01:35Z,750000000,Алматы,106795757,Canon EOS R10 kit 18-45mm IS STM,price,462208,462018
2026-08-16T03:01:35Z,750000000,Алматы,115034062,МФУ Canon i-SENSYS MF275dw,price,185899,185875
2026-08-16T03:01:35Z,750000000,Алматы,110151201,Canon EOS R6 Mark II Kit RF 24-105mm F/4-7.1 IS STM черный,price,1079149,1078981
2026-08-16T03:01:35Z,750000000,Алматы,141530632,Xiaomi Smart Band 10 черный,price,21909,21906
2026-08-16T03:01:35Z,750000000,Алматы,119596967,EPOMAKER x AULA F75 черный,price,21334,21330
2026-08-16T03:01:35Z,750000000,Алматы,139895845,Roborock F25 - ACE черный,price,199586,199574
2026-08-16T03:01:35Z,750000000,Алматы,146792191,Midea MD200H90WB/T-C серый,price,266202,266152
2026-08-16T03:01:35Z,750000000,Алматы,140332176,Garmin Forerunner 970 47 мм бежевый-фиолетовый,price,457924,457884
2026-08-16T03:01:35Z,750000000,Алматы,122963224,Garmin Fenix 8 43 мм белый-белый,price,544503,544355
2026-08-16T03:01:35Z,750000000,Алматы,106042325,Микрофон Fifine A6V черный,price,18693,18690
2026-08-16T03:01:35Z,750000000,Алматы,115178468,POCKET BOOK PB629-M-CIS 6 дюйм 8 Гб серый,price,87674,87670
2026-08-16T03:01:35Z,750000000,Алматы,145820693,Roborock S8 Pro RRA0TAL белый,price,114592,114580
2026-08-16T03:01:35Z,750000000,Алматы,132855201,AULA F75 Side-Printed розовый,price,21457,21453
2026-08-16T03:01:35Z,750000000,Алматы,110057315,70mai зарядное устройство для видеорегистратора Midrive UP03 USB Type-C черный,price,8344,8341
2026-08-16T03:01:35Z,750000000,Алматы,133974886,Garmin Instinct E 45 мм серый,price,186988,186985
2026-08-16T03:01:35Z,750000000,Алматы,113029065,Garmin VENU 3S 41 мм розовый-розовый,price,293987,293983
2026-08-16T03:01:35Z,750000000,Алматы,103627190,Canon RF 16mm f/2.8 STM,price,129113,129094
2026-08-16T03:01:35Z,750000000,Алматы,150110690,Sen Sulu blush stick румяна 03 frosted bllom,price,8856,8853
2026-08-16T03:01:35Z,750000000,Алматы,145620660,TECNO SPARK 40C 8 ГБ/128 ГБ серый,price,74815,74800
2026-08-16T03:01:35Z,750000000,Алматы,123942422,Canon RF 35mm f/1.4 L VCM,price,737274,737224
2026-08-16T03:01:35Z,750000000,Алматы,141005445,AULA SC620 черный,price,11275,11994
2026-08-16T03:01:35Z,750000000,Алматы,148341196,Huawei nova 14 Pro 12 ГБ/512 ГБ розовый,price,244141,244129
2026-08-16T03:01:35Z,750000000,Алматы,120263286,Bambu Lab PLA Matte 1.75 мм 1 кг черный,price,8930,8927
2026-08-16T03:01:35Z,750000000,Алматы,147392127,Внешний аккумулятор Xiaomi Super Slim Magnetic WPB0507S (BHR08PMGL) 5000 мАч 22.5 Вт черный,price,18857,18853
2026-08-16T03:01:35Z,750000000,Алматы,129319883,Garmin Lily 2 Active 38 мм серебристый-фиолетовый,price,218988,218985
2026-08-16T03:01:35Z,750000000,Алматы,103492220,"Бассейн каркасный Bestway 56714, 427x250x100 см",price,144653,144650
2026-08-16T03:01:35Z,750000000,Алматы,116631467,"Бассейн каркасный Bestway 561FY, 396x396x107 см",price,116312,116308
2026-08-16T03:01:35Z,750000000,Алматы,100091043,"Бассейн надувной Bestway Аквариум 53052, 239x206x26 см",price,21150,21146
2026-08-16T03:01:35Z,750000000,Алматы,163444184,Huawei nova 15 Pro 12 ГБ/512 ГБ белый,price,284864,284861
2026-08-16T03:01:35Z,750000000,Алматы,163444356,Huawei nova 15 12 ГБ/512 ГБ белый,price,199858,199888
2026-08-16T03:01:35Z,750000000,Алматы,100305103,"Бассейн каркасный Bestway 56082/56424, 400x211x81 см",price,58727,58706
2026-08-16T03:01:35Z,750000000,Алматы,167232188,Huawei Watch Fit 5 43 мм черный,price,80088,79888
2026-08-16T03:01:35Z,750000000,Алматы,122237981,1WIN Магний + Витамин В6 для нервной системы капсулы 240 шт,price,3324,3321
2026-08-16T03:01:35Z,750000000,Алматы,15400145,"Бассейн каркасный Bestway Steel Pro Max 56420, 366x122 см",price,134510,134462
2026-08-16T03:01:35Z,750000000,Алматы,118273472,Аэрогриль Xiaomi Smart Air Fryer BHR7357EU 6.5 л черный,price,47888,47885
2026-08-16T03:01:35Z,750000000,Алматы,115287903,DREAME H12 Pro Plus CN черный,price,119352,119255
2026-08-16T03:01:35Z,750000000,Алматы,130251646,Наушники REDMI Buds 6 Play синий,price,6749,6746
2026-08-16T03:01:35Z,750000000,Алматы,151176828,TCL 65V6C 165 см черный,price,318386,317883
2026-08-16T03:01:35Z,750000000,Алматы,151176828,TCL 65V6C 165 см черный,discount,13,14
2026-08-16T03:01:35Z,750000000,Алматы,145557956,TECNO SPARK 40C 8 ГБ/256 ГБ черный,price,84008,83987
2026-08-16T03:01:35Z,750000000,Алматы,145557956,TECNO SPARK 40C 8 ГБ/256 ГБ черный,discount,18,19
2026-08-16T03:01:35Z,750000000,Алматы,132593287,"DREAME H30 Ultra Mix черный, серый",price,162681,162678
2026-08-16T03:01:35Z,750000000,Алматы,108894867,Аккумулятор AA Camelion 4 шт,discount,0,5
2026-08-16T03:01:35Z,750000000,Алматы,123910502,Наушники Xiaomi Type-C Earphones M2413E1 белый,price,2538,2534
2026-08-16T03:01:35Z,750000000,Алматы,137684212,DREAME H30 ULTRA MIX CE серый,price,162684,162673
2026-08-16T03:01:35Z,750000000,Алматы,102158689,Микрофон Fifine T669 черный,price,21590,21573
2026-08-16T03:01:35Z,750000000,Алматы,153376171,Bambu Lab PLA Basic 1.75 мм 1 кг красный,price,8706,8703
2026-08-16T03:01:35Z,750000000,Алматы,118273499,Аэрогриль Xiaomi Smart Air Fryer BHR7358EU 6.5 л белый,price,47207,47196
2026-08-16T03:01:35Z,750000000,Алматы,143119833,Midea FSC-900DX стальной,price,227902,227899
2026-08-16T03:01:35Z,750000000,Алматы,145978945,Внешний аккумулятор Xiaomi Super Slim Magnetic Power Bank 5000 мАч 22.5 Вт WPB0507S черный,price,18857,18853
2026-08-16T03:01:35Z,750000000,Алматы,102211273,Midea MH 60P 205 X серебристый,price,33527,33517
2026-08-16T03:01:35Z,750000000,Алматы,148462479,TCL 32S5K 81 см черный,price,119886,119895
2026-08-16T03:01:35Z,750000000,Алматы,123621889,Midea MFK03D105B/S-C серый,price,275125,275108
2026-08-16T03:01:35Z,750000000,Алматы,110349310,Canon EOS R50 Kit 18-45mm f4.5-6.3 IS STM черный,price,329370,329347
2026-08-16T03:01:35Z,750000000,Алматы,115633970,Canon LIDE 300 2995C010 черный,price,50841,50829
2026-08-16T03:01:35Z,750000000,Алматы,122142480,Huawei MatePad SE Wi-Fi 11 дюйм 8 Гб/128 Гб серый,price,118590,118558
2026-08-16T03:01:35Z,750000000,Алматы,1500075,Принтер Canon i-SENSYS LBP6030B,price,85587,85584
2026-08-16T03:01:35Z,750000000,Алматы,15300377,Transcend TS128GSDC300S 128 Gb,price,21610,21607
2026-08-16T03:01:35Z,750000000,Алматы,141746219,Xiaomi Robot Vacuum S40C Е101CDZ белый,price,84856,84853
2026-08-16T03:01:35Z,750000000,Алматы,144488883,Midea MCI-631LB2 черный,price,79560,79548
2026-08-16T03:01:35Z,750000000,Алматы,145553631,Xiaomi Robot Vacuum 5 Pro EU OV21GL белый,price,326089,326077
2026-08-16T03:01:35Z,750000000,Алматы,152842877,Видеорегистратор 70mai A410 черный,price,46276,46274
2026-08-16T03:01:35Z,750000000,Алматы,148148221,TCL 50V6C 127 см черный,price,219730,219724
2026-08-16T03:01:35Z,750000000,Алматы,137060417,AULA F75 MAX черный,price,27380,27375
2026-08-16T03:01:35Z,750000000,Алматы,101149860,Canon EOS RP RF 24-105 F4-7.1 IS STM,price,545002,544843
2026-08-16T03:01:35Z,750000000,Алматы,113404917,POCKET BOOK InkPad 4 7.8 дюйм 32 Гб серебристый,price,164704,164701
2026-08-16T03:01:35Z,750000000,Алматы,112245834,Canon EOS R8 Body черный,price,601971,601788
2026-08-16T03:01:35Z,750000000,Алматы,147987810,Huawei WATCH GT 6 41 мм золотистый-белый,price,105088,104888
2026-08-16T03:01:35Z,750000000,Алматы,166975826,HONOR 600 Pro 12 ГБ/512 ГБ черный,price,548676,548670
2026-08-16T03:01:35Z,750000000,Алматы,112301355,МФУ Canon MAXIFY GX3040,price,123842,123837
2026-08-16T03:01:35Z,750000000,Алматы,103313279,Очиститель воздуха SmartMi Smartmi Air Purifier P1 серый,price,55082,55070
2026-08-16T03:01:35Z,750000000,Алматы,151096402,Garmin Fenix 8 Pro 47 мм черный,price,653653,653638
2026-08-16T03:01:35Z,750000000,Алматы,140332288,Garmin Forerunner 970 47 мм черный,price,449056,449030
2026-08-16T03:01:35Z,750000000,Алматы,138584959,Garmin Vivoactive 6 42 мм бежевый,price,205998,205995
2026-08-16T03:01:35Z,750000000,Алматы,149031743,ZTE Nubia RedMagic Astra 9.06 дюйм 24 Гб/1024 Гб черный,price,569868,569865
2026-08-16T03:01:35Z,750000000,Алматы,138585258,Garmin Vivoactive 6 42 мм черный,price,199470,199466
2026-08-16T03:01:35Z,750000000,Алматы,109310071,Garmin Forerunner 265S 42 мм белый-белый,price,275055,275045
2026-08-16T03:01:35Z,750000000,Алматы,113029701,Garmin VENU 3S белый,price,278620,278605
2026-08-16T03:01:35Z,750000000,Алматы,118179738,Canon EOS R50 RF-S 15-45 IS STM черный,price,329370,329347
2026-08-16T03:01:35Z,750000000,Алматы,114761211,Fifine SC3,price,25309,25305
2026-08-16T03:01:35Z,750000000,Алматы,112972977,Видеорегистратор 70mai A810 черный,price,99933,99930
2026-08-16T03:01:35Z,750000000,Алматы,153277705,TCL 75V6C 191 см черный,price,422826,422823
2026-08-16T03:01:35Z,750000000,Алматы,122963617,Garmin Fenix 8 47 мм черный,price,605204,605107
2026-08-16T03:01:35Z,750000000,Алматы,142719480,"27"" Xiaomi 4K Monitor 27 A27Ui-EU P27UCB-RAGL черный",price,144898,144894
2026-08-16T03:01:35Z,750000000,Алматы,140597312,Midea MDWF-6029СLS серый,price,224578,224566
2026-08-16T03:01:35Z,750000000,Алматы,7300020,Transcend TS1TSJ25H3P 1000 Гб,price,63119,63116
2026-08-16T03:01:35Z,750000000,Алматы,163510365,HONOR 600 Lite 8 ГБ/256 ГБ черный,price,209520,209483
2026-08-16T03:01:35Z,750000000,Алматы,122966507,Garmin Fenix 8 51 мм черно-серый,price,652714,652643
2026-08-16T03:01:35Z,750000000,Алматы,143300737,Наушники MOONDROP Rays фиолетовый,price,47221,47218
2026-08-16T03:01:35Z,750000000,Алматы,151096352,Garmin Fenix 8 Pro 51 мм серебристый-серый,price,731186,731178
2026-08-16T03:01:35Z,750000000,Алматы,106852140,Garmin MARQ Golfer Gen 2 серебристый-зеленый-зеленый,price,1410424,1410343
2026-08-16T03:01:35Z,750000000,Алматы,154019790,"Xiaomi камера видеонаблюдения CW100, 3MP, расширение 2304x1296",price,26914,26910
2026-08-16T03:01:35Z,750000000,Алматы,109310183,Garmin Forerunner 265S 42 мм черный-черный,price,268679,268642
2026-08-16T03:01:35Z,750000000,Алматы,101513764,"Бассейн каркасный Bestway 5612B, 640x274x132 см",price,324456,368699
2026-08-16T03:01:35Z,750000000,Алматы,101513764,"Бассейн каркасный Bestway 5612B, 640x274x132 см",discount,15,0
2026-08-16T03:01:35Z,750000000,Алматы,122962879,Garmin Fenix 8 51 мм черный,price,607137,607069
2026-08-16T03:01:35Z,750000000,Алматы,154805003,Realme GT 8 Pro 16 ГБ/512 ГБ синий,price,599952,599950
2026-08-16T03:01:35Z,750000000,Алматы,120134606,AULA F75 Side-Printed голубой,price,22522,22518
2026-08-16T03:01:35Z,750000000,Алматы,128745315,Midea MF200W90WB/T-C серый,price,220823,220807
2026-08-16T03:01:35Z,750000000,Алматы,161563692,"Xiaomi камера видеонаблюдения Smart Camera C302 / MBC28, 3MP, расширение 2304x1296",price,18874,18870
2026-08-16T03:01:35Z,750000000,Алматы,109351561,Garmin Forerunner 965 белый,price,373569,373566
2026-08-16T03:01:35Z,750000000,Алматы,109719960,Transcend TS250GESD260C 250 ГБ,price,41713,41710
2026-08-16T03:01:35Z,750000000,Алматы,140332233,Garmin Forerunner 970 47 мм белый-зеленый,price,455193,455151
2026-08-16T03:01:35Z,750000000,Алматы,148005901,Huawei WATCH GT 6 46 мм серебристый-зеленый,price,94368,94365
2026-08-16T03:01:35Z,750000000,Алматы,154027556,"Xiaomi камера видеонаблюдения C500, 4MP, расширение 32001800",price,25894,25890
2026-08-16T03:01:35Z,750000000,Алматы,139561340,AULA HERO 68 HE белый,price,20651,20646
2026-08-16T03:01:35Z,750000000,Алматы,143300811,Наушники MOONDROP Aria 2 красный,price,49564,49561
2026-08-16T03:01:35Z,750000000,Алматы,145451616,"Dreame H30 Ultra Mix черный, серый",price,162684,162673
2026-08-16T03:01:35Z,750000000,Алматы,109731154,Canon EOS R7 Body черный,price,611043,610981
2026-08-16T03:01:35Z,750000000,Алматы,139955883,Huawei WATCH FIT 4 Pro 44 мм серебристый-зеленый,price,74730,74723
2026-08-16T03:01:35Z,750000000,Алматы,145820746,Roborock S8 Pro RRA0TAL черный,price,114582,114570
2026-08-16T03:01:35Z,750000000,Алматы,131430159,Наушники Soundcore Liberty 4 PRO черный,price,66354,66351
2026-08-16T03:01:35Z,750000000,Алматы,142884485,Garmin VENU X1 46 мм черный-черный,price,462959,462828
2026-08-16T03:01:35Z,750000000,Алматы,120935104,Dream H12 Pro PLUS черный,price,119354,119291
2026-08-16T03:01:35Z,750000000,Алматы,154084045,Bambu Lab PLA Matte 1.75 мм 1 кг темно-синий,price,8458,8998
2026-08-16T03:01:35Z,750000000,Алматы,154084045,Bambu Lab PLA Matte 1.75 мм 1 кг темно-синий,discount,14,0
2026-08-16T03:01:35Z,750000000,Алматы,137352961,AULA F75 Black Contour черный,price,23077,23073
2026-08-16T03:01:35Z,750000000,Алматы,134108074,Наушники Soundcore Liberty 4 PRO белый,price,59648,59638
2026-08-16T03:01:35Z,750000000,Алматы,133975075,Garmin Instinct 3 Solar 45 мм черный,price,249985,249977
2026-08-16T03:01:35Z,750000000,Алматы,116455986,Система подачи материалов Bambu Lab AMS - Automatic Material System,price,148988,141539
2026-08-16T03:01:35Z,750000000,Алматы,116455986,Система подачи материалов Bambu Lab AMS - Automatic Material System,discount,0,11
2026-08-16T03:01:35Z,750000000,Алматы,169114829,Roborock S9+ черный,price,184630,184618
2026-08-16T03:01:35Z,750000000,Алматы,156555269,Garmin Instinct 3 AMOLED 50 мм черный-синий,price,312988,312985
2026-08-16T03:01:35Z,750000000,Алматы,171512267,ONYX BOOX для Go 6 Gen II бежевый,price,10988,10439
2026-08-16T03:01:35Z,750000000,Алматы,171512267,ONYX BOOX для Go 6 Gen II бежевый,discount,22,25
2026-08-16T03:01:35Z,750000000,Алматы,169144934,Roborock S9+ белый,price,184630,184618
2026-08-16T03:01:35Z,750000000,Алматы,124278317,Garmin Fenix 8 Solar 47 мм черный,price,605006,604908
2026-08-16T03:01:35Z,750000000,Алматы,131472928,Портативная колонка Soundcore Boom 2 Plus синий,price,116323,116311
2026-08-16T03:01:35Z,750000000,Алматы,169114918,Roborock S9 черный,price,140630,140618
2026-08-16T03:01:35Z,750000000,Алматы,145557809,TECNO SPARK 40C 8 ГБ/256 ГБ белый,price,83037,83034
2026-08-16T03:01:35Z,750000000,Алматы,7300141,Transcend TS1TSJ25H3B 1000 Гб,price,62020,62010
2026-08-16T03:01:35Z,750000000,Алматы,141530670,Xiaomi Smart Band 10 серебристый,price,21909,21906
2026-08-16T03:01:35Z,750000000,Алматы,148148023,TCL 43V6C 109 см черный,price,179976,179985
2026-08-16T03:01:35Z,750000000,Алматы,165935475,ATK Dragonfly A9 Air белый,price,34461,34458
2026-08-16T03:01:35Z,750000000,Алматы,143973797,TECNO SPARK 40C 8 ГБ/128 ГБ белый,price,74672,74655
2026-08-16T03:01:35Z,750000000,Алматы,109310228,Garmin Forerunner 265S 42 мм розовый-розовый,price,281986,281981
2026-08-16T03:01:35Z,750000000,Алматы,130022770,Canon CANOSCAN LIDE 300 черный,price,50841,50829
2026-08-16T03:01:35Z,750000000,Алматы,114237446,Transcend TS256GUSD340S 256 Гб,price,79912,79907
2026-08-16T03:01:35Z,750000000,Алматы,148348291,Canon EOS R50 + RF-S 18-45 mm IS STM,price,329370,329347
2026-08-16T03:01:35Z,750000000,Алматы,116193383,Garmin Lily 2 Classic 25 мм серебристый-бежевый-бежевый,price,218988,218985
2026-08-16T03:01:35Z,750000000,Алматы,167230393,Наушники Huawei FreeBuds Pro 5 темно-серый,price,79178,78986
2026-08-16T03:01:35Z,750000000,Алматы,110723747,Canon RF 100-400mm f/5.6-8 IS USM,price,390312,390226
2026-08-16T03:01:35Z,750000000,Алматы,110723747,Canon RF 100-400mm f/5.6-8 IS USM,discount,17,18
2026-08-16T03:01:35Z,750000000,Алматы,116535193,МФУ Canon I-Sensys MF465dw 5951C007AA,price,224745,224730
2026-08-16T03:01:35Z,750000000,Алматы,132979867,AULA AU75 черный,price,22107,22103
2026-08-16T03:01:35Z,750000000,Алматы,113556362,Canon EOS R50 RF-S 18-45 + Kit 55-210 mm,price,574159,574149
2026-08-16T03:01:35Z,750000000,Алматы,141046478,Canon EOS R50 + RF-S 18-45 mm IS STM 5811C036,price,329374,329338
2026-08-16T03:01:35Z,750000000,Алматы,109731162,Canon EOS R10 kit RF-S 18–150mm f/3.5–6.3 IS STM,price,591112,591015
2026-08-16T03:01:35Z,750000000,Алматы,129064979,Canon EOS R100 + RF-S 18-45mm + RF-S 55-210mm,price,455484,455481
2026-08-16T03:01:35Z,750000000,Алматы,113028541,Garmin VENU 3 45 мм белый-белый,price,293048,293045
2026-08-16T03:01:35Z,750000000,Алматы,116788713,Transcend TS1TESD410C 1000 Гб,price,183770,183766
2026-08-16T03:01:35Z,750000000,Алматы,143300800,Наушники MOONDROP Aria 2 серебристый,price,48384,48381
2026-08-16T03:01:35Z,750000000,Алматы,138584777,Garmin Vivoactive 6 42 мм зеленый,price,206453,206450
2026-08-16T03:01:35Z,750000000,Алматы,163444484,Huawei nova 15 12 ГБ/256 ГБ белый,price,199858,199888
2026-08-16T03:01:35Z,750000000,Алматы,106851929,Garmin MARQ Aviator Gen 2 серебристый,price,1476645,1476618
2026-08-16T03:01:35Z,750000000,Алматы,15400127,"Бассейн каркасный Bestway Steel Pro Frame 56424, 400x211x81 см",price,58727,58706
2026-08-16T03:01:35Z,750000000,Алматы,110648816,Philips BHS752/00 утюжок 25 мм,price,61997,61994
2026-08-16T03:01:35Z,750000000,Алматы,157683664,Наушники AULA G7 черный,price,12242,12238
2026-08-16T03:01:35Z,750000000,Алматы,114801730,Canon RF 24mm f/1.8 Macro IS STM,price,272626,272610
2026-08-16T03:01:35Z,750000000,Алматы,169077113,Roborock S9 белый,price,140630,140618
2026-08-16T03:01:35Z,750000000,Алматы,143693130,Наушники AULA G7 белый,price,11446,11442
2026-08-16T03:01:35Z,750000000,Алматы,163483165,Наушники Soundcore Sleep A30 Green зеленый,price,85387,85385
2026-08-16T03:01:35Z,750000000,Алматы,141885718,Garmin Instinct 3 Solar Tactical 45 мм черный,price,289988,289985
2026-08-16T03:01:35Z,750000000,Алматы,128243261,Система подачи материалов Bambu Lab Ams lite,price,132701,132698
2026-08-16T03:01:35Z,750000000,Алматы,171178069,Roborock Saros 20 черный,price,699630,699618
2026-08-16T03:01:35Z,750000000,Алматы,116193133,Garmin Lily 2 Classic 25 мм бордовый-бордовый,price,218988,218985
2026-08-16T03:01:35Z,750000000,Алматы,163414583,AULA F75 розовый,price,23497,23492
2026-08-16T03:01:35Z,750000000,Алматы,137761682,AULA SC380 PRO белый,price,11285,11281
2026-08-16T03:01:35Z,750000000,Алматы,150445434,Sapphire PULSE AMD Radeon RX 9070 16 Гб,price,407610,407598
2026-08-16T03:01:35Z,750000000,Алматы,146975796,AULA HERO 68 HE Frosted белый,price,27234,27230
2026-08-16T03:01:35Z,750000000,Алматы,114176446,POCKET BOOK PB634-3-CIS 6 дюйм 1 Гб красный,price,105590,105587
2026-08-16T03:01:35Z,750000000,Алматы,122265923,Canon EOS R5 Mark II body,price,1728544,1728301
2026-08-16T03:01:35Z,750000000,Алматы,108430983,Canon EOS R7 Kit 18-150mm черный,price,809393,809254
2026-08-16T03:01:35Z,750000000,Алматы,137761585,AULA SC380 PRO черный,price,11102,11097
2026-08-16T03:01:35Z,750000000,Алматы,112143554,Transcend TS128GUSD340S 128 Гб,price,41793,41790
2026-08-16T03:01:35Z,750000000,Алматы,114460686,Garmin MARQ Golfer Gen 2 Carbon Edition черный,price,1756184,1756181
2026-08-16T03:01:35Z,750000000,Алматы,140932721,Midea MID60S350i-C серый,price,221478,221468
2026-08-16T03:01:35Z,750000000,Алматы,122651840,Canon RF-S 55-210mm f/5-7.1 IS STM,price,279344,279340
2026-08-16T03:01:35Z,750000000,Алматы,101018992,"Бассейн каркасный Bestway Power Steel 56465, 549x274x122 см",price,267788,267785
2026-08-16T03:01:35Z,750000000,Алматы,105544265,Canon RF 70-200mm f/4L IS USM,price,813047,812990
2026-08-16T03:01:35Z,750000000,Алматы,112921022,МФУ Canon imageRUNNER 2224 5942C001,price,608790,608787
2026-08-16T03:01:35Z,710000000,Астана,108430990,Canon EOS R6 Mark II Body черный,price,814319,813702
2026-08-16T03:01:35Z,710000000,Астана,129065160,Наушники REDMI Buds 6 Play розовый,price,6761,6758
2026-08-16T03:01:35Z,710000000,Астана,147374082,HONOR X9d 12 ГБ/256 ГБ черный,price,237918,237912
2026-08-16T03:01:35Z,710000000,Астана,134328061,"Видеорегистратор 70mai M310 черный, серый",price,28563,28560
2026-08-16T03:01:35Z,710000000,Астана,106042231,Наушники Fifine H6 черный,price,20000,19997
2026-08-16T03:01:35Z,710000000,Астана,106795757,Canon EOS R10 kit 18-45mm IS STM,price,462208,462018
2026-08-16T03:01:35Z,710000000,Астана,115034062,МФУ Canon i-SENSYS MF275dw,price,185899,185875
2026-08-16T03:01:35Z,710000000,Астана,110151201,Canon EOS R6 Mark II Kit RF 24-105mm F/4-7.1 IS STM черный,price,1079149,1078981
2026-08-16T03:01:35Z,710000000,Астана,141530632,Xiaomi Smart Band 10 черный,price,21909,21906
2026-08-16T03:01:35Z,710000000,Астана,119596967,EPOMAKER x AULA F75 черный,price,21334,21330
2026-08-16T03:01:35Z,710000000,Астана,139895845,Roborock F25 - ACE черный,price,199586,199574
2026-08-16T03:01:35Z,710000000,Астана,146792191,Midea MD200H90WB/T-C серый,price,266202,266152
2026-08-16T03:01:35Z,710000000,Астана,140332176,Garmin Forerunner 970 47 мм бежевый-фиолетовый,price,457924,457884
2026-08-16T03:01:35Z,710000000,Астана,122963224,Garmin Fenix 8 43 мм белый-белый,price,544503,544355
2026-08-16T03:01:35Z,710000000,Астана,106042325,Микрофон Fifine A6V черный,price,18693,18690
2026-08-16T03:01:35Z,710000000,Астана,115178468,POCKET BOOK PB629-M-CIS 6 дюйм 8 Гб серый,price,87674,87670
2026-08-16T03:01:35Z,710000000,Астана,145820693,Roborock S8 Pro RRA0TAL белый,price,114592,114580
2026-08-16T03:01:35Z,710000000,Астана,132855201,AULA F75 Side-Printed розовый,price,21457,21453
2026-08-16T03:01:35Z,710000000,Астана,110057315,70mai зарядное устройство для видеорегистратора Midrive UP03 USB Type-C черный,price,8344,8341
2026-08-16T03:01:35Z,710000000,Астана,133974886,Garmin Instinct E 45 мм серый,price,186988,186985
2026-08-16T03:01:35Z,710000000,Астана,113029065,Garmin VENU 3S 41 мм розовый-розовый,price,293987,293983
2026-08-16T03:01:35Z,710000000,Астана,103627190,Canon RF 16mm f/2.8 STM,price,129113,129094
2026-08-16T03:01:35Z,710000000,Астана,150110690,Sen Sulu blush stick румяна 03 frosted bllom,price,8856,8853
2026-08-16T03:01:35Z,710000000,Астана,145620660,TECNO SPARK 40C 8 ГБ/128 ГБ серый,price,74815,74800
2026-08-16T03:01:35Z,710000000,Астана,123942422,Canon RF 35mm f/1.4 L VCM,price,737274,737224
2026-08-16T03:01:35Z,710000000,Астана,141005445,AULA SC620 черный,price,11275,11994
2026-08-16T03:01:35Z,710000000,Астана,148341196,Huawei nova 14 Pro 12 ГБ/512 ГБ розовый,price,244141,244129
2026-08-16T03:01:35Z,710000000,Астана,120263286,Bambu Lab PLA Matte 1.75 мм 1 кг черный,price,8930,8927
2026-08-16T03:01:35Z,710000000,Астана,147392127,Внешний аккумулятор Xiaomi Super Slim Magnetic WPB0507S (BHR08PMGL) 5000 мАч 22.5 Вт черный,price,18857,18853
2026-08-16T03:01:35Z,710000000,Астана,129319883,Garmin Lily 2 Active 38 мм серебристый-фиолетовый,price,218988,218985
2026-08-16T03:01:35Z,710000000,Астана,103492220,"Бассейн каркасный Bestway 56714, 427x250x100 см",price,144653,144650
2026-08-16T03:01:35Z,710000000,Астана,116631467,"Бассейн каркасный Bestway 561FY, 396x396x107 см",price,116312,116308
2026-08-16T03:01:35Z,710000000,Астана,100091043,"Бассейн надувной Bestway Аквариум 53052, 239x206x26 см",price,21150,21146
2026-08-16T03:01:35Z,710000000,Астана,163444184,Huawei nova 15 Pro 12 ГБ/512 ГБ белый,price,284864,284861
2026-08-16T03:01:35Z,710000000,Астана,163444356,Huawei nova 15 12 ГБ/512 ГБ белый,price,199858,199888
2026-08-16T03:01:35Z,710000000,Астана,100305103,"Бассейн каркасный Bestway 56082/56424, 400x211x81 см",price,58727,58706
2026-08-16T03:01:35Z,710000000,Астана,167232188,Huawei Watch Fit 5 43 мм черный,price,80088,79888
2026-08-16T03:01:35Z,710000000,Астана,122237981,1WIN Магний + Витамин В6 для нервной системы капсулы 240 шт,price,3324,3321
2026-08-16T03:01:35Z,710000000,Астана,15400145,"Бассейн каркасный Bestway Steel Pro Max 56420, 366x122 см",price,134510,134462
2026-08-16T03:01:35Z,710000000,Астана,118273472,Аэрогриль Xiaomi Smart Air Fryer BHR7357EU 6.5 л черный,price,47888,47885
2026-08-16T03:01:35Z,710000000,Астана,115287903,DREAME H12 Pro Plus CN черный,price,119352,119255
2026-08-16T03:01:35Z,710000000,Астана,130251646,Наушники REDMI Buds 6 Play синий,price,6749,6746
2026-08-16T03:01:35Z,710000000,Астана,151176828,TCL 65V6C 165 см черный,price,318386,317883
2026-08-16T03:01:35Z,710000000,Астана,151176828,TCL 65V6C 165 см черный,discount,13,14
2026-08-16T03:01:35Z,710000000,Астана,145557956,TECNO SPARK 40C 8 ГБ/256 ГБ черный,price,84008,83987
2026-08-16T03:01:35Z,710000000,Астана,145557956,TECNO SPARK 40C 8 ГБ/256 ГБ черный,discount,18,19
2026-08-16T03:01:35Z,710000000,Астана,132593287,"DREAME H30 Ultra Mix черный, серый",price,162681,162678
2026-08-16T03:01:35Z,710000000,Астана,108894867,Аккумулятор AA Camelion 4 шт,discount,0,5
2026-08-16T03:01:35Z,710000000,Астана,123910502,Наушники Xiaomi Type-C Earphones M2413E1 белый,price,2538,2534
2026-08-16T03:01:35Z,710000000,Астана,137684212,DREAME H30 ULTRA MIX CE серый,price,162684,162673
2026-08-16T03:01:35Z,710000000,Астана,102158689,Микрофон Fifine T669 черный,price,21590,21573
2026-08-16T03:01:35Z,710000000,Астана,153376171,Bambu Lab PLA Basic 1.75 мм 1 кг красный,price,8706,8703
2026-08-16T03:01:35Z,710000000,Астана,118273499,Аэрогриль Xiaomi Smart Air Fryer BHR7358EU 6.5 л белый,price,47207,47196
2026-08-16T03:01:35Z,710000000,Астана,143119833,Midea FSC-900DX стальной,price,227902,227899
2026-08-16T03:01:35Z,710000000,Астана,145978945,Внешний аккумулятор Xiaomi Super Slim Magnetic Power Bank 5000 мАч 22.5 Вт WPB0507S черный,price,18857,18853
2026-08-16T03:01:35Z,710000000,Астана,102211273,Midea MH 60P 205 X серебристый,price,33527,33517
2026-08-16T03:01:35Z,710000000,Астана,148462479,TCL 32S5K 81 см черный,price,119886,119895
2026-08-16T03:01:35Z,710000000,Астана,123621889,Midea MFK03D105B/S-C серый,price,275125,275108
2026-08-16T03:01:35Z,710000000,Астана,110349310,Canon EOS R50 Kit 18-45mm f4.5-6.3 IS STM черный,price,329370,329347
2026-08-16T03:01:35Z,710000000,Астана,115633970,Canon LIDE 300 2995C010 черный,price,50841,50829
2026-08-16T03:01:35Z,710000000,Астана,122142480,Huawei MatePad SE Wi-Fi 11 дюйм 8 Гб/128 Гб серый,price,118590,118558
2026-08-16T03:01:35Z,710000000,Астана,1500075,Принтер Canon i-SENSYS LBP6030B,price,85587,85584
2026-08-16T03:01:35Z,710000000,Астана,15300377,Transcend TS128GSDC300S 128 Gb,price,21610,21607
2026-08-16T03:01:35Z,710000000,Астана,141746219,Xiaomi Robot Vacuum S40C Е101CDZ белый,price,84856,84853
2026-08-16T03:01:35Z,710000000,Астана,144488883,Midea MCI-631LB2 черный,price,79560,79548
2026-08-16T03:01:35Z,710000000,Астана,145553631,Xiaomi Robot Vacuum 5 Pro EU OV21GL белый,price,326089,326077
2026-08-16T03:01:35Z,710000000,Астана,152842877,Видеорегистратор 70mai A410 черный,price,46276,46274
2026-08-16T03:01:35Z,710000000,Астана,148148221,TCL 50V6C 127 см черный,price,219730,219724
2026-08-16T03:01:35Z,710000000,Астана,137060417,AULA F75 MAX черный,price,27380,27375
2026-08-16T03:01:35Z,710000000,Астана,101149860,Canon EOS RP RF 24-105 F4-7.1 IS STM,price,545002,544843
2026-08-16T03:01:35Z,710000000,Астана,113404917,POCKET BOOK InkPad 4 7.8 дюйм 32 Гб серебристый,price,164704,164701
2026-08-16T03:01:35Z,710000000,Астана,112245834,Canon EOS R8 Body черный,price,601971,601788
2026-08-16T03:01:35Z,710000000,Астана,147987810,Huawei WATCH GT 6 41 мм золотистый-белый,price,105088,104888
2026-08-16T03:01:35Z,710000000,Астана,166975826,HONOR 600 Pro 12 ГБ/512 ГБ черный,price,548676,548670
2026-08-16T03:01:35Z,710000000,Астана,112301355,МФУ Canon MAXIFY GX3040,price,123842,123837
2026-08-16T03:01:35Z,710000000,Астана,103313279,Очиститель воздуха SmartMi Smartmi Air Purifier P1 серый,price,55082,55070
2026-08-16T03:01:35Z,710000000,Астана,151096402,Garmin Fenix 8 Pro 47 мм черный,price,653653,653638
2026-08-16T03:01:35Z,710000000,Астана,140332288,Garmin Forerunner 970 47 мм черный,price,449056,449030
2026-08-16T03:01:35Z,710000000,Астана,138584959,Garmin Vivoactive 6 42 мм бежевый,price,205998,205995
2026-08-16T03:01:35Z,710000000,Астана,139307969,Кофемашина Xiaomi Semi-Automatic Espresso Machine серебристый,price,61248,61245
2026-08-16T03:01:35Z,710000000,Астана,149031743,ZTE Nubia RedMagic Astra 9.06 дюйм 24 Гб/1024 Гб черный,price,569868,569865
2026-08-16T03:01:35Z,710000000,Астана,138585258,Garmin Vivoactive 6 42 мм черный,price,199470,199466
2026-08-16T03:01:35Z,710000000,Астана,109310071,Garmin Forerunner 265S 42 мм белый-белый,price,275055,275045
2026-08-16T03:01:35Z,710000000,Астана,113029701,Garmin VENU 3S белый,price,278620,278605
2026-08-16T03:01:35Z,710000000,Астана,118179738,Canon EOS R50 RF-S 15-45 IS STM черный,price,329370,329347
2026-08-16T03:01:35Z,710000000,Астана,114761211,Fifine SC3,price,25309,25305
2026-08-16T03:01:35Z,710000000,Астана,112972977,Видеорегистратор 70mai A810 черный,price,99933,99930
2026-08-16T03:01:35Z,710000000,Астана,153277705,TCL 75V6C 191 см черный,price,422826,422823
2026-08-16T03:01:35Z,710000000,Астана,122963617,Garmin Fenix 8 47 мм черный,price,605204,605107
2026-08-16T03:01:35Z,710000000,Астана,142719480,"27"" Xiaomi 4K Monitor 27 A27Ui-EU P27UCB-RAGL черный",price,144898,144894
2026-08-16T03:01:35Z,710000000,Астана,140597312,Midea MDWF-6029СLS серый,price,224578,224566
2026-08-16T03:01:35Z,710000000,Астана,7300020,Transcend TS1TSJ25H3P 1000 Гб,price,63119,63116
2026-08-16T03:01:35Z,710000000,Астана,163510365,HONOR 600 Lite 8 ГБ/256 ГБ черный,price,209520,209483
2026-08-16T03:01:35Z,710000000,Астана,122966507,Garmin Fenix 8 51 мм черно-серый,price,652714,652643
2026-08-16T03:01:35Z,710000000,Астана,143300737,Наушники MOONDROP Rays фиолетовый,price,47221,47218
2026-08-16T03:01:35Z,710000000,Астана,151096352,Garmin Fenix 8 Pro 51 мм серебристый-серый,price,731186,731178
2026-08-16T03:01:35Z,710000000,Астана,106852140,Garmin MARQ Golfer Gen 2 серебристый-зеленый-зеленый,price,1410424,1410343
2026-08-16T03:01:35Z,710000000,Астана,154019790,"Xiaomi камера видеонаблюдения CW100, 3MP, расширение 2304x1296",price,26914,26910
2026-08-16T03:01:35Z,710000000,Астана,109310183,Garmin Forerunner 265S 42 мм черный-черный,price,268679,268642
2026-08-16T03:01:35Z,710000000,Астана,101513764,"Бассейн каркасный Bestway 5612B, 640x274x132 см",price,324456,368699
2026-08-16T03:01:35Z,710000000,Астана,101513764,"Бассейн каркасный Bestway 5612B, 640x274x132 см",discount,15,0
2026-08-16T03:01:35Z,710000000,Астана,122962879,Garmin Fenix 8 51 мм черный,price,607124,607069
2026-08-16T03:01:35Z,710000000,Астана,154805003,Realme GT 8 Pro 16 ГБ/512 ГБ синий,price,599952,599950
2026-08-16T03:01:35Z,710000000,Астана,120134606,AULA F75 Side-Printed голубой,price,22522,22518
2026-08-16T03:01:35Z,710000000,Астана,128745315,Midea MF200W90WB/T-C серый,price,220823,220807
2026-08-16T03:01:35Z,710000000,Астана,161563692,"Xiaomi камера видеонаблюдения Smart Camera C302 / MBC28, 3MP, расширение 2304x1296",price,18874,18870
2026-08-16T03:01:35Z,710000000,Астана,109351561,Garmin Forerunner 965 белый,price,373569,373566
2026-08-16T03:01:35Z,710000000,Астана,109719960,Transcend TS250GESD260C 250 ГБ,price,41713,41710
2026-08-16T03:01:35Z,710000000,Астана,140332233,Garmin Forerunner 970 47 мм белый-зеленый,price,455193,455151
2026-08-16T03:01:35Z,710000000,Астана,148005901,Huawei WATCH GT 6 46 мм серебристый-зеленый,price,94368,94365
2026-08-16T03:01:35Z,710000000,Астана,154027556,"Xiaomi камера видеонаблюдения C500, 4MP, расширение 32001800",price,25894,25890
2026-08-16T03:01:35Z,710000000,Астана,139561340,AULA HERO 68 HE белый,price,20651,20646
2026-08-16T03:01:35Z,710000000,Астана,143300811,Наушники MOONDROP Aria 2 красный,price,49564,49561
2026-08-16T03:01:35Z,710000000,Астана,145451616,"Dreame H30 Ultra Mix черный, серый",price,162684,162673
2026-08-16T03:01:35Z,710000000,Астана,109731154,Canon EOS R7 Body черный,price,611043,610981
2026-08-16T03:01:35Z,710000000,Астана,139955883,Huawei WATCH FIT 4 Pro 44 мм серебристый-зеленый,price,74730,74723
2026-08-16T03:01:35Z,710000000,Астана,145820746,Roborock S8 Pro RRA0TAL черный,price,114582,114570
2026-08-16T03:01:35Z,710000000,Астана,131430159,Наушники Soundcore Liberty 4 PRO черный,price,66354,66351
2026-08-16T03:01:35Z,710000000,Астана,142884485,Garmin VENU X1 46 мм черный-черный,price,462959,462828
2026-08-16T03:01:35Z,710000000,Астана,120935104,Dream H12 Pro PLUS черный,price,119354,119291
2026-08-16T03:01:35Z,710000000,Астана,154084045,Bambu Lab PLA Matte 1.75 мм 1 кг темно-синий,price,8458,8998
2026-08-16T03:01:35Z,710000000,Астана,154084045,Bambu Lab PLA Matte 1.75 мм 1 кг темно-синий,discount,15,0
2026-08-16T03:01:35Z,710000000,Астана,137352961,AULA F75 Black Contour черный,price,23077,23073
2026-08-16T03:01:35Z,710000000,Астана,134108074,Наушники Soundcore Liberty 4 PRO белый,price,59648,59638
2026-08-16T03:01:35Z,710000000,Астана,133975075,Garmin Instinct 3 Solar 45 мм черный,price,249985,249977
2026-08-16T03:01:35Z,710000000,Астана,116455986,Система подачи материалов Bambu Lab AMS - Automatic Material System,price,148988,141539
2026-08-16T03:01:35Z,710000000,Астана,116455986,Система подачи материалов Bambu Lab AMS - Automatic Material System,discount,0,11
2026-08-16T03:01:35Z,710000000,Астана,169114829,Roborock S9+ черный,price,184630,184618
2026-08-16T03:01:35Z,710000000,Астана,156555269,Garmin Instinct 3 AMOLED 50 мм черный-синий,price,312988,312985
2026-08-16T03:01:35Z,710000000,Астана,171512267,ONYX BOOX для Go 6 Gen II бежевый,price,10988,10439
2026-08-16T03:01:35Z,710000000,Астана,171512267,ONYX BOOX для Go 6 Gen II бежевый,discount,22,25
2026-08-16T03:01:35Z,710000000,Астана,169144934,Roborock S9+ белый,price,184630,184618
2026-08-16T03:01:35Z,710000000,Астана,124278317,Garmin Fenix 8 Solar 47 мм черный,price,605022,604908
2026-08-16T03:01:35Z,710000000,Астана,131472928,Портативная колонка Soundcore Boom 2 Plus синий,price,116323,116311
2026-08-16T03:01:35Z,710000000,Астана,169114918,Roborock S9 черный,price,140630,140618
2026-08-16T03:01:35Z,710000000,Астана,145557809,TECNO SPARK 40C 8 ГБ/256 ГБ белый,price,83037,83034
2026-08-16T03:01:35Z,710000000,Астана,7300141,Transcend TS1TSJ25H3B 1000 Гб,price,62020,62010
2026-08-16T03:01:35Z,710000000,Астана,141530670,Xiaomi Smart Band 10 серебристый,price,21909,21906
2026-08-16T03:01:35Z,710000000,Астана,148148023,TCL 43V6C 109 см черный,price,179976,179985
2026-08-16T03:01:35Z,710000000,Астана,165935475,ATK Dragonfly A9 Air белый,price,34461,34458
2026-08-16T03:01:35Z,710000000,Астана,143973797,TECNO SPARK 40C 8 ГБ/128 ГБ белый,price,74672,74655
2026-08-16T03:01:35Z,710000000,Астана,109310228,Garmin Forerunner 265S 42 мм розовый-розовый,price,281986,281981
2026-08-16T03:01:35Z,710000000,Астана,130022770,Canon CANOSCAN LIDE 300 черный,price,50841,50829
2026-08-16T03:01:35Z,710000000,Астана,114237446,Transcend TS256GUSD340S 256 Гб,price,79912,79907
2026-08-16T03:01:35Z,710000000,Астана,148348291,Canon EOS R50 + RF-S 18-45 mm IS STM,price,329370,329347
2026-08-16T03:01:35Z,710000000,Астана,116193383,Garmin Lily 2 Classic 25 мм серебристый-бежевый-бежевый,price,218988,218985
2026-08-16T03:01:35Z,710000000,Астана,167230393,Наушники Huawei FreeBuds Pro 5 темно-серый,price,79178,78986
2026-08-16T03:01:35Z,710000000,Астана,110723747,Canon RF 100-400mm f/5.6-8 IS USM,price,390312,390226
2026-08-16T03:01:35Z,710000000,Астана,110723747,Canon RF 100-400mm f/5.6-8 IS USM,discount,17,18
2026-08-16T03:01:35Z,710000000,Астана,116535193,МФУ Canon I-Sensys MF465dw 5951C007AA,price,224745,224730
2026-08-16T03:01:35Z,710000000,Астана,132979867,AULA AU75 черный,price,22107,22103
2026-08-16T03:01:35Z,710000000,Астана,113556362,Canon EOS R50 RF-S 18-45 + Kit 55-210 mm,price,574159,574149
2026-08-16T03:01:35Z,710000000,Астана,141046478,Canon EOS R50 + RF-S 18-45 mm IS STM 5811C036,price,329374,329338
2026-08-16T03:01:35Z,710000000,Астана,109731162,Canon EOS R10 kit RF-S 18–150mm f/3.5–6.3 IS STM,price,591112,591015
2026-08-16T03:01:35Z,710000000,Астана,129064979,Canon EOS R100 + RF-S 18-45mm + RF-S 55-210mm,price,455484,455481
2026-08-16T03:01:35Z,710000000,Астана,113028541,Garmin VENU 3 45 мм белый-белый,price,293048,293045
2026-08-16T03:01:35Z,710000000,Астана,116788713,Transcend TS1TESD410C 1000 Гб,price,183770,183766
2026-08-16T03:01:35Z,710000000,Астана,143300800,Наушники MOONDROP Aria 2 серебристый,price,48384,48381
2026-08-16T03:01:35Z,710000000,Астана,138584777,Garmin Vivoactive 6 42 мм зеленый,price,206453,206450
2026-08-16T03:01:35Z,710000000,Астана,163444484,Huawei nova 15 12 ГБ/256 ГБ белый,price,199858,199888
2026-08-16T03:01:35Z,710000000,Астана,106851929,Garmin MARQ Aviator Gen 2 серебристый,price,1476645,1476618
2026-08-16T03:01:35Z,710000000,Астана,15400127,"Бассейн каркасный Bestway Steel Pro Frame 56424, 400x211x81 см",price,58727,58706
2026-08-16T03:01:35Z,710000000,Астана,110648816,Philips BHS752/00 утюжок 25 мм,price,61997,61994
2026-08-16T03:01:35Z,710000000,Астана,157683664,Наушники AULA G7 черный,price,12242,12238
2026-08-16T03:01:35Z,710000000,Астана,114801730,Canon RF 24mm f/1.8 Macro IS STM,price,272626,272610
2026-08-16T03:01:35Z,710000000,Астана,169077113,Roborock S9 белый,price,140630,140618
2026-08-16T03:01:35Z,710000000,Астана,143693130,Наушники AULA G7 белый,price,11446,11442
2026-08-16T03:01:35Z,710000000,Астана,163483165,Наушники Soundcore Sleep A30 Green зеленый,price,85387,85385
2026-08-16T03:01:35Z,710000000,Астана,141885718,Garmin Instinct 3 Solar Tactical 45 мм черный,price,289988,289985
2026-08-16T03:01:35Z,710000000,Астана,128243261,Система подачи материалов Bambu Lab Ams lite,price,132701,132698
2026-08-16T03:01:35Z,710000000,Астана,171178069,Roborock Saros 20 черный,price,699630,699618
2026-08-16T03:01:35Z,710000000,Астана,116193133,Garmin Lily 2 Classic 25 мм бордовый-бордовый,price,218988,218985
2026-08-16T03:01:35Z,710000000,Астана,163414583,AULA F75 розовый,price,23497,23492
2026-08-16T03:01:35Z,710000000,Астана,137761682,AULA SC380 PRO белый,price,11285,11281
2026-08-16T03:01:35Z,710000000,Астана,150445434,Sapphire PULSE AMD Radeon RX 9070 16 Гб,price,407610,407598
2026-08-16T03:01:35Z,710000000,Астана,146975796,AULA HERO 68 HE Frosted белый,price,27234,27230
2026-08-16T03:01:35Z,710000000,Астана,114176446,POCKET BOOK PB634-3-CIS 6 дюйм 1 Гб красный,price,105590,105587
2026-08-16T03:01:35Z,710000000,Астана,122265923,Canon EOS R5 Mark II body,price,1728530,1728301
2026-08-16T03:01:35Z,710000000,Астана,108430983,Canon EOS R7 Kit 18-150mm черный,price,809393,809254
2026-08-16T03:01:35Z,710000000,Астана,137761585,AULA SC380 PRO черный,price,11102,11097
2026-08-16T03:01:35Z,710000000,Астана,112143554,Transcend TS128GUSD340S 128 Гб,price,41793,41790
2026-08-16T03:01:35Z,710000000,Астана,114460686,Garmin MARQ Golfer Gen 2 Carbon Edition черный,price,1756184,1756181
2026-08-16T03:01:35Z,710000000,Астана,140932721,Midea MID60S350i-C серый,price,221478,221468
2026-08-16T03:01:35Z,710000000,Астана,122651840,Canon RF-S 55-210mm f/5-7.1 IS STM,price,279344,279340
2026-08-16T03:01:35Z,710000000,Астана,101018992,"Бассейн каркасный Bestway Power Steel 56465, 549x274x122 см",price,267788,267785
2026-08-16T03:01:35Z,710000000,Астана,105544265,Canon RF 70-200mm f/4L IS USM,price,813047,812990
2026-08-16T03:01:35Z,710000000,Астана,112921022,МФУ Canon imageRUNNER 2224 5942C001,price,608790,608787
2026-08-16T03:01:35Z,511010000,Шымкент,108430990,Canon EOS R6 Mark II Body черный,price,814319,813702
2026-08-16T03:01:35Z,511010000,Шымкент,129065160,Наушники REDMI Buds 6 Play розовый,price,6761,6758
2026-08-16T03:01:35Z,511010000,Шымкент,147374082,HONOR X9d 12 ГБ/256 ГБ черный,price,237918,237912
2026-08-16T03:01:35Z,511010000,Шымкент,134328061,"Видеорегистратор 70mai M310 черный, серый",price,28563,28560
2026-08-16T03:01:35Z,511010000,Шымкент,106042231,Наушники Fifine H6 черный,price,20000,19997
2026-08-16T03:01:35Z,511010000,Шымкент,106795757,Canon EOS R10 kit 18-45mm IS STM,price,462208,462018
2026-08-16T03:01:35Z,511010000,Шымкент,115034062,МФУ Canon i-SENSYS MF275dw,price,185899,185875
2026-08-16T03:01:35Z,511010000,Шымкент,110151201,Canon EOS R6 Mark II Kit RF 24-105mm F/4-7.1 IS STM черный,price,1079149,1078981
2026-08-16T03:01:35Z,511010000,Шымкент,141530632,Xiaomi Smart Band 10 черный,price,21909,21906
2026-08-16T03:01:35Z,511010000,Шымкент,119596967,EPOMAKER x AULA F75 черный,price,21334,21330
2026-08-16T03:01:35Z,511010000,Шымкент,139895845,Roborock F25 - ACE черный,price,199586,199574
2026-08-16T03:01:35Z,511010000,Шымкент,146792191,Midea MD200H90WB/T-C серый,price,266202,266152
2026-08-16T03:01:35Z,511010000,Шымкент,140332176,Garmin Forerunner 970 47 мм бежевый-фиолетовый,price,457924,457884
2026-08-16T03:01:35Z,511010000,Шымкент,122963224,Garmin Fenix 8 43 мм белый-белый,price,544503,544355
2026-08-16T03:01:35Z,511010000,Шымкент,106042325,Микрофон Fifine A6V черный,price,18693,18690
2026-08-16T03:01:35Z,511010000,Шымкент,115178468,POCKET BOOK PB629-M-CIS 6 дюйм 8 Гб серый,price,87674,87670
2026-08-16T03:01:35Z,511010000,Шымкент,145820693,Roborock S8 Pro RRA0TAL белый,price,114592,114580
2026-08-16T03:01:35Z,511010000,Шымкент,132855201,AULA F75 Side-Printed розовый,price,21457,21453
2026-08-16T03:01:35Z,511010000,Шымкент,110057315,70mai зарядное устройство для видеорегистратора Midrive UP03 USB Type-C черный,price,8344,8341
2026-08-16T03:01:35Z,511010000,Шымкент,133974886,Garmin Instinct E 45 мм серый,price,186988,186985
2026-08-16T03:01:35Z,511010000,Шымкент,113029065,Garmin VENU 3S 41 мм розовый-розовый,price,293987,293983
2026-08-16T03:01:35Z,511010000,Шымкент,103627190,Canon RF 16mm f/2.8 STM,price,129113,129094
2026-08-16T03:01:35Z,511010000,Шымкент,150110690,Sen Sulu blush stick румяна 03 frosted bllom,price,8856,8853
2026-08-16T03:01:35Z,511010000,Шымкент,145620660,TECNO SPARK 40C 8 ГБ/128 ГБ серый,price,74815,74800
2026-08-16T03:01:35Z,511010000,Шымкент,123942422,Canon RF 35mm f/1.4 L VCM,price,737274,737224
2026-08-16T03:01:35Z,511010000,Шымкент,141005445,AULA SC620 черный,price,11275,11994
2026-08-16T03:01:35Z,511010000,Шымкент,148341196,Huawei nova 14 Pro 12 ГБ/512 ГБ розовый,price,244141,244129
2026-08-16T03:01:35Z,511010000,Шымкент,120263286,Bambu Lab PLA Matte 1.75 мм 1 кг черный,price,8930,8927
2026-08-16T03:01:35Z,511010000,Шымкент,147392127,Внешний аккумулятор Xiaomi Super Slim Magnetic WPB0507S (BHR08PMGL) 5000 мАч 22.5 Вт черный,price,18857,18853
2026-08-16T03:01:35Z,511010000,Шымкент,129319883,Garmin Lily 2 Active 38 мм серебристый-фиолетовый,price,218988,218985
2026-08-16T03:01:35Z,511010000,Шымкент,103492220,"Бассейн каркасный Bestway 56714, 427x250x100 см",price,144653,144650
2026-08-16T03:01:35Z,511010000,Шымкент,116631467,"Бассейн каркасный Bestway 561FY, 396x396x107 см",price,116312,116308
2026-08-16T03:01:35Z,511010000,Шымкент,100091043,"Бассейн надувной Bestway Аквариум 53052, 239x206x26 см",price,21150,21146
2026-08-16T03:01:35Z,511010000,Шымкент,163444184,Huawei nova 15 Pro 12 ГБ/512 ГБ белый,price,284864,284861
2026-08-16T03:01:35Z,511010000,Шымкент,163444356,Huawei nova 15 12 ГБ/512 ГБ белый,price,199858,199888
2026-08-16T03:01:35Z,511010000,Шымкент,100305103,"Бассейн каркасный Bestway 56082/56424, 400x211x81 см",price,58727,58706
2026-08-16T03:01:35Z,511010000,Шымкент,167232188,Huawei Watch Fit 5 43 мм черный,price,80088,79888
2026-08-16T03:01:35Z,511010000,Шымкент,122237981,1WIN Магний + Витамин В6 для нервной системы капсулы 240 шт,price,3324,3321
2026-08-16T03:01:35Z,511010000,Шымкент,15400145,"Бассейн каркасный Bestway Steel Pro Max 56420, 366x122 см",price,134510,134462
2026-08-16T03:01:35Z,511010000,Шымкент,118273472,Аэрогриль Xiaomi Smart Air Fryer BHR7357EU 6.5 л черный,price,47888,47885
2026-08-16T03:01:35Z,511010000,Шымкент,115287903,DREAME H12 Pro Plus CN черный,price,119352,119255
2026-08-16T03:01:35Z,511010000,Шымкент,130251646,Наушники REDMI Buds 6 Play синий,price,6749,6746
2026-08-16T03:01:35Z,511010000,Шымкент,151176828,TCL 65V6C 165 см черный,price,318386,317883
2026-08-16T03:01:35Z,511010000,Шымкент,151176828,TCL 65V6C 165 см черный,discount,13,14
2026-08-16T03:01:35Z,511010000,Шымкент,145557956,TECNO SPARK 40C 8 ГБ/256 ГБ черный,price,84008,83987
2026-08-16T03:01:35Z,511010000,Шымкент,145557956,TECNO SPARK 40C 8 ГБ/256 ГБ черный,discount,18,19
2026-08-16T03:01:35Z,511010000,Шымкент,132593287,"DREAME H30 Ultra Mix черный, серый",price,162674,162678
2026-08-16T03:01:35Z,511010000,Шымкент,108894867,Аккумулятор AA Camelion 4 шт,discount,0,5
2026-08-16T03:01:35Z,511010000,Шымкент,123910502,Наушники Xiaomi Type-C Earphones M2413E1 белый,price,2538,2534
2026-08-16T03:01:35Z,511010000,Шымкент,137684212,DREAME H30 ULTRA MIX CE серый,price,162684,162673
2026-08-16T03:01:35Z,511010000,Шымкент,102158689,Микрофон Fifine T669 черный,price,21590,21573
2026-08-16T03:01:35Z,511010000,Шымкент,153376171,Bambu Lab PLA Basic 1.75 мм 1 кг красный,price,8706,8703
2026-08-16T03:01:35Z,511010000,Шымкент,118273499,Аэрогриль Xiaomi Smart Air Fryer BHR7358EU 6.5 л белый,price,47207,47196
2026-08-16T03:01:35Z,511010000,Шымкент,143119833,Midea FSC-900DX стальной,price,227902,227899
2026-08-16T03:01:35Z,511010000,Шымкент,145978945,Внешний аккумулятор Xiaomi Super Slim Magnetic Power Bank 5000 мАч 22.5 Вт WPB0507S черный,price,18857,18853
2026-08-16T03:01:35Z,511010000,Шымкент,102211273,Midea MH 60P 205 X серебристый,price,33527,33517
2026-08-16T03:01:35Z,511010000,Шымкент,148462479,TCL 32S5K 81 см черный,price,119886,119895
2026-08-16T03:01:35Z,511010000,Шымкент,123621889,Midea MFK03D105B/S-C серый,price,275125,275108
2026-08-16T03:01:35Z,511010000,Шымкент,110349310,Canon EOS R50 Kit 18-45mm f4.5-6.3 IS STM черный,price,329370,329347
2026-08-16T03:01:35Z,511010000,Шымкент,115633970,Canon LIDE 300 2995C010 черный,price,50841,50829
2026-08-16T03:01:35Z,511010000,Шымкент,122142480,Huawei MatePad SE Wi-Fi 11 дюйм 8 Гб/128 Гб серый,price,118587,118558
2026-08-16T03:01:35Z,511010000,Шымкент,1500075,Принтер Canon i-SENSYS LBP6030B,price,85587,85584
2026-08-16T03:01:35Z,511010000,Шымкент,15300377,Transcend TS128GSDC300S 128 Gb,price,21610,21607
2026-08-16T03:01:35Z,511010000,Шымкент,141746219,Xiaomi Robot Vacuum S40C Е101CDZ белый,price,84856,84853
2026-08-16T03:01:35Z,511010000,Шымкент,144488883,Midea MCI-631LB2 черный,price,79560,79548
2026-08-16T03:01:35Z,511010000,Шымкент,145553631,Xiaomi Robot Vacuum 5 Pro EU OV21GL белый,price,326089,326077
2026-08-16T03:01:35Z,511010000,Шымкент,152842877,Видеорегистратор 70mai A410 черный,price,46276,46274
2026-08-16T03:01:35Z,511010000,Шымкент,148148221,TCL 50V6C 127 см черный,price,219730,219724
2026-08-16T03:01:35Z,511010000,Шымкент,137060417,AULA F75 MAX черный,price,27380,27375
2026-08-16T03:01:35Z,511010000,Шымкент,101149860,Canon EOS RP RF 24-105 F4-7.1 IS STM,price,544967,544843
2026-08-16T03:01:35Z,511010000,Шымкент,113404917,POCKET BOOK InkPad 4 7.8 дюйм 32 Гб серебристый,price,164704,164701
2026-08-16T03:01:35Z,511010000,Шымкент,112245834,Canon EOS R8 Body черный,price,601971,601788
2026-08-16T03:01:35Z,511010000,Шымкент,147987810,Huawei WATCH GT 6 41 мм золотистый-белый,price,105088,104888
2026-08-16T03:01:35Z,511010000,Шымкент,112301355,МФУ Canon MAXIFY GX3040,price,123842,123837
2026-08-16T03:01:35Z,511010000,Шымкент,103313279,Очиститель воздуха SmartMi Smartmi Air Purifier P1 серый,price,55082,55070
2026-08-16T03:01:35Z,511010000,Шымкент,151096402,Garmin Fenix 8 Pro 47 мм черный,price,653653,653638
2026-08-16T03:01:35Z,511010000,Шымкент,140332288,Garmin Forerunner 970 47 мм черный,price,449056,449030
2026-08-16T03:01:35Z,511010000,Шымкент,138584959,Garmin Vivoactive 6 42 мм бежевый,price,205998,205995
2026-08-16T03:01:35Z,511010000,Шымкент,139307969,Кофемашина Xiaomi Semi-Automatic Espresso Machine серебристый,price,61248,61245
2026-08-16T03:01:35Z,511010000,Шымкент,149031743,ZTE Nubia RedMagic Astra 9.06 дюйм 24 Гб/1024 Гб черный,price,569868,569865
2026-08-16T03:01:35Z,511010000,Шымкент,138585258,Garmin Vivoactive 6 42 мм черный,price,199470,199466
2026-08-16T03:01:35Z,511010000,Шымкент,109310071,Garmin Forerunner 265S 42 мм белый-белый,price,275055,275045
2026-08-16T03:01:35Z,511010000,Шымкент,113029701,Garmin VENU 3S белый,price,278620,278605
2026-08-16T03:01:35Z,511010000,Шымкент,114761211,Fifine SC3,price,25309,25305
2026-08-16T03:01:35Z,511010000,Шымкент,112972977,Видеорегистратор 70mai A810 черный,price,99933,99930
2026-08-16T03:01:35Z,511010000,Шымкент,122963617,Garmin Fenix 8 47 мм черный,price,605197,605107
2026-08-16T03:01:35Z,511010000,Шымкент,142719480,"27"" Xiaomi 4K Monitor 27 A27Ui-EU P27UCB-RAGL черный",price,144898,144894
2026-08-16T03:01:35Z,511010000,Шымкент,140597312,Midea MDWF-6029СLS серый,price,224578,224566
2026-08-16T03:01:35Z,511010000,Шымкент,7300020,Transcend TS1TSJ25H3P 1000 Гб,price,63119,63116
2026-08-16T03:01:35Z,511010000,Шымкент,163510365,HONOR 600 Lite 8 ГБ/256 ГБ черный,price,209520,209483
2026-08-16T03:01:35Z,511010000,Шымкент,122966507,Garmin Fenix 8 51 мм черно-серый,price,652714,652643
2026-08-16T03:01:35Z,511010000,Шымкент,143300737,Наушники MOONDROP Rays фиолетовый,price,47221,47218
2026-08-16T03:01:35Z,511010000,Шымкент,151096352,Garmin Fenix 8 Pro 51 мм серебристый-серый,price,731186,731178
2026-08-16T03:01:35Z,511010000,Шымкент,106852140,Garmin MARQ Golfer Gen 2 серебристый-зеленый-зеленый,price,1410424,1410343
2026-08-16T03:01:35Z,511010000,Шымкент,154019790,"Xiaomi камера видеонаблюдения CW100, 3MP, расширение 2304x1296",price,26914,26910
2026-08-16T03:01:35Z,511010000,Шымкент,109310183,Garmin Forerunner 265S 42 мм черный-черный,price,268679,268642
2026-08-16T03:01:35Z,511010000,Шымкент,101513764,"Бассейн каркасный Bestway 5612B, 640x274x132 см",price,324456,368699
2026-08-16T03:01:35Z,511010000,Шымкент,101513764,"Бассейн каркасный Bestway 5612B, 640x274x132 см",discount,15,0
2026-08-16T03:01:35Z,511010000,Шымкент,122962879,Garmin Fenix 8 51 мм черный,price,607124,607069
2026-08-16T03:01:35Z,511010000,Шымкент,154805003,Realme GT 8 Pro 16 ГБ/512 ГБ синий,price,599952,599950
2026-08-16T03:01:35Z,511010000,Шымкент,120134606,AULA F75 Side-Printed голубой,price,22522,22518
2026-08-16T03:01:35Z,511010000,Шымкент,128745315,Midea MF200W90WB/T-C серый,price,220823,220807
2026-08-16T03:01:35Z,511010000,Шымкент,161563692,"Xiaomi камера видеонаблюдения Smart Camera C302 / MBC28, 3MP, расширение 2304x1296",price,18874,18870
2026-08-16T03:01:35Z,511010000,Шымкент,109351561,Garmin Forerunner 965 белый,price,373569,373566
2026-08-16T03:01:35Z,511010000,Шымкент,109719960,Transcend TS250GESD260C 250 ГБ,price,41713,41710
2026-08-16T03:01:35Z,511010000,Шымкент,140332233,Garmin Forerunner 970 47 мм белый-зеленый,price,455193,455151
2026-08-16T03:01:35Z,511010000,Шымкент,148005901,Huawei WATCH GT 6 46 мм серебристый-зеленый,price,94368,94365
2026-08-16T03:01:35Z,511010000,Шымкент,154027556,"Xiaomi камера видеонаблюдения C500, 4MP, расширение 32001800",price,25894,25890
2026-08-16T03:01:35Z,511010000,Шымкент,139561340,AULA HERO 68 HE белый,price,20651,20646
2026-08-16T03:01:35Z,511010000,Шымкент,143300811,Наушники MOONDROP Aria 2 красный,price,49564,49561
2026-08-16T03:01:35Z,511010000,Шымкент,145451616,"Dreame H30 Ultra Mix черный, серый",price,162684,162673
2026-08-16T03:01:35Z,511010000,Шымкент,109731154,Canon EOS R7 Body черный,price,611043,610981
2026-08-16T03:01:35Z,511010000,Шымкент,139955883,Huawei WATCH FIT 4 Pro 44 мм серебристый-зеленый,price,74730,74723
2026-08-16T03:01:35Z,511010000,Шымкент,145820746,Roborock S8 Pro RRA0TAL черный,price,114582,114570
2026-08-16T03:01:35Z,511010000,Шымкент,131430159,Наушники Soundcore Liberty 4 PRO черный,price,66354,66351
2026-08-16T03:01:35Z,511010000,Шымкент,142884485,Garmin VENU X1 46 мм черный-черный,price,462959,462828
2026-08-16T03:01:35Z,511010000,Шымкент,120935104,Dream H12 Pro PLUS черный,price,119354,119291
2026-08-16T03:01:35Z,511010000,Шымкент,154084045,Bambu Lab PLA Matte 1.75 мм 1 кг темно-синий,price,8458,8998
2026-08-16T03:01:35Z,511010000,Шымкент,154084045,Bambu Lab PLA Matte 1.75 мм 1 кг темно-синий,discount,14,0
2026-08-16T03:01:35Z,511010000,Шымкент,137352961,AULA F75 Black Contour черный,price,23077,23073
2026-08-16T03:01:35Z,511010000,Шымкент,134108074,Наушники Soundcore Liberty 4 PRO белый,price,59648,59638
2026-08-16T03:01:35Z,511010000,Шымкент,133975075,Garmin Instinct 3 Solar 45 мм черный,price,249985,249977
2026-08-16T03:01:35Z,511010000,Шымкент,116455986,Система подачи материалов Bambu Lab AMS - Automatic Material System,price,148988,141539
2026-08-16T03:01:35Z,511010000,Шымкент,116455986,Система подачи материалов Bambu Lab AMS - Automatic Material System,discount,0,11
2026-08-16T03:01:35Z,511010000,Шымкент,169114829,Roborock S9+ черный,price,184630,184618
2026-08-16T03:01:35Z,511010000,Шымкент,156555269,Garmin Instinct 3 AMOLED 50 мм черный-синий,price,312988,312985
2026-08-16T03:01:35Z,511010000,Шымкент,171512267,ONYX BOOX для Go 6 Gen II бежевый,price,10988,10439
2026-08-16T03:01:35Z,511010000,Шымкент,171512267,ONYX BOOX для Go 6 Gen II бежевый,discount,22,25
2026-08-16T03:01:35Z,511010000,Шымкент,169144934,Roborock S9+ белый,price,184630,184618
2026-08-16T03:01:35Z,511010000,Шымкент,124278317,Garmin Fenix 8 Solar 47 мм черный,price,605006,604908
2026-08-16T03:01:35Z,511010000,Шымкент,131472928,Портативная колонка Soundcore Boom 2 Plus синий,price,116323,116311
2026-08-16T03:01:35Z,511010000,Шымкент,169114918,Roborock S9 черный,price,140630,140618
2026-08-16T03:01:35Z,511010000,Шымкент,145557809,TECNO SPARK 40C 8 ГБ/256 ГБ белый,price,83037,83034
2026-08-16T03:01:35Z,511010000,Шымкент,7300141,Transcend TS1TSJ25H3B 1000 Гб,price,62020,62010
2026-08-16T03:01:35Z,511010000,Шымкент,141530670,Xiaomi Smart Band 10 серебристый,price,21909,21906
2026-08-16T03:01:35Z,511010000,Шымкент,148148023,TCL 43V6C 109 см черный,price,179976,179985
2026-08-16T03:01:35Z,511010000,Шымкент,165935475,ATK Dragonfly A9 Air белый,price,34461,34458
2026-08-16T03:01:35Z,511010000,Шымкент,143973797,TECNO SPARK 40C 8 ГБ/128 ГБ белый,price,74672,74655
2026-08-16T03:01:35Z,511010000,Шымкент,109310228,Garmin Forerunner 265S 42 мм розовый-розовый,price,281986,281981
2026-08-16T03:01:35Z,511010000,Шымкент,130022770,Canon CANOSCAN LIDE 300 черный,price,50841,50829
2026-08-16T03:01:35Z,511010000,Шымкент,114237446,Transcend TS256GUSD340S 256 Гб,price,79912,79907
2026-08-16T03:01:35Z,511010000,Шымкент,148348291,Canon EOS R50 + RF-S 18-45 mm IS STM,price,329370,329347
2026-08-16T03:01:35Z,511010000,Шымкент,116193383,Garmin Lily 2 Classic 25 мм серебристый-бежевый-бежевый,price,218988,218985
2026-08-16T03:01:35Z,511010000,Шымкент,167230393,Наушники Huawei FreeBuds Pro 5 темно-серый,price,79178,78986
2026-08-16T03:01:35Z,511010000,Шымкент,110723747,Canon RF 100-400mm f/5.6-8 IS USM,price,390312,390226
2026-08-16T03:01:35Z,511010000,Шымкент,110723747,Canon RF 100-400mm f/5.6-8 IS USM,discount,17,18
2026-08-16T03:01:35Z,511010000,Шымкент,116535193,МФУ Canon I-Sensys MF465dw 5951C007AA,price,224745,224730
2026-08-16T03:01:35Z,511010000,Шымкент,132979867,AULA AU75 черный,price,22107,22103
2026-08-16T03:01:35Z,511010000,Шымкент,113556362,Canon EOS R50 RF-S 18-45 + Kit 55-210 mm,price,574159,574149
2026-08-16T03:01:35Z,511010000,Шымкент,141046478,Canon EOS R50 + RF-S 18-45 mm IS STM 5811C036,price,329374,329338
2026-08-16T03:01:35Z,511010000,Шымкент,109731162,Canon EOS R10 kit RF-S 18–150mm f/3.5–6.3 IS STM,price,591112,591015
2026-08-16T03:01:35Z,511010000,Шымкент,129064979,Canon EOS R100 + RF-S 18-45mm + RF-S 55-210mm,price,455484,455481
2026-08-16T03:01:35Z,511010000,Шымкент,113028541,Garmin VENU 3 45 мм белый-белый,price,293048,293045
2026-08-16T03:01:35Z,511010000,Шымкент,116788713,Transcend TS1TESD410C 1000 Гб,price,183770,183766
2026-08-16T03:01:35Z,511010000,Шымкент,143300800,Наушники MOONDROP Aria 2 серебристый,price,48384,48381
2026-08-16T03:01:35Z,511010000,Шымкент,138584777,Garmin Vivoactive 6 42 мм зеленый,price,206453,206450
2026-08-16T03:01:35Z,511010000,Шымкент,163444484,Huawei nova 15 12 ГБ/256 ГБ белый,price,199858,199888
2026-08-16T03:01:35Z,511010000,Шымкент,106851929,Garmin MARQ Aviator Gen 2 серебристый,price,1476645,1476618
2026-08-16T03:01:35Z,511010000,Шымкент,15400127,"Бассейн каркасный Bestway Steel Pro Frame 56424, 400x211x81 см",price,58727,58706
2026-08-16T03:01:35Z,511010000,Шымкент,110648816,Philips BHS752/00 утюжок 25 мм,price,61997,61994
2026-08-16T03:01:35Z,511010000,Шымкент,157683664,Наушники AULA G7 черный,price,12242,12238
2026-08-16T03:01:35Z,511010000,Шымкент,114801730,Canon RF 24mm f/1.8 Macro IS STM,price,272626,272610
2026-08-16T03:01:35Z,511010000,Шымкент,169077113,Roborock S9 белый,price,140630,140618
2026-08-16T03:01:35Z,511010000,Шымкент,143693130,Наушники AULA G7 белый,price,11446,11442
2026-08-16T03:01:35Z,511010000,Шымкент,163483165,Наушники Soundcore Sleep A30 Green зеленый,price,85387,85385
2026-08-16T03:01:35Z,511010000,Шымкент,141885718,Garmin Instinct 3 Solar Tactical 45 мм черный,price,289988,289985
2026-08-16T03:01:35Z,511010000,Шымкент,128243261,Система подачи материалов Bambu Lab Ams lite,price,132701,132698
2026-08-16T03:01:35Z,511010000,Шымкент,171178069,Roborock Saros 20 черный,price,699630,699618
2026-08-16T03:01:35Z,511010000,Шымкент,116193133,Garmin Lily 2 Classic 25 мм бордовый-бордовый,price,218988,218985
2026-08-16T03:01:35Z,511010000,Шымкент,163414583,AULA F75 розовый,price,23497,23492
2026-08-16T03:01:35Z,511010000,Шымкент,137761682,AULA SC380 PRO белый,price,11285,11281
2026-08-16T03:01:35Z,511010000,Шымкент,150445434,Sapphire PULSE AMD Radeon RX 9070 16 Гб,price,407610,407598
2026-08-16T03:01:35Z,511010000,Шымкент,146975796,AULA HERO 68 HE Frosted белый,price,27234,27230
2026-08-16T03:01:35Z,511010000,Шымкент,114176446,POCKET BOOK PB634-3-CIS 6 дюйм 1 Гб красный,price,105590,105587
2026-08-16T03:01:35Z,511010000,Шымкент,122265923,Canon EOS R5 Mark II body,price,1728530,1728301
2026-08-16T03:01:35Z,511010000,Шымкент,108430983,Canon EOS R7 Kit 18-150mm черный,price,809375,809254
2026-08-16T03:01:35Z,511010000,Шымкент,137761585,AULA SC380 PRO черный,price,11102,11097
2026-08-16T03:01:35Z,511010000,Шымкент,112143554,Transcend TS128GUSD340S 128 Гб,price,41793,41790
2026-08-16T03:01:35Z,511010000,Шымкент,114460686,Garmin MARQ Golfer Gen 2 Carbon Edition черный,price,1756184,1756181
2026-08-16T03:01:35Z,511010000,Шымкент,140932721,Midea MID60S350i-C серый,price,221478,221468
2026-08-16T03:01:35Z,511010000,Шымкент,122651840,Canon RF-S 55-210mm f/5-7.1 IS STM,price,279344,279340
2026-08-16T03:01:35Z,511010000,Шымкент,101018992,"Бассейн каркасный Bestway Power Steel 56465, 549x274x122 см",price,267788,267785
2026-08-16T03:01:35Z,511010000,Шымкент,105544265,Canon RF 70-200mm f/4L IS USM,price,813047,812990
2026-08-16T03:01:35Z,511010000,Шымкент,112921022,МФУ Canon imageRUNNER 2224 5942C001,price,608790,608787
2026-08-16T03:01:35Z,470000000,Актобе,108430990,Canon EOS R6 Mark II Body черный,price,814268,813702
2026-08-16T03:01:35Z,470000000,Актобе,129065160,Наушники REDMI Buds 6 Play розовый,price,6761,6758
2026-08-16T03:01:35Z,470000000,Актобе,147374082,HONOR X9d 12 ГБ/256 ГБ черный,price,237918,237912
2026-08-16T03:01:35Z,470000000,Актобе,134328061,"Видеорегистратор 70mai M310 черный, серый",price,28563,28560
2026-08-16T03:01:35Z,470000000,Актобе,106042231,Наушники Fifine H6 черный,price,20000,19997
2026-08-16T03:01:35Z,470000000,Актобе,106795757,Canon EOS R10 kit 18-45mm IS STM,price,462208,462018
2026-08-16T03:01:35Z,470000000,Актобе,115034062,МФУ Canon i-SENSYS MF275dw,price,185899,185875
2026-08-16T03:01:35Z,470000000,Актобе,110151201,Canon EOS R6 Mark II Kit RF 24-105mm F/4-7.1 IS STM черный,price,1079143,1078981
2026-08-16T03:01:35Z,470000000,Актобе,141530632,Xiaomi Smart Band 10 черный,price,21909,21906
2026-08-16T03:01:35Z,470000000,Актобе,119596967,EPOMAKER x AULA F75 черный,price,21334,21330
2026-08-16T03:01:35Z,470000000,Актобе,139895845,Roborock F25 - ACE черный,price,199586,199574
2026-08-16T03:01:35Z,470000000,Актобе,146792191,Midea MD200H90WB/T-C серый,price,266202,266152
2026-08-16T03:01:35Z,470000000,Актобе,140332176,Garmin Forerunner 970 47 мм бежевый-фиолетовый,price,457924,457884
2026-08-16T03:01:35Z,470000000,Актобе,122963224,Garmin Fenix 8 43 мм белый-белый,price,544488,544355
2026-08-16T03:01:35Z,470000000,Актобе,106042325,Микрофон Fifine A6V черный,price,18693,18690
2026-08-16T03:01:35Z,470000000,Актобе,115178468,POCKET BOOK PB629-M-CIS 6 дюйм 8 Гб серый,price,87674,87670
2026-08-16T03:01:35Z,470000000,Актобе,145820693,Roborock S8 Pro RRA0TAL белый,price,114592,114580
2026-08-16T03:01:35Z,470000000,Актобе,132855201,AULA F75 Side-Printed розовый,price,21457,21453
2026-08-16T03:01:35Z,470000000,Актобе,110057315,70mai зарядное устройство для видеорегистратора Midrive UP03 USB Type-C черный,price,8344,8341
2026-08-16T03:01:35Z,470000000,Актобе,133974886,Garmin Instinct E 45 мм серый,price,186988,186985
2026-08-16T03:01:35Z,470000000,Актобе,113029065,Garmin VENU 3S 41 мм розовый-розовый,price,293987,293983
2026-08-16T03:01:35Z,470000000,Актобе,103627190,Canon RF 16mm f/2.8 STM,price,129113,129094
2026-08-16T03:01:35Z,470000000,Актобе,150110690,Sen Sulu blush stick румяна 03 frosted bllom,price,8856,8853
2026-08-16T03:01:35Z,470000000,Актобе,145620660,TECNO SPARK 40C 8 ГБ/128 ГБ серый,price,74815,74800
2026-08-16T03:01:35Z,470000000,Актобе,123942422,Canon RF 35mm f/1.4 L VCM,price,737274,737224
2026-08-16T03:01:35Z,470000000,Актобе,141005445,AULA SC620 черный,price,11275,11994
2026-08-16T03:01:35Z,470000000,Актобе,148341196,Huawei nova 14 Pro 12 ГБ/512 ГБ розовый,price,244141,244129
2026-08-16T03:01:35Z,470000000,Актобе,120263286,Bambu Lab PLA Matte 1.75 мм 1 кг черный,price,8930,8927
2026-08-16T03:01:35Z,470000000,Актобе,147392127,Внешний аккумулятор Xiaomi Super Slim Magnetic WPB0507S (BHR08PMGL) 5000 мАч 22.5 Вт черный,price,18857,18853
2026-08-16T03:01:35Z,470000000,Актобе,129319883,Garmin Lily 2 Active 38 мм серебристый-фиолетовый,price,218988,218985
2026-08-16T03:01:35Z,470000000,Актобе,103492220,"Бассейн каркасный Bestway 56714, 427x250x100 см",price,144653,144650
2026-08-16T03:01:35Z,470000000,Актобе,116631467,"Бассейн каркасный Bestway 561FY, 396x396x107 см",price,116312,116308
2026-08-16T03:01:35Z,470000000,Актобе,100091043,"Бассейн надувной Bestway Аквариум 53052, 239x206x26 см",price,21150,21146
2026-08-16T03:01:35Z,470000000,Актобе,163444184,Huawei nova 15 Pro 12 ГБ/512 ГБ белый,price,284864,284861
2026-08-16T03:01:35Z,470000000,Актобе,163444356,Huawei nova 15 12 ГБ/512 ГБ белый,price,199858,199888
2026-08-16T03:01:35Z,470000000,Актобе,100305103,"Бассейн каркасный Bestway 56082/56424, 400x211x81 см",price,58727,58706
2026-08-16T03:01:35Z,470000000,Актобе,167232188,Huawei Watch Fit 5 43 мм черный,price,80088,79888
2026-08-16T03:01:35Z,470000000,Актобе,122237981,1WIN Магний + Витамин В6 для нервной системы капсулы 240 шт,price,3324,3321
2026-08-16T03:01:35Z,470000000,Актобе,15400145,"Бассейн каркасный Bestway Steel Pro Max 56420, 366x122 см",price,134510,134462
2026-08-16T03:01:35Z,470000000,Актобе,118273472,Аэрогриль Xiaomi Smart Air Fryer BHR7357EU 6.5 л черный,price,47888,47885
2026-08-16T03:01:35Z,470000000,Актобе,115287903,DREAME H12 Pro Plus CN черный,price,119337,119255
2026-08-16T03:01:35Z,470000000,Актобе,130251646,Наушники REDMI Buds 6 Play синий,price,6749,6746
2026-08-16T03:01:35Z,470000000,Актобе,151176828,TCL 65V6C 165 см черный,price,318386,317883
2026-08-16T03:01:35Z,470000000,Актобе,151176828,TCL 65V6C 165 см черный,discount,13,14
2026-08-16T03:01:35Z,470000000,Актобе,145557956,TECNO SPARK 40C 8 ГБ/256 ГБ черный,price,84008,83987
2026-08-16T03:01:35Z,470000000,Актобе,145557956,TECNO SPARK 40C 8 ГБ/256 ГБ черный,discount,18,19
2026-08-16T03:01:35Z,470000000,Актобе,132593287,"DREAME H30 Ultra Mix черный, серый",price,162674,162678
2026-08-16T03:01:35Z,470000000,Актобе,108894867,Аккумулятор AA Camelion 4 шт,discount,0,5
2026-08-16T03:01:35Z,470000000,Актобе,123910502,Наушники Xiaomi Type-C Earphones M2413E1 белый,price,2538,2534
2026-08-16T03:01:35Z,470000000,Актобе,137684212,DREAME H30 ULTRA MIX CE серый,price,162684,162673
2026-08-16T03:01:35Z,470000000,Актобе,102158689,Микрофон Fifine T669 черный,price,21590,21573
2026-08-16T03:01:35Z,470000000,Актобе,153376171,Bambu Lab PLA Basic 1.75 мм 1 кг красный,price,8706,8703
2026-08-16T03:01:35Z,470000000,Актобе,118273499,Аэрогриль Xiaomi Smart Air Fryer BHR7358EU 6.5 л белый,price,47207,47196
2026-08-16T03:01:35Z,470000000,Актобе,143119833,Midea FSC-900DX стальной,price,227902,227899
2026-08-16T03:01:35Z,470000000,Актобе,145978945,Внешний аккумулятор Xiaomi Super Slim Magnetic Power Bank 5000 мАч 22.5 Вт WPB0507S черный,price,18857,18853
2026-08-16T03:01:35Z,470000000,Актобе,102211273,Midea MH 60P 205 X серебристый,price,33527,33517
2026-08-16T03:01:35Z,470000000,Актобе,148462479,TCL 32S5K 81 см черный,price,119886,119895
2026-08-16T03:01:35Z,470000000,Актобе,123621889,Midea MFK03D105B/S-C серый,price,275125,275108
2026-08-16T03:01:35Z,470000000,Актобе,110349310,Canon EOS R50 Kit 18-45mm f4.5-6.3 IS STM черный,price,329370,329347
2026-08-16T03:01:35Z,470000000,Актобе,115633970,Canon LIDE 300 2995C010 черный,price,50841,50829
2026-08-16T03:01:35Z,470000000,Актобе,122142480,Huawei MatePad SE Wi-Fi 11 дюйм 8 Гб/128 Гб серый,price,118587,118558
2026-08-16T03:01:35Z,470000000,Актобе,1500075,Принтер Canon i-SENSYS LBP6030B,price,85587,85584
2026-08-16T03:01:35Z,470000000,Актобе,15300377,Transcend TS128GSDC300S 128 Gb,price,21610,21607
2026-08-16T03:01:35Z,470000000,Актобе,141746219,Xiaomi Robot Vacuum S40C Е101CDZ белый,price,84856,84853
2026-08-16T03:01:35Z,470000000,Актобе,144488883,Midea MCI-631LB2 черный,price,79560,79548
2026-08-16T03:01:35Z,470000000,Актобе,145553631,Xiaomi Robot Vacuum 5 Pro EU OV21GL белый,price,326089,326077
2026-08-16T03:01:35Z,470000000,Актобе,152842877,Видеорегистратор 70mai A410 черный,price,46276,46274
2026-08-16T03:01:35Z,470000000,Актобе,148148221,TCL 50V6C 127 см черный,price,219730,219724
2026-08-16T03:01:35Z,470000000,Актобе,137060417,AULA F75 MAX черный,price,27380,27375
2026-08-16T03:01:35Z,470000000,Актобе,101149860,Canon EOS RP RF 24-105 F4-7.1 IS STM,price,544967,544843
2026-08-16T03:01:35Z,470000000,Актобе,113404917,POCKET BOOK InkPad 4 7.8 дюйм 32 Гб серебристый,price,164704,164701
2026-08-16T03:01:35Z,470000000,Актобе,112245834,Canon EOS R8 Body черный,price,601971,601788
2026-08-16T03:01:35Z,470000000,Актобе,147987810,Huawei WATCH GT 6 41 мм золотистый-белый,price,105088,104888
2026-08-16T03:01:35Z,470000000,Актобе,166975826,HONOR 600 Pro 12 ГБ/512 ГБ черный,price,548676,548670
2026-08-16T03:01:35Z,470000000,Актобе,112301355,МФУ Canon MAXIFY GX3040,price,123842,123837
2026-08-16T03:01:35Z,470000000,Актобе,103313279,Очиститель воздуха SmartMi Smartmi Air Purifier P1 серый,price,55082,55070
2026-08-16T03:01:35Z,470000000,Актобе,151096402,Garmin Fenix 8 Pro 47 мм черный,price,653653,653638
2026-08-16T03:01:35Z,470000000,Актобе,140332288,Garmin Forerunner 970 47 мм черный,price,449056,449030
2026-08-16T03:01:35Z,470000000,Актобе,138584959,Garmin Vivoactive 6 42 мм бежевый,price,205998,205995
2026-08-16T03:01:35Z,470000000,Актобе,139307969,Кофемашина Xiaomi Semi-Automatic Espresso Machine серебристый,price,61248,61245
2026-08-16T03:01:35Z,470000000,Актобе,149031743,ZTE Nubia RedMagic Astra 9.06 дюйм 24 Гб/1024 Гб черный,price,569868,569865
2026-08-16T03:01:35Z,470000000,Актобе,138585258,Garmin Vivoactive 6 42 мм черный,price,199470,199466
2026-08-16T03:01:35Z,470000000,Актобе,109310071,Garmin Forerunner 265S 42 мм белый-белый,price,275055,275045
2026-08-16T03:01:35Z,470000000,Актобе,113029701,Garmin VENU 3S белый,price,278620,278605
2026-08-16T03:01:35Z,470000000,Актобе,118179738,Canon EOS R50 RF-S 15-45 IS STM черный,price,329370,329347
2026-08-16T03:01:35Z,470000000,Актобе,114761211,Fifine SC3,price,25309,25305
2026-08-16T03:01:35Z,470000000,Актобе,112972977,Видеорегистратор 70mai A810 черный,price,99933,99930
2026-08-16T03:01:35Z,470000000,Актобе,153277705,TCL 75V6C 191 см черный,price,422826,422823
2026-08-16T03:01:35Z,470000000,Актобе,122963617,Garmin Fenix 8 47 мм черный,price,605197,605107
2026-08-16T03:01:35Z,470000000,Актобе,142719480,"27"" Xiaomi 4K Monitor 27 A27Ui-EU P27UCB-RAGL черный",price,144898,144894
2026-08-16T03:01:35Z,470000000,Актобе,140597312,Midea MDWF-6029СLS серый,price,224578,224566
2026-08-16T03:01:35Z,470000000,Актобе,7300020,Transcend TS1TSJ25H3P 1000 Гб,price,63119,63116
2026-08-16T03:01:35Z,470000000,Актобе,163510365,HONOR 600 Lite 8 ГБ/256 ГБ черный,price,209520,209483
2026-08-16T03:01:35Z,470000000,Актобе,122966507,Garmin Fenix 8 51 мм черно-серый,price,652714,652643
2026-08-16T03:01:35Z,470000000,Актобе,143300737,Наушники MOONDROP Rays фиолетовый,price,47221,47218
2026-08-16T03:01:35Z,470000000,Актобе,151096352,Garmin Fenix 8 Pro 51 мм серебристый-серый,price,731186,731178
2026-08-16T03:01:35Z,470000000,Актобе,106852140,Garmin MARQ Golfer Gen 2 серебристый-зеленый-зеленый,price,1410407,1410343
2026-08-16T03:01:35Z,470000000,Актобе,154019790,"Xiaomi камера видеонаблюдения CW100, 3MP, расширение 2304x1296",price,26914,26910
2026-08-16T03:01:35Z,470000000,Актобе,109310183,Garmin Forerunner 265S 42 мм черный-черный,price,268679,268642
2026-08-16T03:01:35Z,470000000,Актобе,101513764,"Бассейн каркасный Bestway 5612B, 640x274x132 см",price,324456,368699
2026-08-16T03:01:35Z,470000000,Актобе,101513764,"Бассейн каркасный Bestway 5612B, 640x274x132 см",discount,15,0
2026-08-16T03:01:35Z,470000000,Актобе,122962879,Garmin Fenix 8 51 мм черный,price,607124,607069
2026-08-16T03:01:35Z,470000000,Актобе,154805003,Realme GT 8 Pro 16 ГБ/512 ГБ синий,price,599952,599950
2026-08-16T03:01:35Z,470000000,Актобе,120134606,AULA F75 Side-Printed голубой,price,22522,22518
2026-08-16T03:01:35Z,470000000,Актобе,128745315,Midea MF200W90WB/T-C серый,price,220823,220807
2026-08-16T03:01:35Z,470000000,Актобе,161563692,"Xiaomi камера видеонаблюдения Smart Camera C302 / MBC28, 3MP, расширение 2304x1296",price,18874,18870
2026-08-16T03:01:35Z,470000000,Актобе,109351561,Garmin Forerunner 965 белый,price,373569,373566
2026-08-16T03:01:35Z,470000000,Актобе,109719960,Transcend TS250GESD260C 250 ГБ,price,41713,41710
2026-08-16T03:01:35Z,470000000,Актобе,140332233,Garmin Forerunner 970 47 мм белый-зеленый,price,455193,455151
2026-08-16T03:01:35Z,470000000,Актобе,148005901,Huawei WATCH GT 6 46 мм серебристый-зеленый,price,94368,94365
2026-08-16T03:01:35Z,470000000,Актобе,154027556,"Xiaomi камера видеонаблюдения C500, 4MP, расширение 32001800",price,25894,25890
2026-08-16T03:01:35Z,470000000,Актобе,139561340,AULA HERO 68 HE белый,price,20651,20646
2026-08-16T03:01:35Z,470000000,Актобе,143300811,Наушники MOONDROP Aria 2 красный,price,49564,49561
2026-08-16T03:01:35Z,470000000,Актобе,145451616,"Dreame H30 Ultra Mix черный, серый",price,162684,162673
2026-08-16T03:01:35Z,470000000,Актобе,109731154,Canon EOS R7 Body черный,price,611043,610981
2026-08-16T03:01:35Z,470000000,Актобе,139955883,Huawei WATCH FIT 4 Pro 44 мм серебристый-зеленый,price,74730,74723
2026-08-16T03:01:35Z,470000000,Актобе,145820746,Roborock S8 Pro RRA0TAL черный,price,114582,114570
2026-08-16T03:01:35Z,470000000,Актобе,131430159,Наушники Soundcore Liberty 4 PRO черный,price,66354,66351
2026-08-16T03:01:35Z,470000000,Актобе,142884485,Garmin VENU X1 46 мм черный-черный,price,462959,462828
2026-08-16T03:01:35Z,470000000,Актобе,120935104,Dream H12 Pro PLUS черный,price,119354,119291
2026-08-16T03:01:35Z,470000000,Актобе,154084045,Bambu Lab PLA Matte 1.75 мм 1 кг темно-синий,price,8458,8998
2026-08-16T03:01:35Z,470000000,Актобе,154084045,Bambu Lab PLA Matte 1.75 мм 1 кг темно-синий,discount,14,0
2026-08-16T03:01:35Z,470000000,Актобе,137352961,AULA F75 Black Contour черный,price,23077,23073
2026-08-16T03:01:35Z,470000000,Актобе,134108074,Наушники Soundcore Liberty 4 PRO белый,price,59648,59638
2026-08-16T03:01:35Z,470000000,Актобе,133975075,Garmin Instinct 3 Solar 45 мм черный,price,249985,249977
2026-08-16T03:01:35Z,470000000,Актобе,116455986,Система подачи материалов Bambu Lab AMS - Automatic Material System,price,148988,141539
2026-08-16T03:01:35Z,470000000,Актобе,116455986,Система подачи материалов Bambu Lab AMS - Automatic Material System,discount,0,11
2026-08-16T03:01:35Z,470000000,Актобе,169114829,Roborock S9+ черный,price,184630,184618
2026-08-16T03:01:35Z,470000000,Актобе,156555269,Garmin Instinct 3 AMOLED 50 мм черный-синий,price,312988,312985
2026-08-16T03:01:35Z,470000000,Актобе,171512267,ONYX BOOX для Go 6 Gen II бежевый,price,10988,10439
2026-08-16T03:01:35Z,470000000,Актобе,171512267,ONYX BOOX для Go 6 Gen II бежевый,discount,22,25
2026-08-16T03:01:35Z,470000000,Актобе,169144934,Roborock S9+ белый,price,184630,184618
2026-08-16T03:01:35Z,470000000,Актобе,124278317,Garmin Fenix 8 Solar 47 мм черный,price,605006,604908
2026-08-16T03:01:35Z,470000000,Актобе,131472928,Портативная колонка Soundcore Boom 2 Plus синий,price,116323,116311
2026-08-16T03:01:35Z,470000000,Актобе,169114918,Roborock S9 черный,price,140630,140618
2026-08-16T03:01:35Z,470000000,Актобе,145557809,TECNO SPARK 40C 8 ГБ/256 ГБ белый,price,83037,83034
2026-08-16T03:01:35Z,470000000,Актобе,7300141,Transcend TS1TSJ25H3B 1000 Гб,price,62020,62010
2026-08-16T03:01:35Z,470000000,Актобе,141530670,Xiaomi Smart Band 10 серебристый,price,21909,21906
2026-08-16T03:01:35Z,470000000,Актобе,148148023,TCL 43V6C 109 см черный,price,179976,179985
2026-08-16T03:01:35Z,470000000,Актобе,165935475,ATK Dragonfly A9 Air белый,price,34461,34458
2026-08-16T03:01:35Z,470000000,Актобе,143973797,TECNO SPARK 40C 8 ГБ/128 ГБ белый,price,74672,74655
2026-08-16T03:01:35Z,470000000,Актобе,109310228,Garmin Forerunner 265S 42 мм розовый-розовый,price,281986,281981
2026-08-16T03:01:35Z,470000000,Актобе,130022770,Canon CANOSCAN LIDE 300 черный,price,50841,50829
2026-08-16T03:01:35Z,470000000,Актобе,114237446,Transcend TS256GUSD340S 256 Гб,price,79912,79907
2026-08-16T03:01:35Z,470000000,Актобе,148348291,Canon EOS R50 + RF-S 18-45 mm IS STM,price,329370,329347
2026-08-16T03:01:35Z,470000000,Актобе,116193383,Garmin Lily 2 Classic 25 мм серебристый-бежевый-бежевый,price,218988,218985
2026-08-16T03:01:35Z,470000000,Актобе,167230393,Наушники Huawei FreeBuds Pro 5 темно-серый,price,79178,78986
2026-08-16T03:01:35Z,470000000,Актобе,110723747,Canon RF 100-400mm f/5.6-8 IS USM,price,390312,390226
2026-08-16T03:01:35Z,470000000,Актобе,110723747,Canon RF 100-400mm f/5.6-8 IS USM,discount,17,18
2026-08-16T03:01:35Z,470000000,Актобе,116535193,МФУ Canon I-Sensys MF465dw 5951C007AA,price,224745,224730
2026-08-16T03:01:35Z,470000000,Актобе,132979867,AULA AU75 черный,price,22107,22103
2026-08-16T03:01:35Z,470000000,Актобе,113556362,Canon EOS R50 RF-S 18-45 + Kit 55-210 mm,price,574159,574149
2026-08-16T03:01:35Z,470000000,Актобе,141046478,Canon EOS R50 + RF-S 18-45 mm IS STM 5811C036,price,329374,329338
2026-08-16T03:01:35Z,470000000,Актобе,109731162,Canon EOS R10 kit RF-S 18–150mm f/3.5–6.3 IS STM,price,591112,591015
2026-08-16T03:01:35Z,470000000,Актобе,129064979,Canon EOS R100 + RF-S 18-45mm + RF-S 55-210mm,price,455484,455481
2026-08-16T03:01:35Z,470000000,Актобе,113028541,Garmin VENU 3 45 мм белый-белый,price,293048,293045
2026-08-16T03:01:35Z,470000000,Актобе,116788713,Transcend TS1TESD410C 1000 Гб,price,183770,183766
2026-08-16T03:01:35Z,470000000,Актобе,143300800,Наушники MOONDROP Aria 2 серебристый,price,48384,48381
2026-08-16T03:01:35Z,470000000,Актобе,138584777,Garmin Vivoactive 6 42 мм зеленый,price,206453,206450
2026-08-16T03:01:35Z,470000000,Актобе,163444484,Huawei nova 15 12 ГБ/256 ГБ белый,price,199858,199888
2026-08-16T03:01:35Z,470000000,Актобе,106851929,Garmin MARQ Aviator Gen 2 серебристый,price,1476646,1476618
2026-08-16T03:01:35Z,470000000,Актобе,15400127,"Бассейн каркасный Bestway Steel Pro Frame 56424, 400x211x81 см",price,58727,58706
2026-08-16T03:01:35Z,470000000,Актобе,110648816,Philips BHS752/00 утюжок 25 мм,price,61997,61994
2026-08-16T03:01:35Z,470000000,Актобе,157683664,Наушники AULA G7 черный,price,12242,12238
2026-08-16T03:01:35Z,470000000,Актобе,114801730,Canon RF 24mm f/1.8 Macro IS STM,price,272626,272610
2026-08-16T03:01:35Z,470000000,Актобе,169077113,Roborock S9 белый,price,140630,140618
2026-08-16T03:01:35Z,470000000,Актобе,143693130,Наушники AULA G7 белый,price,11446,11442
2026-08-16T03:01:35Z,470000000,Актобе,163483165,Наушники Soundcore Sleep A30 Green зеленый,price,85387,85385
2026-08-16T03:01:35Z,470000000,Актобе,141885718,Garmin Instinct 3 Solar Tactical 45 мм черный,price,289988,289985
2026-08-16T03:01:35Z,470000000,Актобе,128243261,Система подачи материалов Bambu Lab Ams lite,price,132701,132698
2026-08-16T03:01:35Z,470000000,Актобе,171178069,Roborock Saros 20 черный,price,699630,699618
2026-08-16T03:01:35Z,470000000,Актобе,116193133,Garmin Lily 2 Classic 25 мм бордовый-бордовый,price,218988,218985
2026-08-16T03:01:35Z,470000000,Актобе,163414583,AULA F75 розовый,price,23497,23492
2026-08-16T03:01:35Z,470000000,Актобе,137761682,AULA SC380 PRO белый,price,11285,11281
2026-08-16T03:01:35Z,470000000,Актобе,150445434,Sapphire PULSE AMD Radeon RX 9070 16 Гб,price,407610,407598
2026-08-16T03:01:35Z,470000000,Актобе,146975796,AULA HERO 68 HE Frosted белый,price,27234,27230
2026-08-16T03:01:35Z,470000000,Актобе,114176446,POCKET BOOK PB634-3-CIS 6 дюйм 1 Гб красный,price,105590,105587
2026-08-16T03:01:35Z,470000000,Актобе,122265923,Canon EOS R5 Mark II body,price,1728530,1728301
2026-08-16T03:01:35Z,470000000,Актобе,108430983,Canon EOS R7 Kit 18-150mm черный,price,809375,809254
2026-08-16T03:01:35Z,470000000,Актобе,137761585,AULA SC380 PRO черный,price,11102,11097
2026-08-16T03:01:35Z,470000000,Актобе,112143554,Transcend TS128GUSD340S 128 Гб,price,41793,41790
2026-08-16T03:01:35Z,470000000,Актобе,114460686,Garmin MARQ Golfer Gen 2 Carbon Edition черный,price,1756184,1756181
2026-08-16T03:01:35Z,470000000,Актобе,140932721,Midea MID60S350i-C серый,price,221478,221468
2026-08-16T03:01:35Z,470000000,Актобе,122651840,Canon RF-S 55-210mm f/5-7.1 IS STM,price,279344,279340
2026-08-16T03:01:35Z,470000000,Актобе,101018992,"Бассейн каркасный Bestway Power Steel 56465, 549x274x122 см",price,267788,267785
2026-08-16T03:01:35Z,470000000,Актобе,105544265,Canon RF 70-200mm f/4L IS USM,price,813047,812990
2026-08-16T03:01:35Z,470000000,Актобе,112921022,МФУ Canon imageRUNNER 2224 5942C001,price,608790,608787
2026-08-16T04:37:52Z,750000000,Алматы,108430990,Canon EOS R6 Mark II Body черный,price,813702,813135
2026-08-16T04:37:52Z,750000000,Алматы,129065160,Наушники REDMI Buds 6 Play розовый,price,6758,6752
2026-08-16T04:37:52Z,750000000,Алматы,147374082,HONOR X9d 12 ГБ/256 ГБ черный,price,237912,237900
2026-08-16T04:37:52Z,750000000,Алматы,134328061,"Видеорегистратор 70mai M310 черный, серый",price,28560,28554
2026-08-16T04:37:52Z,750000000,Алматы,117969957,PXN V99 черный,price,102628,102622
2026-08-16T04:37:52Z,750000000,Алматы,106042231,Наушники Fifine H6 черный,price,19997,19991
2026-08-16T04:37:52Z,750000000,Алматы,106795757,Canon EOS R10 kit 18-45mm IS STM,price,462018,461866
2026-08-16T04:37:52Z,750000000,Алматы,147026783,Garmin Venu 4s 41 мм золотистый-белый,price,339464,339462
2026-08-16T04:37:52Z,750000000,Алматы,115034062,МФУ Canon i-SENSYS MF275dw,price,185875,185849
2026-08-16T04:37:52Z,750000000,Алматы,7300284,Transcend TS4TSJ25H3P 4000 Гб,price,138210,138208
2026-08-16T04:37:52Z,750000000,Алматы,110151201,Canon EOS R6 Mark II Kit RF 24-105mm F/4-7.1 IS STM черный,price,1078981,1078827
2026-08-16T04:37:52Z,750000000,Алматы,141530632,Xiaomi Smart Band 10 черный,price,21906,21900
2026-08-16T04:37:52Z,750000000,Алматы,119596967,EPOMAKER x AULA F75 черный,price,21330,21322
2026-08-16T04:37:52Z,750000000,Алматы,139895845,Roborock F25 - ACE черный,price,199574,199550
2026-08-16T04:37:52Z,750000000,Алматы,134659950,Sen Sulu Concealer консилер 03 natural beige,price,3603,3600
2026-08-16T04:37:52Z,750000000,Алматы,146792191,Midea MD200H90WB/T-C серый,price,266152,266068
2026-08-16T04:37:52Z,750000000,Алматы,140332176,Garmin Forerunner 970 47 мм бежевый-фиолетовый,price,457884,457825
2026-08-16T04:37:52Z,750000000,Алматы,122963224,Garmin Fenix 8 43 мм белый-белый,price,544355,544238
2026-08-16T04:37:52Z,750000000,Алматы,106042325,Микрофон Fifine A6V черный,price,18690,18684
2026-08-16T04:37:52Z,750000000,Алматы,115178468,POCKET BOOK PB629-M-CIS 6 дюйм 8 Гб серый,price,87670,87662
2026-08-16T04:37:52Z,750000000,Алматы,145820693,Roborock S8 Pro RRA0TAL белый,price,114580,114556
2026-08-16T04:37:52Z,750000000,Алматы,132855201,AULA F75 Side-Printed розовый,price,21453,21445
2026-08-16T04:37:52Z,750000000,Алматы,110057315,70mai зарядное устройство для видеорегистратора Midrive UP03 USB Type-C черный,price,8341,8336
2026-08-16T04:37:52Z,750000000,Алматы,110057315,70mai зарядное устройство для видеорегистратора Midrive UP03 USB Type-C черный,discount,24,25
2026-08-16T04:37:52Z,750000000,Алматы,133974886,Garmin Instinct E 45 мм серый,price,186985,186979
2026-08-16T04:37:52Z,750000000,Алматы,113029065,Garmin VENU 3S 41 мм розовый-розовый,price,293983,293975
2026-08-16T04:37:52Z,750000000,Алматы,103627190,Canon RF 16mm f/2.8 STM,price,129094,129054
2026-08-16T04:37:52Z,750000000,Алматы,150110690,Sen Sulu blush stick румяна 03 frosted bllom,price,8853,8847
2026-08-16T04:37:52Z,750000000,Алматы,131472887,Портативная колонка Soundcore Select 4 Go фиолетовый,price,13259,13257
2026-08-16T04:37:52Z,750000000,Алматы,101392231,Wi-Fi точка доступа TP-LINK Deco X20 белый,price,79920,79918
2026-08-16T04:37:52Z,750000000,Алматы,145620660,TECNO SPARK 40C 8 ГБ/128 ГБ серый,price,74800,74777
2026-08-16T04:37:52Z,750000000,Алматы,123942422,Canon RF 35mm f/1.4 L VCM,price,737224,737173
2026-08-16T04:37:52Z,750000000,Алматы,145978939,Внешний аккумулятор Xiaomi Super Slim Magnetic Power Bank 5000 мАч 22.5 Вт WPB0507S фиолетовый,price,18870,18866
2026-08-16T04:37:52Z,750000000,Алматы,131679416,Наушники Soundcore K20i черный,price,8855,8852
2026-08-16T04:37:52Z,750000000,Алматы,148341196,Huawei nova 14 Pro 12 ГБ/512 ГБ розовый,price,244129,244105
2026-08-16T04:37:52Z,750000000,Алматы,120263286,Bambu Lab PLA Matte 1.75 мм 1 кг черный,price,8927,8921
2026-08-16T04:37:52Z,750000000,Алматы,145978921,Внешний аккумулятор Xiaomi Super Slim Magnetic Power Bank 5000 мАч 22.5 Вт WPB0507S золотистый,price,18872,18868
2026-08-16T04:37:52Z,750000000,Алматы,147392127,Внешний аккумулятор Xiaomi Super Slim Magnetic WPB0507S (BHR08PMGL) 5000 мАч 22.5 Вт черный,price,18853,18845
2026-08-16T04:37:52Z,750000000,Алматы,129319883,Garmin Lily 2 Active 38 мм серебристый-фиолетовый,price,218985,218979
2026-08-16T04:37:52Z,750000000,Алматы,121221349,1WIN Коллаген морской с Витамином С для кожи и суставов капсулы 155 шт,price,3698,3513
2026-08-16T04:37:52Z,750000000,Алматы,131472895,Портативная колонка Soundcore Select 4 Go зеленый,price,13705,13289
2026-08-16T04:37:52Z,750000000,Алматы,117170979,Наушники Soundcore H30i белый,price,16990,16139
2026-08-16T04:37:52Z,750000000,Алматы,103492220,"Бассейн каркасный Bestway 56714, 427x250x100 см",price,144650,144644
2026-08-16T04:37:52Z,750000000,Алматы,116631467,"Бассейн каркасный Bestway 561FY, 396x396x107 см",price,116308,116300
2026-08-16T04:37:52Z,750000000,Алматы,100091043,"Бассейн надувной Bestway Аквариум 53052, 239x206x26 см",price,21146,21138
2026-08-16T04:37:52Z,750000000,Алматы,163444184,Huawei nova 15 Pro 12 ГБ/512 ГБ белый,price,284861,284888
2026-08-16T04:37:52Z,750000000,Алматы,100305103,"Бассейн каркасный Bestway 56082/56424, 400x211x81 см",price,58706,58664
2026-08-16T04:37:52Z,750000000,Алматы,167232229,Huawei Watch Fit 5 43 мм серебристый--белый,price,79888,79688
2026-08-16T04:37:52Z,750000000,Алматы,122237981,1WIN Магний + Витамин В6 для нервной системы капсулы 240 шт,price,3321,3318
2026-08-16T04:37:52Z,750000000,Алматы,15400145,"Бассейн каркасный Bestway Steel Pro Max 56420, 366x122 см",price,134462,134441
2026-08-16T04:37:52Z,750000000,Алматы,118273472,Аэрогриль Xiaomi Smart Air Fryer BHR7357EU 6.5 л черный,price,47885,47879
2026-08-16T04:37:52Z,750000000,Алматы,115287903,DREAME H12 Pro Plus CN черный,price,119255,119236
2026-08-16T04:37:52Z,750000000,Алматы,130251646,Наушники REDMI Buds 6 Play синий,price,6746,6740
2026-08-16T04:37:52Z,750000000,Алматы,145557956,TECNO SPARK 40C 8 ГБ/256 ГБ черный,price,83987,83955
2026-08-16T04:37:52Z,750000000,Алматы,132593287,"DREAME H30 Ultra Mix черный, серый",price,162678,162672
2026-08-16T04:37:52Z,750000000,Алматы,123910502,Наушники Xiaomi Type-C Earphones M2413E1 белый,price,2534,2526
2026-08-16T04:37:52Z,750000000,Алматы,123910502,Наушники Xiaomi Type-C Earphones M2413E1 белый,discount,36,37
2026-08-16T04:37:52Z,750000000,Алматы,103171305,Батарейка D Camelion 2 шт,price,568,565
2026-08-16T04:37:52Z,750000000,Алматы,109522766,Midea AG925BV1-BL черный,price,96992,96979
2026-08-16T04:37:52Z,750000000,Алматы,137684212,DREAME H30 ULTRA MIX CE серый,price,162673,162665
2026-08-16T04:37:52Z,750000000,Алматы,102158689,Микрофон Fifine T669 черный,price,21573,21540
2026-08-16T04:37:52Z,750000000,Алматы,153376171,Bambu Lab PLA Basic 1.75 мм 1 кг красный,price,8703,8697
2026-08-16T04:37:52Z,750000000,Алматы,100728279,Батарейка AAA Camelion 10 шт,price,1214,1211
2026-08-16T04:37:52Z,750000000,Алматы,118273499,Аэрогриль Xiaomi Smart Air Fryer BHR7358EU 6.5 л белый,price,47196,47176
2026-08-16T04:37:52Z,750000000,Алматы,115353117,Аккумулятор AAA Camelion 2 шт,price,1281,1278
2026-08-16T04:37:52Z,750000000,Алматы,15300183,Transcend TS64GUSD300S 64 Гб,price,15909,15905
2026-08-16T04:37:52Z,750000000,Алматы,106515561,Микрофон Fifine K688 черный,price,36411,35909
2026-08-16T04:37:52Z,750000000,Алматы,143119833,Midea FSC-900DX стальной,price,227899,227893
2026-08-16T04:37:52Z,750000000,Алматы,101802966,ESTEL PROFESSIONAL DeLuxe Ultra blond 30 мл осветляющий порошок 30 мл,price,1213,1238
2026-08-16T04:37:52Z,750000000,Алматы,140943468,Sen Sulu глиттер прессованные Sparkle mood 04 Rosy Peach,price,3385,3382
2026-08-16T04:37:52Z,750000000,Алматы,115773773,Наушники Fifine H9 белый,price,21838,21834
2026-08-16T04:37:52Z,750000000,Алматы,145978945,Внешний аккумулятор Xiaomi Super Slim Magnetic Power Bank 5000 мАч 22.5 Вт WPB0507S черный,price,18853,18845
2026-08-16T04:37:52Z,750000000,Алматы,102211273,Midea MH 60P 205 X серебристый,price,33517,33497
2026-08-16T04:37:52Z,750000000,Алматы,148240615,Huawei WATCH GT 6 Pro 46 мм черный-черный,price,163087,162887
2026-08-16T04:37:52Z,750000000,Алматы,139183880,Наушники Realme T200 Lite серый,price,7889,7886
2026-08-16T04:37:52Z,750000000,Алматы,123621889,Midea MFK03D105B/S-C серый,price,275108,275074
2026-08-16T04:37:52Z,750000000,Алматы,110349310,Canon EOS R50 Kit 18-45mm f4.5-6.3 IS STM черный,price,329347,329322
2026-08-16T04:37:52Z,750000000,Алматы,115633970,Canon LIDE 300 2995C010 черный,price,50829,50817
2026-08-16T04:37:52Z,750000000,Алматы,122142480,Huawei MatePad SE Wi-Fi 11 дюйм 8 Гб/128 Гб серый,price,118558,118548
2026-08-16T04:37:52Z,750000000,Алматы,1500075,Принтер Canon i-SENSYS LBP6030B,price,85584,85578
2026-08-16T04:37:52Z,750000000,Алматы,15300377,Transcend TS128GSDC300S 128 Gb,price,21607,21601
2026-08-16T04:37:52Z,750000000,Алматы,141746219,Xiaomi Robot Vacuum S40C Е101CDZ белый,price,84853,84847
2026-08-16T04:37:52Z,750000000,Алматы,154255448,"Xiaomi камера видеонаблюдения MJSXJ27CM, 8MP, расширение 3840x2160",price,28164,28160
2026-08-16T04:37:52Z,750000000,Алматы,152842877,Видеорегистратор 70mai A410 черный,price,46274,46270
2026-08-16T04:37:52Z,750000000,Алматы,148148221,TCL 50V6C 127 см черный,price,219724,219712
2026-08-16T04:37:52Z,750000000,Алматы,131791279,1WIN Таурин капсулы 90 шт,price,2047,1972
2026-08-16T04:37:52Z,750000000,Алматы,131791279,1WIN Таурин капсулы 90 шт,discount,24,27
2026-08-16T04:37:52Z,750000000,Алматы,137060417,AULA F75 MAX черный,price,27375,27365
2026-08-16T04:37:52Z,750000000,Алматы,101149860,Canon EOS RP RF 24-105 F4-7.1 IS STM,price,544843,544736
2026-08-16T04:37:52Z,750000000,Алматы,154027559,"Xiaomi камера видеонаблюдения C201 MBC27, 2MP, расширение 1920x1080",price,13162,13158
2026-08-16T04:37:52Z,750000000,Алматы,101842967,ESTEL PROFESSIONAL Сurex Color Intense чистый цвет шампунь оттеночный 300 мл,price,3246,3398
2026-08-16T04:37:52Z,750000000,Алматы,113404917,POCKET BOOK InkPad 4 7.8 дюйм 32 Гб серебристый,price,164701,164695
2026-08-16T04:37:52Z,750000000,Алматы,112245834,Canon EOS R8 Body черный,price,601788,601602
2026-08-16T04:37:52Z,750000000,Алматы,151630887,ESTEL PROFESSIONAL Only Looks краска Графит 80 мл,price,2278,2212
2026-08-16T04:37:52Z,750000000,Алматы,151630887,ESTEL PROFESSIONAL Only Looks краска Графит 80 мл,discount,13,16
2026-08-16T04:37:52Z,750000000,Алматы,100018649,Philips BHD274/00 DryCare Pro фен черный,price,29291,29288
2026-08-16T04:37:52Z,750000000,Алматы,166975826,HONOR 600 Pro 12 ГБ/512 ГБ черный,price,548670,548658
2026-08-16T04:37:52Z,750000000,Алматы,112301355,МФУ Canon MAXIFY GX3040,price,123837,123828
2026-08-16T04:37:52Z,750000000,Алматы,103313279,Очиститель воздуха SmartMi Smartmi Air Purifier P1 серый,price,55070,55046
2026-08-16T04:37:52Z,750000000,Алматы,151096402,Garmin Fenix 8 Pro 47 мм черный,price,653638,653608
2026-08-16T04:37:52Z,750000000,Алматы,140332288,Garmin Forerunner 970 47 мм черный,price,449030,448987
2026-08-16T04:37:52Z,750000000,Алматы,138584959,Garmin Vivoactive 6 42 мм бежевый,price,205995,205989
2026-08-16T04:37:52Z,750000000,Алматы,139307969,Кофемашина Xiaomi Semi-Automatic Espresso Machine серебристый,price,61245,61239
2026-08-16T04:37:52Z,750000000,Алматы,120554885,Xiaomi Robot Vacuum S20+ белый,price,131000,130998
2026-08-16T04:37:52Z,750000000,Алматы,149031743,ZTE Nubia RedMagic Astra 9.06 дюйм 24 Гб/1024 Гб черный,price,569865,569859
2026-08-16T04:37:52Z,750000000,Алматы,138585258,Garmin Vivoactive 6 42 мм черный,price,199466,199458
2026-08-16T04:37:52Z,750000000,Алматы,109310071,Garmin Forerunner 265S 42 мм белый-белый,price,275045,275024
2026-08-16T04:37:52Z,750000000,Алматы,134108182,Портативная колонка Soundcore Select 4 Go черный,price,13255,13253
2026-08-16T04:37:52Z,750000000,Алматы,113029701,Garmin VENU 3S белый,price,278605,278581
2026-08-16T04:37:52Z,750000000,Алматы,118179738,Canon EOS R50 RF-S 15-45 IS STM черный,price,329347,329322
2026-08-16T04:37:52Z,750000000,Алматы,15300249,Transcend TS32GSDC300S 32 Гб,price,16003,15999
2026-08-16T04:37:52Z,750000000,Алматы,102688255,ESTEL PROFESSIONAL Celebrity 5/65 спелая вишня крем-краска 140 мл,price,2656,2653
2026-08-16T04:37:52Z,750000000,Алматы,100115672,MESH-система TP-LINK Deco M4 белый,price,46153,46150
2026-08-16T04:37:52Z,750000000,Алматы,114761211,Fifine SC3,price,25305,25297
2026-08-16T04:37:52Z,750000000,Алматы,112972977,Видеорегистратор 70mai A810 черный,price,99930,99924
2026-08-16T04:37:52Z,750000000,Алматы,153277705,TCL 75V6C 191 см черный,price,422823,422817
2026-08-16T04:37:52Z,750000000,Алматы,122963617,Garmin Fenix 8 47 мм черный,price,605107,605003
2026-08-16T04:37:52Z,750000000,Алматы,142719480,"27"" Xiaomi 4K Monitor 27 A27Ui-EU P27UCB-RAGL черный",price,144894,144886
2026-08-16T04:37:52Z,750000000,Алматы,7300020,Transcend TS1TSJ25H3P 1000 Гб,price,63116,63110
2026-08-16T04:37:52Z,750000000,Алматы,163510365,HONOR 600 Lite 8 ГБ/256 ГБ черный,price,209483,209429
2026-08-16T04:37:52Z,750000000,Алматы,122966507,Garmin Fenix 8 51 мм черно-серый,price,652643,652547
2026-08-16T04:37:52Z,750000000,Алматы,24300444,ESTEL PROFESSIONAL Curex основной уход спрей-кондиционер 200 мл,price,3698,3571
2026-08-16T04:37:52Z,750000000,Алматы,24300444,ESTEL PROFESSIONAL Curex основной уход спрей-кондиционер 200 мл,discount,14,17
2026-08-16T04:37:52Z,750000000,Алматы,143300737,Наушники MOONDROP Rays фиолетовый,price,47218,47212
2026-08-16T04:37:52Z,750000000,Алматы,151096352,Garmin Fenix 8 Pro 51 мм серебристый-серый,price,731178,731162
2026-08-16T04:37:52Z,750000000,Алматы,106852140,Garmin MARQ Golfer Gen 2 серебристый-зеленый-зеленый,price,1410343,1410256
2026-08-16T04:37:52Z,750000000,Алматы,154019790,"Xiaomi камера видеонаблюдения CW100, 3MP, расширение 2304x1296",price,26910,26906
2026-08-16T04:37:52Z,750000000,Алматы,109310183,Garmin Forerunner 265S 42 мм черный-черный,price,268642,268589
2026-08-16T04:37:52Z,750000000,Алматы,122962879,Garmin Fenix 8 51 мм черный,price,607069,607031
2026-08-16T04:37:52Z,750000000,Алматы,167241011,CUBOT KingKong Mini 4 6 ГБ/128 ГБ темно-серый,price,99963,99960
2026-08-16T04:37:52Z,750000000,Алматы,154805003,Realme GT 8 Pro 16 ГБ/512 ГБ синий,price,599950,599946
2026-08-16T04:37:52Z,750000000,Алматы,108142775,Напольный штатив 1_7m белый,price,9982,9980
2026-08-16T04:37:52Z,750000000,Алматы,120134606,AULA F75 Side-Printed голубой,price,22518,22510
2026-08-16T04:37:52Z,750000000,Алматы,102688286,ESTEL PROFESSIONAL Celebrity 1/0 черный крем-краска 140 мл,price,2428,2425
2026-08-16T04:37:52Z,750000000,Алматы,128745315,Midea MF200W90WB/T-C серый,price,220807,220775
2026-08-16T04:37:52Z,750000000,Алматы,161563692,"Xiaomi камера видеонаблюдения Smart Camera C302 / MBC28, 3MP, расширение 2304x1296",price,18870,18866
2026-08-16T04:37:52Z,750000000,Алматы,128807561,"Canon AS-2400, 14-разрядный, серый",price,4159,4156
2026-08-16T04:37:52Z,750000000,Алматы,109351561,Garmin Forerunner 965 белый,price,373566,373560
2026-08-16T04:37:52Z,750000000,Алматы,109719960,Transcend TS250GESD260C 250 ГБ,price,41710,41704
2026-08-16T04:37:52Z,750000000,Алматы,100440583,TP-Link TL-SF1024D черный,price,29212,29208
2026-08-16T04:37:52Z,750000000,Алматы,140332233,Garmin Forerunner 970 47 мм белый-зеленый,price,455151,455080
2026-08-16T04:37:52Z,750000000,Алматы,148005901,Huawei WATCH GT 6 46 мм серебристый-зеленый,price,94365,94359
2026-08-16T04:37:52Z,750000000,Алматы,139712172,Kingston Secure Digital XC SDG4/256GB 256 Гб,price,39235,39223
2026-08-16T04:37:52Z,750000000,Алматы,154027556,"Xiaomi камера видеонаблюдения C500, 4MP, расширение 32001800",price,25890,25886
2026-08-16T04:37:52Z,750000000,Алматы,137331022,Наушники Soundcore K20i белый,price,8856,8853
2026-08-16T04:37:52Z,750000000,Алматы,139561340,AULA HERO 68 HE белый,price,20646,20636
2026-08-16T04:37:52Z,750000000,Алматы,143300811,Наушники MOONDROP Aria 2 красный,price,49561,49555
2026-08-16T04:37:52Z,750000000,Алматы,161773879,MCHOSE A5 V3 Ultra голубой,price,24708,24705
2026-08-16T04:37:52Z,750000000,Алматы,145451616,"Dreame H30 Ultra Mix черный, серый",price,162673,162665
2026-08-16T04:37:52Z,750000000,Алматы,109731154,Canon EOS R7 Body черный,price,610981,610850
2026-08-16T04:37:52Z,750000000,Алматы,139955883,Huawei WATCH FIT 4 Pro 44 мм серебристый-зеленый,price,74723,74713
2026-08-16T04:37:52Z,750000000,Алматы,145820746,Roborock S8 Pro RRA0TAL черный,price,114570,114546
2026-08-16T04:37:52Z,750000000,Алматы,131430159,Наушники Soundcore Liberty 4 PRO черный,price,66351,66345
2026-08-16T04:37:52Z,750000000,Алматы,142884485,Garmin VENU X1 46 мм черный-черный,price,462828,462617
2026-08-16T04:37:52Z,750000000,Алматы,120935104,Dream H12 Pro PLUS черный,price,119291,119226
2026-08-16T04:37:52Z,750000000,Алматы,100677657,Transcend TS128GUSD350V 128 Гб,price,40529,40526
2026-08-16T04:37:52Z,750000000,Алматы,168139397,"Сумка шоппер Sen sulu текстиль черный, бежевый",price,1492,1397
2026-08-16T04:37:52Z,750000000,Алматы,168139397,"Сумка шоппер Sen sulu текстиль черный, бежевый",discount,25,30
2026-08-16T04:37:52Z,750000000,Алматы,137352961,AULA F75 Black Contour черный,price,23073,23065
2026-08-16T04:37:52Z,750000000,Алматы,100169135,USB Flash карта Transcend TS64GJF790K 64 Гб черный,price,5985,5982
2026-08-16T04:37:52Z,750000000,Алматы,134108074,Наушники Soundcore Liberty 4 PRO белый,price,59638,59626
2026-08-16T04:37:52Z,750000000,Алматы,133975075,Garmin Instinct 3 Solar 45 мм черный,price,249977,249961
2026-08-16T04:37:52Z,750000000,Алматы,169114829,Roborock S9+ черный,price,184618,184594
2026-08-16T04:37:52Z,750000000,Алматы,156555269,Garmin Instinct 3 AMOLED 50 мм черный-синий,price,312985,312979
2026-08-16T04:37:52Z,750000000,Алматы,169144934,Roborock S9+ белый,price,184618,184606
2026-08-16T04:37:52Z,750000000,Алматы,124278317,Garmin Fenix 8 Solar 47 мм черный,price,604908,604786
2026-08-16T04:37:52Z,750000000,Алматы,131472928,Портативная колонка Soundcore Boom 2 Plus синий,price,116311,116287
2026-08-16T04:37:52Z,750000000,Алматы,169114918,Roborock S9 черный,price,140618,140594
2026-08-16T04:37:52Z,750000000,Алматы,145557809,TECNO SPARK 40C 8 ГБ/256 ГБ белый,price,83034,83028
2026-08-16T04:37:52Z,750000000,Алматы,7300141,Transcend TS1TSJ25H3B 1000 Гб,price,62010,62000
2026-08-16T04:37:52Z,750000000,Алматы,100203160,Transcend TS64GJF700 JetFlash 700 64Gb черный,price,10985,10982
2026-08-16T04:37:52Z,750000000,Алматы,141530670,Xiaomi Smart Band 10 серебристый,price,21906,21900
2026-08-16T04:37:52Z,750000000,Алматы,165935475,ATK Dragonfly A9 Air белый,price,34458,34452
2026-08-16T04:37:52Z,750000000,Алматы,143973797,TECNO SPARK 40C 8 ГБ/128 ГБ белый,price,74655,74627
2026-08-16T04:37:52Z,750000000,Алматы,109310228,Garmin Forerunner 265S 42 мм розовый-розовый,price,281981,281971
2026-08-16T04:37:52Z,750000000,Алматы,130022770,Canon CANOSCAN LIDE 300 черный,price,50829,50817
2026-08-16T04:37:52Z,750000000,Алматы,144572628,"ESTEL PROFESSIONAL маска оттеночная Тонирующая маска для волос ESTEL SECRETS ЦВЕТ-ЭКСПЕРТ 6/74 Карамельный Мокко, 150 мл 150 мл",price,3579,3576
2026-08-16T04:37:52Z,750000000,Алматы,114237446,Transcend TS256GUSD340S 256 Гб,price,79907,79897
2026-08-16T04:37:52Z,750000000,Алматы,148348291,Canon EOS R50 + RF-S 18-45 mm IS STM,price,329347,329322
2026-08-16T04:37:52Z,750000000,Алматы,116193383,Garmin Lily 2 Classic 25 мм серебристый-бежевый-бежевый,price,218985,218979
2026-08-16T04:37:52Z,750000000,Алматы,161773630,MCHOSE K7 Ultra розовый,price,40616,40613
2026-08-16T04:37:52Z,750000000,Алматы,122271751,1WIN Органик детокс («Organic detox»). капсулы 60 шт,price,4674,4403
2026-08-16T04:37:52Z,750000000,Алматы,122271751,1WIN Органик детокс («Organic detox»). капсулы 60 шт,discount,44,48
2026-08-16T04:37:52Z,750000000,Алматы,167230393,Наушники Huawei FreeBuds Pro 5 темно-серый,price,78986,78978
2026-08-16T04:37:52Z,750000000,Алматы,110723747,Canon RF 100-400mm f/5.6-8 IS USM,price,390226,390089
2026-08-16T04:37:52Z,750000000,Алматы,116535193,МФУ Canon I-Sensys MF465dw 5951C007AA,price,224730,224695
2026-08-16T04:37:52Z,750000000,Алматы,132979867,AULA AU75 черный,price,22103,22095
2026-08-16T04:37:52Z,750000000,Алматы,113556362,Canon EOS R50 RF-S 18-45 + Kit 55-210 mm,price,574149,574130
2026-08-16T04:37:52Z,750000000,Алматы,141046478,Canon EOS R50 + RF-S 18-45 mm IS STM 5811C036,price,329338,329313
2026-08-16T04:37:52Z,750000000,Алматы,154406912,Наушники Soundcore R50i белый,price,9489,9487
2026-08-16T04:37:52Z,750000000,Алматы,109731162,Canon EOS R10 kit RF-S 18–150mm f/3.5–6.3 IS STM,price,591015,590854
2026-08-16T04:37:52Z,750000000,Алматы,129064979,Canon EOS R100 + RF-S 18-45mm + RF-S 55-210mm,price,455481,455475
2026-08-16T04:37:52Z,750000000,Алматы,113028541,Garmin VENU 3 45 мм белый-белый,price,293045,293039
2026-08-16T04:37:52Z,750000000,Алматы,116788713,Transcend TS1TESD410C 1000 Гб,price,183766,183762
2026-08-16T04:37:52Z,750000000,Алматы,131343012,"Аэрогриль Panasonic NF-CC600ATS 6 л черный, синий",price,95869,101988
2026-08-16T04:37:52Z,750000000,Алматы,131343012,"Аэрогриль Panasonic NF-CC600ATS 6 л черный, синий",discount,33,28
2026-08-16T04:37:52Z,750000000,Алматы,143300800,Наушники MOONDROP Aria 2 серебристый,price,48381,48375
2026-08-16T04:37:52Z,750000000,Алматы,138584777,Garmin Vivoactive 6 42 мм зеленый,price,206450,206444
2026-08-16T04:37:52Z,750000000,Алматы,106851929,Garmin MARQ Aviator Gen 2 серебристый,price,1476618,1476612
2026-08-16T04:37:52Z,750000000,Алматы,15400127,"Бассейн каркасный Bestway Steel Pro Frame 56424, 400x211x81 см",price,58706,58664
2026-08-16T04:37:52Z,750000000,Алматы,110648816,Philips BHS752/00 утюжок 25 мм,price,61994,61988
2026-08-16T04:37:52Z,750000000,Алматы,157683664,Наушники AULA G7 черный,price,12238,12230
2026-08-16T04:37:52Z,750000000,Алматы,114801730,Canon RF 24mm f/1.8 Macro IS STM,price,272610,272591
2026-08-16T04:37:52Z,750000000,Алматы,169077113,Roborock S9 белый,price,140618,140594
2026-08-16T04:37:52Z,750000000,Алматы,143693130,Наушники AULA G7 белый,price,11442,11434
2026-08-16T04:37:52Z,750000000,Алматы,163483165,Наушники Soundcore Sleep A30 Green зеленый,price,85385,85381
2026-08-16T04:37:52Z,750000000,Алматы,154806693,Наушники Soundcore R50i синий,price,9487,9485
2026-08-16T04:37:52Z,750000000,Алматы,141885718,Garmin Instinct 3 Solar Tactical 45 мм черный,price,289985,289979
2026-08-16T04:37:52Z,750000000,Алматы,128243261,Система подачи материалов Bambu Lab Ams lite,price,132698,132692
2026-08-16T04:37:52Z,750000000,Алматы,171178069,Roborock Saros 20 черный,price,699618,699594
2026-08-16T04:37:52Z,750000000,Алматы,116193133,Garmin Lily 2 Classic 25 мм бордовый-бордовый,price,218985,218979
2026-08-16T04:37:52Z,750000000,Алматы,163414583,AULA F75 розовый,price,23492,23482
2026-08-16T04:37:52Z,750000000,Алматы,137761682,AULA SC380 PRO белый,price,11281,11273
2026-08-16T04:37:52Z,750000000,Алматы,150445434,Sapphire PULSE AMD Radeon RX 9070 16 Гб,price,407598,407574
2026-08-16T04:37:52Z,750000000,Алматы,146975796,AULA HERO 68 HE Frosted белый,price,27230,27222
2026-08-16T04:37:52Z,750000000,Алматы,114176446,POCKET BOOK PB634-3-CIS 6 дюйм 1 Гб красный,price,105587,105581
2026-08-16T04:37:52Z,750000000,Алматы,122265923,Canon EOS R5 Mark II body,price,1728301,1728004
2026-08-16T04:37:52Z,750000000,Алматы,108149625,Logitech Lift Vertical Ergonomic розовый,price,40930,40918
2026-08-16T04:37:52Z,750000000,Алматы,108430983,Canon EOS R7 Kit 18-150mm черный,price,809254,809135
2026-08-16T04:37:52Z,750000000,Алматы,137761585,AULA SC380 PRO черный,price,11097,11087
2026-08-16T04:37:52Z,750000000,Алматы,112143554,Transcend TS128GUSD340S 128 Гб,price,41790,41784
2026-08-16T04:37:52Z,750000000,Алматы,100017229,CENTEK CT-2347 фиолетовый,price,9583,9579
2026-08-16T04:37:52Z,750000000,Алматы,114460686,Garmin MARQ Golfer Gen 2 Carbon Edition черный,price,1756181,1756175
2026-08-16T04:37:52Z,750000000,Алматы,140932721,Midea MID60S350i-C серый,price,221468,221466
2026-08-16T04:37:52Z,750000000,Алматы,122651840,Canon RF-S 55-210mm f/5-7.1 IS STM,price,279340,279332
2026-08-16T04:37:52Z,750000000,Алматы,101018992,"Бассейн каркасный Bestway Power Steel 56465, 549x274x122 см",price,267785,267779
2026-08-16T04:37:52Z,750000000,Алматы,105544265,Canon RF 70-200mm f/4L IS USM,price,812990,812863
2026-08-16T04:37:52Z,750000000,Алматы,112921022,МФУ Canon imageRUNNER 2224 5942C001,price,608787,608781
2026-08-16T04:37:52Z,710000000,Астана,108430990,Canon EOS R6 Mark II Body черный,price,813702,813166
2026-08-16T04:37:52Z,710000000,Астана,129065160,Наушники REDMI Buds 6 Play розовый,price,6758,6752
2026-08-16T04:37:52Z,710000000,Астана,147374082,HONOR X9d 12 ГБ/256 ГБ черный,price,237912,237900
2026-08-16T04:37:52Z,710000000,Астана,134328061,"Видеорегистратор 70mai M310 черный, серый",price,28560,28554
2026-08-16T04:37:52Z,710000000,Астана,117969957,PXN V99 черный,price,102628,102622
2026-08-16T04:37:52Z,710000000,Астана,106042231,Наушники Fifine H6 черный,price,19997,19991
2026-08-16T04:37:52Z,710000000,Астана,106795757,Canon EOS R10 kit 18-45mm IS STM,price,462018,461850
2026-08-16T04:37:52Z,710000000,Астана,147026783,Garmin Venu 4s 41 мм золотистый-белый,price,339464,339462
2026-08-16T04:37:52Z,710000000,Астана,115034062,МФУ Canon i-SENSYS MF275dw,price,185875,185849
2026-08-16T04:37:52Z,710000000,Астана,7300284,Transcend TS4TSJ25H3P 4000 Гб,price,138210,138208
2026-08-16T04:37:52Z,710000000,Астана,110151201,Canon EOS R6 Mark II Kit RF 24-105mm F/4-7.1 IS STM черный,price,1078981,1078827
2026-08-16T04:37:52Z,710000000,Астана,141530632,Xiaomi Smart Band 10 черный,price,21906,21900
2026-08-16T04:37:52Z,710000000,Астана,119596967,EPOMAKER x AULA F75 черный,price,21330,21322
2026-08-16T04:37:52Z,710000000,Астана,139895845,Roborock F25 - ACE черный,price,199574,199550
2026-08-16T04:37:52Z,710000000,Астана,134659950,Sen Sulu Concealer консилер 03 natural beige,price,3603,3600
2026-08-16T04:37:52Z,710000000,Астана,146792191,Midea MD200H90WB/T-C серый,price,266152,266068
2026-08-16T04:37:52Z,710000000,Астана,140332176,Garmin Forerunner 970 47 мм бежевый-фиолетовый,price,457884,457825
2026-08-16T04:37:52Z,710000000,Астана,122963224,Garmin Fenix 8 43 мм белый-белый,price,544355,544238
2026-08-16T04:37:52Z,710000000,Астана,106042325,Микрофон Fifine A6V черный,price,18690,18684
2026-08-16T04:37:52Z,710000000,Астана,115178468,POCKET BOOK PB629-M-CIS 6 дюйм 8 Гб серый,price,87670,87662
2026-08-16T04:37:52Z,710000000,Астана,145820693,Roborock S8 Pro RRA0TAL белый,price,114580,114556
2026-08-16T04:37:52Z,710000000,Астана,132855201,AULA F75 Side-Printed розовый,price,21453,21445
2026-08-16T04:37:52Z,710000000,Астана,110057315,70mai зарядное устройство для видеорегистратора Midrive UP03 USB Type-C черный,price,8341,8336
2026-08-16T04:37:52Z,710000000,Астана,110057315,70mai зарядное устройство для видеорегистратора Midrive UP03 USB Type-C черный,discount,24,25
2026-08-16T04:37:52Z,710000000,Астана,133974886,Garmin Instinct E 45 мм серый,price,186985,186979
2026-08-16T04:37:52Z,710000000,Астана,113029065,Garmin VENU 3S 41 мм розовый-розовый,price,293983,293975
2026-08-16T04:37:52Z,710000000,Астана,103627190,Canon RF 16mm f/2.8 STM,price,129094,129054
2026-08-16T04:37:52Z,710000000,Астана,150110690,Sen Sulu blush stick румяна 03 frosted bllom,price,8853,8847
2026-08-16T04:37:52Z,710000000,Астана,131472887,Портативная колонка Soundcore Select 4 Go фиолетовый,price,13259,13257
2026-08-16T04:37:52Z,710000000,Астана,101392231,Wi-Fi точка доступа TP-LINK Deco X20 белый,price,79920,79918
2026-08-16T04:37:52Z,710000000,Астана,145620660,TECNO SPARK 40C 8 ГБ/128 ГБ серый,price,74800,74777
2026-08-16T04:37:52Z,710000000,Астана,123942422,Canon RF 35mm f/1.4 L VCM,price,737224,737173
2026-08-16T04:37:52Z,710000000,Астана,145978939,Внешний аккумулятор Xiaomi Super Slim Magnetic Power Bank 5000 мАч 22.5 Вт WPB0507S фиолетовый,price,18870,18866
2026-08-16T04:37:52Z,710000000,Астана,131679416,Наушники Soundcore K20i черный,price,8855,8852
2026-08-16T04:37:52Z,710000000,Астана,148341196,Huawei nova 14 Pro 12 ГБ/512 ГБ розовый,price,244129,244105
2026-08-16T04:37:52Z,710000000,Астана,120263286,Bambu Lab PLA Matte 1.75 мм 1 кг черный,price,8927,8921
2026-08-16T04:37:52Z,710000000,Астана,145978921,Внешний аккумулятор Xiaomi Super Slim Magnetic Power Bank 5000 мАч 22.5 Вт WPB0507S золотистый,price,18872,18868
2026-08-16T04:37:52Z,710000000,Астана,147392127,Внешний аккумулятор Xiaomi Super Slim Magnetic WPB0507S (BHR08PMGL) 5000 мАч 22.5 Вт черный,price,18853,18845
2026-08-16T04:37:52Z,710000000,Астана,129319883,Garmin Lily 2 Active 38 мм серебристый-фиолетовый,price,218985,218979
2026-08-16T04:37:52Z,710000000,Астана,121221349,1WIN Коллаген морской с Витамином С для кожи и суставов капсулы 155 шт,price,3698,3513
2026-08-16T04:37:52Z,710000000,Астана,131472895,Портативная колонка Soundcore Select 4 Go зеленый,price,13705,13289
2026-08-16T04:37:52Z,710000000,Астана,117170979,Наушники Soundcore H30i белый,price,16990,16139
2026-08-16T04:37:52Z,710000000,Астана,103492220,"Бассейн каркасный Bestway 56714, 427x250x100 см",price,144650,144644
2026-08-16T04:37:52Z,710000000,Астана,116631467,"Бассейн каркасный Bestway 561FY, 396x396x107 см",price,116308,116300
2026-08-16T04:37:52Z,710000000,Астана,100091043,"Бассейн надувной Bestway Аквариум 53052, 239x206x26 см",price,21146,21138
2026-08-16T04:37:52Z,710000000,Астана,163444184,Huawei nova 15 Pro 12 ГБ/512 ГБ белый,price,284861,284888
2026-08-16T04:37:52Z,710000000,Астана,100305103,"Бассейн каркасный Bestway 56082/56424, 400x211x81 см",price,58706,58664
2026-08-16T04:37:52Z,710000000,Астана,167232229,Huawei Watch Fit 5 43 мм серебристый--белый,price,79888,79688
2026-08-16T04:37:52Z,710000000,Астана,122237981,1WIN Магний + Витамин В6 для нервной системы капсулы 240 шт,price,3321,3318
2026-08-16T04:37:52Z,710000000,Астана,15400145,"Бассейн каркасный Bestway Steel Pro Max 56420, 366x122 см",price,134462,134441
2026-08-16T04:37:52Z,710000000,Астана,118273472,Аэрогриль Xiaomi Smart Air Fryer BHR7357EU 6.5 л черный,price,47885,47879
2026-08-16T04:37:52Z,710000000,Астана,115287903,DREAME H12 Pro Plus CN черный,price,119255,119202
2026-08-16T04:37:52Z,710000000,Астана,130251646,Наушники REDMI Buds 6 Play синий,price,6746,6740
2026-08-16T04:37:52Z,710000000,Астана,145557956,TECNO SPARK 40C 8 ГБ/256 ГБ черный,price,83987,83955
2026-08-16T04:37:52Z,710000000,Астана,132593287,"DREAME H30 Ultra Mix черный, серый",price,162678,162672
2026-08-16T04:37:52Z,710000000,Астана,123910502,Наушники Xiaomi Type-C Earphones M2413E1 белый,price,2534,2526
2026-08-16T04:37:52Z,710000000,Астана,123910502,Наушники Xiaomi Type-C Earphones M2413E1 белый,discount,36,37
2026-08-16T04:37:52Z,710000000,Астана,103171305,Батарейка D Camelion 2 шт,price,568,565
2026-08-16T04:37:52Z,710000000,Астана,109522766,Midea AG925BV1-BL черный,price,96992,96979
2026-08-16T04:37:52Z,710000000,Астана,137684212,DREAME H30 ULTRA MIX CE серый,price,162673,162665
2026-08-16T04:37:52Z,710000000,Астана,102158689,Микрофон Fifine T669 черный,price,21573,21540
2026-08-16T04:37:52Z,710000000,Астана,153376171,Bambu Lab PLA Basic 1.75 мм 1 кг красный,price,8703,8697
2026-08-16T04:37:52Z,710000000,Астана,100728279,Батарейка AAA Camelion 10 шт,price,1214,1211
2026-08-16T04:37:52Z,710000000,Астана,118273499,Аэрогриль Xiaomi Smart Air Fryer BHR7358EU 6.5 л белый,price,47196,47176
2026-08-16T04:37:52Z,710000000,Астана,115353117,Аккумулятор AAA Camelion 2 шт,price,1281,1278
2026-08-16T04:37:52Z,710000000,Астана,15300183,Transcend TS64GUSD300S 64 Гб,price,15909,15905
2026-08-16T04:37:52Z,710000000,Астана,106515561,Микрофон Fifine K688 черный,price,36411,35909
2026-08-16T04:37:52Z,710000000,Астана,143119833,Midea FSC-900DX стальной,price,227899,227893
2026-08-16T04:37:52Z,710000000,Астана,101802966,ESTEL PROFESSIONAL DeLuxe Ultra blond 30 мл осветляющий порошок 30 мл,price,1213,1238
2026-08-16T04:37:52Z,710000000,Астана,140943468,Sen Sulu глиттер прессованные Sparkle mood 04 Rosy Peach,price,3385,3382
2026-08-16T04:37:52Z,710000000,Астана,115773773,Наушники Fifine H9 белый,price,21838,21834
2026-08-16T04:37:52Z,710000000,Астана,145978945,Внешний аккумулятор Xiaomi Super Slim Magnetic Power Bank 5000 мАч 22.5 Вт WPB0507S черный,price,18853,18845
2026-08-16T04:37:52Z,710000000,Астана,102211273,Midea MH 60P 205 X серебристый,price,33517,33497
2026-08-16T04:37:52Z,710000000,Астана,148240615,Huawei WATCH GT 6 Pro 46 мм черный-черный,price,163087,162887
2026-08-16T04:37:52Z,710000000,Астана,139183880,Наушники Realme T200 Lite серый,price,7889,7886
2026-08-16T04:37:52Z,710000000,Астана,123621889,Midea MFK03D105B/S-C серый,price,275108,275074
2026-08-16T04:37:52Z,710000000,Астана,110349310,Canon EOS R50 Kit 18-45mm f4.5-6.3 IS STM черный,price,329347,329322
2026-08-16T04:37:52Z,710000000,Астана,115633970,Canon LIDE 300 2995C010 черный,price,50829,50817
2026-08-16T04:37:52Z,710000000,Астана,122142480,Huawei MatePad SE Wi-Fi 11 дюйм 8 Гб/128 Гб серый,price,118558,118548
2026-08-16T04:37:52Z,710000000,Астана,1500075,Принтер Canon i-SENSYS LBP6030B,price,85584,85578
2026-08-16T04:37:52Z,710000000,Астана,15300377,Transcend TS128GSDC300S 128 Gb,price,21607,21601
2026-08-16T04:37:52Z,710000000,Астана,141746219,Xiaomi Robot Vacuum S40C Е101CDZ белый,price,84853,84847
2026-08-16T04:37:52Z,710000000,Астана,154255448,"Xiaomi камера видеонаблюдения MJSXJ27CM, 8MP, расширение 3840x2160",price,28164,28160
2026-08-16T04:37:52Z,710000000,Астана,152842877,Видеорегистратор 70mai A410 черный,price,46274,46270
2026-08-16T04:37:52Z,710000000,Астана,148148221,TCL 50V6C 127 см черный,price,219724,219712
2026-08-16T04:37:52Z,710000000,Астана,131791279,1WIN Таурин капсулы 90 шт,price,2047,1972
2026-08-16T04:37:52Z,710000000,Астана,131791279,1WIN Таурин капсулы 90 шт,discount,24,27
2026-08-16T04:37:52Z,710000000,Астана,137060417,AULA F75 MAX черный,price,27375,27365
2026-08-16T04:37:52Z,710000000,Астана,101149860,Canon EOS RP RF 24-105 F4-7.1 IS STM,price,544843,544721
2026-08-16T04:37:52Z,710000000,Астана,154027559,"Xiaomi камера видеонаблюдения C201 MBC27, 2MP, расширение 1920x1080",price,13162,13158
2026-08-16T04:37:52Z,710000000,Астана,101842967,ESTEL PROFESSIONAL Сurex Color Intense чистый цвет шампунь оттеночный 300 мл,price,3246,3398
2026-08-16T04:37:52Z,710000000,Астана,113404917,POCKET BOOK InkPad 4 7.8 дюйм 32 Гб серебристый,price,164701,164695
2026-08-16T04:37:52Z,710000000,Астана,112245834,Canon EOS R8 Body черный,price,601788,601602
2026-08-16T04:37:52Z,710000000,Астана,151630887,ESTEL PROFESSIONAL Only Looks краска Графит 80 мл,price,2278,2212
2026-08-16T04:37:52Z,710000000,Астана,151630887,ESTEL PROFESSIONAL Only Looks краска Графит 80 мл,discount,13,16
2026-08-16T04:37:52Z,710000000,Астана,100018649,Philips BHD274/00 DryCare Pro фен черный,price,29291,29288
2026-08-16T04:37:52Z,710000000,Астана,166975826,HONOR 600 Pro 12 ГБ/512 ГБ черный,price,548670,548658
2026-08-16T04:37:52Z,710000000,Астана,112301355,МФУ Canon MAXIFY GX3040,price,123837,123828
2026-08-16T04:37:52Z,710000000,Астана,103313279,Очиститель воздуха SmartMi Smartmi Air Purifier P1 серый,price,55070,55046
2026-08-16T04:37:52Z,710000000,Астана,151096402,Garmin Fenix 8 Pro 47 мм черный,price,653638,653608
2026-08-16T04:37:52Z,710000000,Астана,140332288,Garmin Forerunner 970 47 мм черный,price,449030,448987
2026-08-16T04:37:52Z,710000000,Астана,138584959,Garmin Vivoactive 6 42 мм бежевый,price,205995,205989
2026-08-16T04:37:52Z,710000000,Астана,139307969,Кофемашина Xiaomi Semi-Automatic Espresso Machine серебристый,price,61245,61239
2026-08-16T04:37:52Z,710000000,Астана,120554885,Xiaomi Robot Vacuum S20+ белый,price,131000,130998
2026-08-16T04:37:52Z,710000000,Астана,149031743,ZTE Nubia RedMagic Astra 9.06 дюйм 24 Гб/1024 Гб черный,price,569865,569859
2026-08-16T04:37:52Z,710000000,Астана,138585258,Garmin Vivoactive 6 42 мм черный,price,199466,199458
2026-08-16T04:37:52Z,710000000,Астана,109310071,Garmin Forerunner 265S 42 мм белый-белый,price,275045,275024
2026-08-16T04:37:52Z,710000000,Астана,134108182,Портативная колонка Soundcore Select 4 Go черный,price,13255,13253
2026-08-16T04:37:52Z,710000000,Астана,113029701,Garmin VENU 3S белый,price,278605,278581
2026-08-16T04:37:52Z,710000000,Астана,118179738,Canon EOS R50 RF-S 15-45 IS STM черный,price,329347,329322
2026-08-16T04:37:52Z,710000000,Астана,15300249,Transcend TS32GSDC300S 32 Гб,price,16003,15999
2026-08-16T04:37:52Z,710000000,Астана,102688255,ESTEL PROFESSIONAL Celebrity 5/65 спелая вишня крем-краска 140 мл,price,2656,2653
2026-08-16T04:37:52Z,710000000,Астана,100115672,MESH-система TP-LINK Deco M4 белый,price,46153,46150
2026-08-16T04:37:52Z,710000000,Астана,114761211,Fifine SC3,price,25305,25297
2026-08-16T04:37:52Z,710000000,Астана,112972977,Видеорегистратор 70mai A810 черный,price,99930,99924
2026-08-16T04:37:52Z,710000000,Астана,153277705,TCL 75V6C 191 см черный,price,422823,422817
2026-08-16T04:37:52Z,710000000,Астана,122963617,Garmin Fenix 8 47 мм черный,price,605107,604997
2026-08-16T04:37:52Z,710000000,Астана,142719480,"27"" Xiaomi 4K Monitor 27 A27Ui-EU P27UCB-RAGL черный",price,144894,144886
2026-08-16T04:37:52Z,710000000,Астана,7300020,Transcend TS1TSJ25H3P 1000 Гб,price,63116,63110
2026-08-16T04:37:52Z,710000000,Астана,163510365,HONOR 600 Lite 8 ГБ/256 ГБ черный,price,209483,209429
2026-08-16T04:37:52Z,710000000,Астана,122966507,Garmin Fenix 8 51 мм черно-серый,price,652643,652547
2026-08-16T04:37:52Z,710000000,Астана,24300444,ESTEL PROFESSIONAL Curex основной уход спрей-кондиционер 200 мл,price,3698,3571
2026-08-16T04:37:52Z,710000000,Астана,24300444,ESTEL PROFESSIONAL Curex основной уход спрей-кондиционер 200 мл,discount,14,17
2026-08-16T04:37:52Z,710000000,Астана,143300737,Наушники MOONDROP Rays фиолетовый,price,47218,47212
2026-08-16T04:37:52Z,710000000,Астана,151096352,Garmin Fenix 8 Pro 51 мм серебристый-серый,price,731178,731162
2026-08-16T04:37:52Z,710000000,Астана,106852140,Garmin MARQ Golfer Gen 2 серебристый-зеленый-зеленый,price,1410343,1410256
2026-08-16T04:37:52Z,710000000,Астана,154019790,"Xiaomi камера видеонаблюдения CW100, 3MP, расширение 2304x1296",price,26910,26906
2026-08-16T04:37:52Z,710000000,Астана,109310183,Garmin Forerunner 265S 42 мм черный-черный,price,268642,268589
2026-08-16T04:37:52Z,710000000,Астана,122962879,Garmin Fenix 8 51 мм черный,price,607069,606995
2026-08-16T04:37:52Z,710000000,Астана,167241011,CUBOT KingKong Mini 4 6 ГБ/128 ГБ темно-серый,price,99963,99960
2026-08-16T04:37:52Z,710000000,Астана,154805003,Realme GT 8 Pro 16 ГБ/512 ГБ синий,price,599950,599946
2026-08-16T04:37:52Z,710000000,Астана,108142775,Напольный штатив 1_7m белый,price,9982,9980
2026-08-16T04:37:52Z,710000000,Астана,120134606,AULA F75 Side-Printed голубой,price,22518,22510
2026-08-16T04:37:52Z,710000000,Астана,102688286,ESTEL PROFESSIONAL Celebrity 1/0 черный крем-краска 140 мл,price,2428,2425
2026-08-16T04:37:52Z,710000000,Астана,128745315,Midea MF200W90WB/T-C серый,price,220807,220775
2026-08-16T04:37:52Z,710000000,Астана,161563692,"Xiaomi камера видеонаблюдения Smart Camera C302 / MBC28, 3MP, расширение 2304x1296",price,18870,18866
2026-08-16T04:37:52Z,710000000,Астана,128807561,"Canon AS-2400, 14-разрядный, серый",price,4159,4156
2026-08-16T04:37:52Z,710000000,Астана,109351561,Garmin Forerunner 965 белый,price,373566,373560
2026-08-16T04:37:52Z,710000000,Астана,109719960,Transcend TS250GESD260C 250 ГБ,price,41710,41704
2026-08-16T04:37:52Z,710000000,Астана,100440583,TP-Link TL-SF1024D черный,price,29212,29208
2026-08-16T04:37:52Z,710000000,Астана,140332233,Garmin Forerunner 970 47 мм белый-зеленый,price,455151,455080
2026-08-16T04:37:52Z,710000000,Астана,148005901,Huawei WATCH GT 6 46 мм серебристый-зеленый,price,94365,94359
2026-08-16T04:37:52Z,710000000,Астана,139712172,Kingston Secure Digital XC SDG4/256GB 256 Гб,price,39235,39223
2026-08-16T04:37:52Z,710000000,Астана,154027556,"Xiaomi камера видеонаблюдения C500, 4MP, расширение 32001800",price,25890,25886
2026-08-16T04:37:52Z,710000000,Астана,137331022,Наушники Soundcore K20i белый,price,8856,8853
2026-08-16T04:37:52Z,710000000,Астана,139561340,AULA HERO 68 HE белый,price,20646,20636
2026-08-16T04:37:52Z,710000000,Астана,143300811,Наушники MOONDROP Aria 2 красный,price,49561,49555
2026-08-16T04:37:52Z,710000000,Астана,161773879,MCHOSE A5 V3 Ultra голубой,price,24708,24705
2026-08-16T04:37:52Z,710000000,Астана,145451616,"Dreame H30 Ultra Mix черный, серый",price,162673,162665
2026-08-16T04:37:52Z,710000000,Астана,109731154,Canon EOS R7 Body черный,price,610981,610850
2026-08-16T04:37:52Z,710000000,Астана,139955883,Huawei WATCH FIT 4 Pro 44 мм серебристый-зеленый,price,74723,74713
2026-08-16T04:37:52Z,710000000,Астана,145820746,Roborock S8 Pro RRA0TAL черный,price,114570,114546
2026-08-16T04:37:52Z,710000000,Астана,131430159,Наушники Soundcore Liberty 4 PRO черный,price,66351,66345
2026-08-16T04:37:52Z,710000000,Астана,142884485,Garmin VENU X1 46 мм черный-черный,price,462828,462617
2026-08-16T04:37:52Z,710000000,Астана,120935104,Dream H12 Pro PLUS черный,price,119291,119226
2026-08-16T04:37:52Z,710000000,Астана,100677657,Transcend TS128GUSD350V 128 Гб,price,40529,40526
2026-08-16T04:37:52Z,710000000,Астана,168139397,"Сумка шоппер Sen sulu текстиль черный, бежевый",price,1492,1397
2026-08-16T04:37:52Z,710000000,Астана,168139397,"Сумка шоппер Sen sulu текстиль черный, бежевый",discount,25,30
2026-08-16T04:37:52Z,710000000,Астана,137352961,AULA F75 Black Contour черный,price,23073,23065
2026-08-16T04:37:52Z,710000000,Астана,100169135,USB Flash карта Transcend TS64GJF790K 64 Гб черный,price,5985,5982
2026-08-16T04:37:52Z,710000000,Астана,134108074,Наушники Soundcore Liberty 4 PRO белый,price,59638,59626
2026-08-16T04:37:52Z,710000000,Астана,133975075,Garmin Instinct 3 Solar 45 мм черный,price,249977,249961
2026-08-16T04:37:52Z,710000000,Астана,169114829,Roborock S9+ черный,price,184618,184594
2026-08-16T04:37:52Z,710000000,Астана,156555269,Garmin Instinct 3 AMOLED 50 мм черный-синий,price,312985,312979
2026-08-16T04:37:52Z,710000000,Астана,169144934,Roborock S9+ белый,price,184618,184606
2026-08-16T04:37:52Z,710000000,Астана,124278317,Garmin Fenix 8 Solar 47 мм черный,price,604908,604786
2026-08-16T04:37:52Z,710000000,Астана,131472928,Портативная колонка Soundcore Boom 2 Plus синий,price,116311,116287
2026-08-16T04:37:52Z,710000000,Астана,169114918,Roborock S9 черный,price,140618,140594
2026-08-16T04:37:52Z,710000000,Астана,145557809,TECNO SPARK 40C 8 ГБ/256 ГБ белый,price,83034,83028
2026-08-16T04:37:52Z,710000000,Астана,7300141,Transcend TS1TSJ25H3B 1000 Гб,price,62010,62000
2026-08-16T04:37:52Z,710000000,Астана,100203160,Transcend TS64GJF700 JetFlash 700 64Gb черный,price,10985,10982
2026-08-16T04:37:52Z,710000000,Астана,141530670,Xiaomi Smart Band 10 серебристый,price,21906,21900
2026-08-16T04:37:52Z,710000000,Астана,165935475,ATK Dragonfly A9 Air белый,price,34458,34452
2026-08-16T04:37:52Z,710000000,Астана,143973797,TECNO SPARK 40C 8 ГБ/128 ГБ белый,price,74655,74627
2026-08-16T04:37:52Z,710000000,Астана,109310228,Garmin Forerunner 265S 42 мм розовый-розовый,price,281981,281971
2026-08-16T04:37:52Z,710000000,Астана,130022770,Canon CANOSCAN LIDE 300 черный,price,50829,50817
2026-08-16T04:37:52Z,710000000,Астана,144572628,"ESTEL PROFESSIONAL маска оттеночная Тонирующая маска для волос ESTEL SECRETS ЦВЕТ-ЭКСПЕРТ 6/74 Карамельный Мокко, 150 мл 150 мл",price,3579,3576
2026-08-16T04:37:52Z,710000000,Астана,114237446,Transcend TS256GUSD340S 256 Гб,price,79907,79897
2026-08-16T04:37:52Z,710000000,Астана,148348291,Canon EOS R50 + RF-S 18-45 mm IS STM,price,329347,329322
2026-08-16T04:37:52Z,710000000,Астана,116193383,Garmin Lily 2 Classic 25 мм серебристый-бежевый-бежевый,price,218985,218979
2026-08-16T04:37:52Z,710000000,Астана,161773630,MCHOSE K7 Ultra розовый,price,40616,40613
2026-08-16T04:37:52Z,710000000,Астана,122271751,1WIN Органик детокс («Organic detox»). капсулы 60 шт,price,4674,4403
2026-08-16T04:37:52Z,710000000,Астана,122271751,1WIN Органик детокс («Organic detox»). капсулы 60 шт,discount,44,48
2026-08-16T04:37:52Z,710000000,Астана,167230393,Наушники Huawei FreeBuds Pro 5 темно-серый,price,78986,78978
2026-08-16T04:37:52Z,710000000,Астана,110723747,Canon RF 100-400mm f/5.6-8 IS USM,price,390226,390089
2026-08-16T04:37:52Z,710000000,Астана,116535193,МФУ Canon I-Sensys MF465dw 5951C007AA,price,224730,224695
2026-08-16T04:37:52Z,710000000,Астана,132979867,AULA AU75 черный,price,22103,22095
2026-08-16T04:37:52Z,710000000,Астана,113556362,Canon EOS R50 RF-S 18-45 + Kit 55-210 mm,price,574149,574130
2026-08-16T04:37:52Z,710000000,Астана,141046478,Canon EOS R50 + RF-S 18-45 mm IS STM 5811C036,price,329338,329313
2026-08-16T04:37:52Z,710000000,Астана,154406912,Наушники Soundcore R50i белый,price,9489,9487
2026-08-16T04:37:52Z,710000000,Астана,109731162,Canon EOS R10 kit RF-S 18–150mm f/3.5–6.3 IS STM,price,591015,590854
2026-08-16T04:37:52Z,710000000,Астана,129064979,Canon EOS R100 + RF-S 18-45mm + RF-S 55-210mm,price,455481,455475
2026-08-16T04:37:52Z,710000000,Астана,113028541,Garmin VENU 3 45 мм белый-белый,price,293045,293039
2026-08-16T04:37:52Z,710000000,Астана,116788713,Transcend TS1TESD410C 1000 Гб,price,183766,183762
2026-08-16T04:37:52Z,710000000,Астана,131343012,"Аэрогриль Panasonic NF-CC600ATS 6 л черный, синий",price,95869,101988
2026-08-16T04:37:52Z,710000000,Астана,131343012,"Аэрогриль Panasonic NF-CC600ATS 6 л черный, синий",discount,33,28
2026-08-16T04:37:52Z,710000000,Астана,143300800,Наушники MOONDROP Aria 2 серебристый,price,48381,48375
2026-08-16T04:37:52Z,710000000,Астана,138584777,Garmin Vivoactive 6 42 мм зеленый,price,206450,206444
2026-08-16T04:37:52Z,710000000,Астана,106851929,Garmin MARQ Aviator Gen 2 серебристый,price,1476618,1476604
2026-08-16T04:37:52Z,710000000,Астана,15400127,"Бассейн каркасный Bestway Steel Pro Frame 56424, 400x211x81 см",price,58706,58664
2026-08-16T04:37:52Z,710000000,Астана,110648816,Philips BHS752/00 утюжок 25 мм,price,61994,61988
2026-08-16T04:37:52Z,710000000,Астана,157683664,Наушники AULA G7 черный,price,12238,12230
2026-08-16T04:37:52Z,710000000,Астана,114801730,Canon RF 24mm f/1.8 Macro IS STM,price,272610,272591
2026-08-16T04:37:52Z,710000000,Астана,169077113,Roborock S9 белый,price,140618,140594
2026-08-16T04:37:52Z,710000000,Астана,143693130,Наушники AULA G7 белый,price,11442,11434
2026-08-16T04:37:52Z,710000000,Астана,163483165,Наушники Soundcore Sleep A30 Green зеленый,price,85385,85381
2026-08-16T04:37:52Z,710000000,Астана,154806693,Наушники Soundcore R50i синий,price,9487,9485
2026-08-16T04:37:52Z,710000000,Астана,141885718,Garmin Instinct 3 Solar Tactical 45 мм черный,price,289985,289979
2026-08-16T04:37:52Z,710000000,Астана,128243261,Система подачи материалов Bambu Lab Ams lite,price,132698,132692
2026-08-16T04:37:52Z,710000000,Астана,171178069,Roborock Saros 20 черный,price,699618,699594
2026-08-16T04:37:52Z,710000000,Астана,116193133,Garmin Lily 2 Classic 25 мм бордовый-бордовый,price,218985,218979
2026-08-16T04:37:52Z,710000000,Астана,163414583,AULA F75 розовый,price,23492,23482
2026-08-16T04:37:52Z,710000000,Астана,137761682,AULA SC380 PRO белый,price,11281,11273
2026-08-16T04:37:52Z,710000000,Астана,150445434,Sapphire PULSE AMD Radeon RX 9070 16 Гб,price,407598,407574
2026-08-16T04:37:52Z,710000000,Астана,146975796,AULA HERO 68 HE Frosted белый,price,27230,27222
2026-08-16T04:37:52Z,710000000,Астана,114176446,POCKET BOOK PB634-3-CIS 6 дюйм 1 Гб красный,price,105587,105581
2026-08-16T04:37:52Z,710000000,Астана,122265923,Canon EOS R5 Mark II body,price,1728301,1728004
2026-08-16T04:37:52Z,710000000,Астана,108149625,Logitech Lift Vertical Ergonomic розовый,price,40930,40918
2026-08-16T04:37:52Z,710000000,Астана,108430983,Canon EOS R7 Kit 18-150mm черный,price,809254,809135
2026-08-16T04:37:52Z,710000000,Астана,137761585,AULA SC380 PRO черный,price,11097,11087
2026-08-16T04:37:52Z,710000000,Астана,112143554,Transcend TS128GUSD340S 128 Гб,price,41790,41784
2026-08-16T04:37:52Z,710000000,Астана,100017229,CENTEK CT-2347 фиолетовый,price,9583,9579
2026-08-16T04:37:52Z,710000000,Астана,114460686,Garmin MARQ Golfer Gen 2 Carbon Edition черный,price,1756181,1756175
2026-08-16T04:37:52Z,710000000,Астана,140932721,Midea MID60S350i-C серый,price,221468,221466
2026-08-16T04:37:52Z,710000000,Астана,122651840,Canon RF-S 55-210mm f/5-7.1 IS STM,price,279340,279332
2026-08-16T04:37:52Z,710000000,Астана,101018992,"Бассейн каркасный Bestway Power Steel 56465, 549x274x122 см",price,267785,267779
2026-08-16T04:37:52Z,710000000,Астана,105544265,Canon RF 70-200mm f/4L IS USM,price,812990,812863
2026-08-16T04:37:52Z,710000000,Астана,112921022,МФУ Canon imageRUNNER 2224 5942C001,price,608787,608781
2026-08-16T04:37:52Z,511010000,Шымкент,108430990,Canon EOS R6 Mark II Body черный,price,813702,813135
2026-08-16T04:37:52Z,511010000,Шымкент,129065160,Наушники REDMI Buds 6 Play розовый,price,6758,6752
2026-08-16T04:37:52Z,511010000,Шымкент,147374082,HONOR X9d 12 ГБ/256 ГБ черный,price,237912,237900
2026-08-16T04:37:52Z,511010000,Шымкент,134328061,"Видеорегистратор 70mai M310 черный, серый",price,28560,28554
2026-08-16T04:37:52Z,511010000,Шымкент,117969957,PXN V99 черный,price,102628,102622
2026-08-16T04:37:52Z,511010000,Шымкент,106042231,Наушники Fifine H6 черный,price,19997,19991
2026-08-16T04:37:52Z,511010000,Шымкент,106795757,Canon EOS R10 kit 18-45mm IS STM,price,462018,461850
2026-08-16T04:37:52Z,511010000,Шымкент,147026783,Garmin Venu 4s 41 мм золотистый-белый,price,339464,339462
2026-08-16T04:37:52Z,511010000,Шымкент,115034062,МФУ Canon i-SENSYS MF275dw,price,185875,185849
2026-08-16T04:37:52Z,511010000,Шымкент,7300284,Transcend TS4TSJ25H3P 4000 Гб,price,138210,138208
2026-08-16T04:37:52Z,511010000,Шымкент,110151201,Canon EOS R6 Mark II Kit RF 24-105mm F/4-7.1 IS STM черный,price,1078981,1078812
2026-08-16T04:37:52Z,511010000,Шымкент,141530632,Xiaomi Smart Band 10 черный,price,21906,21900
2026-08-16T04:37:52Z,511010000,Шымкент,119596967,EPOMAKER x AULA F75 черный,price,21330,21322
2026-08-16T04:37:52Z,511010000,Шымкент,139895845,Roborock F25 - ACE черный,price,199574,199550
2026-08-16T04:37:52Z,511010000,Шымкент,134659950,Sen Sulu Concealer консилер 03 natural beige,price,3603,3600
2026-08-16T04:37:52Z,511010000,Шымкент,146792191,Midea MD200H90WB/T-C серый,price,266152,266068
2026-08-16T04:37:52Z,511010000,Шымкент,140332176,Garmin Forerunner 970 47 мм бежевый-фиолетовый,price,457884,457825
2026-08-16T04:37:52Z,511010000,Шымкент,122963224,Garmin Fenix 8 43 мм белый-белый,price,544355,544226
2026-08-16T04:37:52Z,511010000,Шымкент,106042325,Микрофон Fifine A6V черный,price,18690,18684
2026-08-16T04:37:52Z,511010000,Шымкент,115178468,POCKET BOOK PB629-M-CIS 6 дюйм 8 Гб серый,price,87670,87662
2026-08-16T04:37:52Z,511010000,Шымкент,145820693,Roborock S8 Pro RRA0TAL белый,price,114580,114556
2026-08-16T04:37:52Z,511010000,Шымкент,132855201,AULA F75 Side-Printed розовый,price,21453,21445
2026-08-16T04:37:52Z,511010000,Шымкент,110057315,70mai зарядное устройство для видеорегистратора Midrive UP03 USB Type-C черный,price,8341,8336
2026-08-16T04:37:52Z,511010000,Шымкент,110057315,70mai зарядное устройство для видеорегистратора Midrive UP03 USB Type-C черный,discount,24,25
2026-08-16T04:37:52Z,511010000,Шымкент,133974886,Garmin Instinct E 45 мм серый,price,186985,186979
2026-08-16T04:37:52Z,511010000,Шымкент,113029065,Garmin VENU 3S 41 мм розовый-розовый,price,293983,293975
2026-08-16T04:37:52Z,511010000,Шымкент,103627190,Canon RF 16mm f/2.8 STM,price,129094,129054
2026-08-16T04:37:52Z,511010000,Шымкент,150110690,Sen Sulu blush stick румяна 03 frosted bllom,price,8853,8847
2026-08-16T04:37:52Z,511010000,Шымкент,131472887,Портативная колонка Soundcore Select 4 Go фиолетовый,price,13259,13257
2026-08-16T04:37:52Z,511010000,Шымкент,101392231,Wi-Fi точка доступа TP-LINK Deco X20 белый,price,79920,79918
2026-08-16T04:37:52Z,511010000,Шымкент,145620660,TECNO SPARK 40C 8 ГБ/128 ГБ серый,price,74800,74777
2026-08-16T04:37:52Z,511010000,Шымкент,123942422,Canon RF 35mm f/1.4 L VCM,price,737224,737173
2026-08-16T04:37:52Z,511010000,Шымкент,145978939,Внешний аккумулятор Xiaomi Super Slim Magnetic Power Bank 5000 мАч 22.5 Вт WPB0507S фиолетовый,price,18870,18866
2026-08-16T04:37:52Z,511010000,Шымкент,131679416,Наушники Soundcore K20i черный,price,8855,8852
2026-08-16T04:37:52Z,511010000,Шымкент,148341196,Huawei nova 14 Pro 12 ГБ/512 ГБ розовый,price,244129,244105
2026-08-16T04:37:52Z,511010000,Шымкент,120263286,Bambu Lab PLA Matte 1.75 мм 1 кг черный,price,8927,8921
2026-08-16T04:37:52Z,511010000,Шымкент,145978921,Внешний аккумулятор Xiaomi Super Slim Magnetic Power Bank 5000 мАч 22.5 Вт WPB0507S золотистый,price,18872,18868
2026-08-16T04:37:52Z,511010000,Шымкент,147392127,Внешний аккумулятор Xiaomi Super Slim Magnetic WPB0507S (BHR08PMGL) 5000 мАч 22.5 Вт черный,price,18853,18845
2026-08-16T04:37:52Z,511010000,Шымкент,129319883,Garmin Lily 2 Active 38 мм серебристый-фиолетовый,price,218985,218979
2026-08-16T04:37:52Z,511010000,Шымкент,121221349,1WIN Коллаген морской с Витамином С для кожи и суставов капсулы 155 шт,price,3698,3513
2026-08-16T04:37:52Z,511010000,Шымкент,131472895,Портативная колонка Soundcore Select 4 Go зеленый,price,13705,13289
2026-08-16T04:37:52Z,511010000,Шымкент,117170979,Наушники Soundcore H30i белый,price,16990,16139
2026-08-16T04:37:52Z,511010000,Шымкент,103492220,"Бассейн каркасный Bestway 56714, 427x250x100 см",price,144650,144644
2026-08-16T04:37:52Z,511010000,Шымкент,116631467,"Бассейн каркасный Bestway 561FY, 396x396x107 см",price,116308,116300
2026-08-16T04:37:52Z,511010000,Шымкент,100091043,"Бассейн надувной Bestway Аквариум 53052, 239x206x26 см",price,21146,21138
2026-08-16T04:37:52Z,511010000,Шымкент,163444184,Huawei nova 15 Pro 12 ГБ/512 ГБ белый,price,284861,284888
2026-08-16T04:37:52Z,511010000,Шымкент,100305103,"Бассейн каркасный Bestway 56082/56424, 400x211x81 см",price,58706,58664
2026-08-16T04:37:52Z,511010000,Шымкент,167232229,Huawei Watch Fit 5 43 мм серебристый--белый,price,79888,79688
2026-08-16T04:37:52Z,511010000,Шымкент,122237981,1WIN Магний + Витамин В6 для нервной системы капсулы 240 шт,price,3321,3318
2026-08-16T04:37:52Z,511010000,Шымкент,15400145,"Бассейн каркасный Bestway Steel Pro Max 56420, 366x122 см",price,134462,134441
2026-08-16T04:37:52Z,511010000,Шымкент,118273472,Аэрогриль Xiaomi Smart Air Fryer BHR7357EU 6.5 л черный,price,47885,47879
2026-08-16T04:37:52Z,511010000,Шымкент,115287903,DREAME H12 Pro Plus CN черный,price,119255,119202
2026-08-16T04:37:52Z,511010000,Шымкент,130251646,Наушники REDMI Buds 6 Play синий,price,6746,6740
2026-08-16T04:37:52Z,511010000,Шымкент,145557956,TECNO SPARK 40C 8 ГБ/256 ГБ черный,price,83987,83955
2026-08-16T04:37:52Z,511010000,Шымкент,132593287,"DREAME H30 Ultra Mix черный, серый",price,162678,162672
2026-08-16T04:37:52Z,511010000,Шымкент,123910502,Наушники Xiaomi Type-C Earphones M2413E1 белый,price,2534,2526
2026-08-16T04:37:52Z,511010000,Шымкент,123910502,Наушники Xiaomi Type-C Earphones M2413E1 белый,discount,36,37
2026-08-16T04:37:52Z,511010000,Шымкент,103171305,Батарейка D Camelion 2 шт,price,568,565
2026-08-16T04:37:52Z,511010000,Шымкент,109522766,Midea AG925BV1-BL черный,price,96992,96979
2026-08-16T04:37:52Z,511010000,Шымкент,137684212,DREAME H30 ULTRA MIX CE серый,price,162673,162665
2026-08-16T04:37:52Z,511010000,Шымкент,102158689,Микрофон Fifine T669 черный,price,21573,21540
2026-08-16T04:37:52Z,511010000,Шымкент,153376171,Bambu Lab PLA Basic 1.75 мм 1 кг красный,price,8703,8697
2026-08-16T04:37:52Z,511010000,Шымкент,100728279,Батарейка AAA Camelion 10 шт,price,1214,1211
2026-08-16T04:37:52Z,511010000,Шымкент,118273499,Аэрогриль Xiaomi Smart Air Fryer BHR7358EU 6.5 л белый,price,47196,47176
2026-08-16T04:37:52Z,511010000,Шымкент,115353117,Аккумулятор AAA Camelion 2 шт,price,1281,1278
2026-08-16T04:37:52Z,511010000,Шымкент,15300183,Transcend TS64GUSD300S 64 Гб,price,15909,15905
2026-08-16T04:37:52Z,511010000,Шымкент,106515561,Микрофон Fifine K688 черный,price,36411,35909
2026-08-16T04:37:52Z,511010000,Шымкент,143119833,Midea FSC-900DX стальной,price,227899,227893
2026-08-16T04:37:52Z,511010000,Шымкент,101802966,ESTEL PROFESSIONAL DeLuxe Ultra blond 30 мл осветляющий порошок 30 мл,price,1213,1238
2026-08-16T04:37:52Z,511010000,Шымкент,140943468,Sen Sulu глиттер прессованные Sparkle mood 04 Rosy Peach,price,3385,3382
2026-08-16T04:37:52Z,511010000,Шымкент,115773773,Наушники Fifine H9 белый,price,21838,21834
2026-08-16T04:37:52Z,511010000,Шымкент,145978945,Внешний аккумулятор Xiaomi Super Slim Magnetic Power Bank 5000 мАч 22.5 Вт WPB0507S черный,price,18853,18845
2026-08-16T04:37:52Z,511010000,Шымкент,102211273,Midea MH 60P 205 X серебристый,price,33517,33497
2026-08-16T04:37:52Z,511010000,Шымкент,148240615,Huawei WATCH GT 6 Pro 46 мм черный-черный,price,163087,162887
2026-08-16T04:37:52Z,511010000,Шымкент,139183880,Наушники Realme T200 Lite серый,price,7889,7886
2026-08-16T04:37:52Z,511010000,Шымкент,123621889,Midea MFK03D105B/S-C серый,price,275108,275074
2026-08-16T04:37:52Z,511010000,Шымкент,110349310,Canon EOS R50 Kit 18-45mm f4.5-6.3 IS STM черный,price,329347,329313
2026-08-16T04:37:52Z,511010000,Шымкент,115633970,Canon LIDE 300 2995C010 черный,price,50829,50817
2026-08-16T04:37:52Z,511010000,Шымкент,122142480,Huawei MatePad SE Wi-Fi 11 дюйм 8 Гб/128 Гб серый,price,118558,118548
2026-08-16T04:37:52Z,511010000,Шымкент,1500075,Принтер Canon i-SENSYS LBP6030B,price,85584,85578
2026-08-16T04:37:52Z,511010000,Шымкент,15300377,Transcend TS128GSDC300S 128 Gb,price,21607,21601
2026-08-16T04:37:52Z,511010000,Шымкент,141746219,Xiaomi Robot Vacuum S40C Е101CDZ белый,price,84853,84847
2026-08-16T04:37:52Z,511010000,Шымкент,154255448,"Xiaomi камера видеонаблюдения MJSXJ27CM, 8MP, расширение 3840x2160",price,28164,28160
2026-08-16T04:37:52Z,511010000,Шымкент,152842877,Видеорегистратор 70mai A410 черный,price,46274,46270
2026-08-16T04:37:52Z,511010000,Шымкент,148148221,TCL 50V6C 127 см черный,price,219724,219712
2026-08-16T04:37:52Z,511010000,Шымкент,131791279,1WIN Таурин капсулы 90 шт,price,2047,1972
2026-08-16T04:37:52Z,511010000,Шымкент,131791279,1WIN Таурин капсулы 90 шт,discount,24,27
2026-08-16T04:37:52Z,511010000,Шымкент,137060417,AULA F75 MAX черный,price,27375,27365
2026-08-16T04:37:52Z,511010000,Шымкент,101149860,Canon EOS RP RF 24-105 F4-7.1 IS STM,price,544843,544721
2026-08-16T04:37:52Z,511010000,Шымкент,154027559,"Xiaomi камера видеонаблюдения C201 MBC27, 2MP, расширение 1920x1080",price,13162,13158
2026-08-16T04:37:52Z,511010000,Шымкент,101842967,ESTEL PROFESSIONAL Сurex Color Intense чистый цвет шампунь оттеночный 300 мл,price,3246,3398
2026-08-16T04:37:52Z,511010000,Шымкент,113404917,POCKET BOOK InkPad 4 7.8 дюйм 32 Гб серебристый,price,164701,164695
2026-08-16T04:37:52Z,511010000,Шымкент,112245834,Canon EOS R8 Body черный,price,601788,601602
2026-08-16T04:37:52Z,511010000,Шымкент,151630887,ESTEL PROFESSIONAL Only Looks краска Графит 80 мл,price,2278,2212
2026-08-16T04:37:52Z,511010000,Шымкент,151630887,ESTEL PROFESSIONAL Only Looks краска Графит 80 мл,discount,13,16
2026-08-16T04:37:52Z,511010000,Шымкент,100018649,Philips BHD274/00 DryCare Pro фен черный,price,29291,29288
2026-08-16T04:37:52Z,511010000,Шымкент,112301355,МФУ Canon MAXIFY GX3040,price,123837,123828
2026-08-16T04:37:52Z,511010000,Шымкент,103313279,Очиститель воздуха SmartMi Smartmi Air Purifier P1 серый,price,55070,55046
2026-08-16T04:37:52Z,511010000,Шымкент,151096402,Garmin Fenix 8 Pro 47 мм черный,price,653638,653608
2026-08-16T04:37:52Z,511010000,Шымкент,140332288,Garmin Forerunner 970 47 мм черный,price,449030,448987
2026-08-16T04:37:52Z,511010000,Шымкент,138584959,Garmin Vivoactive 6 42 мм бежевый,price,205995,205989
2026-08-16T04:37:52Z,511010000,Шымкент,139307969,Кофемашина Xiaomi Semi-Automatic Espresso Machine серебристый,price,61245,61239
2026-08-16T04:37:52Z,511010000,Шымкент,120554885,Xiaomi Robot Vacuum S20+ белый,price,131000,130998
2026-08-16T04:37:52Z,511010000,Шымкент,149031743,ZTE Nubia RedMagic Astra 9.06 дюйм 24 Гб/1024 Гб черный,price,569865,569859
2026-08-16T04:37:52Z,511010000,Шымкент,138585258,Garmin Vivoactive 6 42 мм черный,price,199466,199458
2026-08-16T04:37:52Z,511010000,Шымкент,109310071,Garmin Forerunner 265S 42 мм белый-белый,price,275045,275024
2026-08-16T04:37:52Z,511010000,Шымкент,134108182,Портативная колонка Soundcore Select 4 Go черный,price,13255,13253
2026-08-16T04:37:52Z,511010000,Шымкент,113029701,Garmin VENU 3S белый,price,278605,278581
2026-08-16T04:37:52Z,511010000,Шымкент,15300249,Transcend TS32GSDC300S 32 Гб,price,16003,15999
2026-08-16T04:37:52Z,511010000,Шымкент,102688255,ESTEL PROFESSIONAL Celebrity 5/65 спелая вишня крем-краска 140 мл,price,2656,2653
2026-08-16T04:37:52Z,511010000,Шымкент,100115672,MESH-система TP-LINK Deco M4 белый,price,46153,46150
2026-08-16T04:37:52Z,511010000,Шымкент,114761211,Fifine SC3,price,25305,25297
2026-08-16T04:37:52Z,511010000,Шымкент,112972977,Видеорегистратор 70mai A810 черный,price,99930,99924
2026-08-16T04:37:52Z,511010000,Шымкент,122963617,Garmin Fenix 8 47 мм черный,price,605107,604997
2026-08-16T04:37:52Z,511010000,Шымкент,142719480,"27"" Xiaomi 4K Monitor 27 A27Ui-EU P27UCB-RAGL черный",price,144894,144886
2026-08-16T04:37:52Z,511010000,Шымкент,7300020,Transcend TS1TSJ25H3P 1000 Гб,price,63116,63110
2026-08-16T04:37:52Z,511010000,Шымкент,163510365,HONOR 600 Lite 8 ГБ/256 ГБ черный,price,209483,209429
2026-08-16T04:37:52Z,511010000,Шымкент,122966507,Garmin Fenix 8 51 мм черно-серый,price,652643,652547
2026-08-16T04:37:52Z,511010000,Шымкент,24300444,ESTEL PROFESSIONAL Curex основной уход спрей-кондиционер 200 мл,price,3698,3571
2026-08-16T04:37:52Z,511010000,Шымкент,24300444,ESTEL PROFESSIONAL Curex основной уход спрей-кондиционер 200 мл,discount,14,17
2026-08-16T04:37:52Z,511010000,Шымкент,143300737,Наушники MOONDROP Rays фиолетовый,price,47218,47212
2026-08-16T04:37:52Z,511010000,Шымкент,151096352,Garmin Fenix 8 Pro 51 мм серебристый-серый,price,731178,731162
2026-08-16T04:37:52Z,511010000,Шымкент,106852140,Garmin MARQ Golfer Gen 2 серебристый-зеленый-зеленый,price,1410343,1410256
2026-08-16T04:37:52Z,511010000,Шымкент,154019790,"Xiaomi камера видеонаблюдения CW100, 3MP, расширение 2304x1296",price,26910,26906
2026-08-16T04:37:52Z,511010000,Шымкент,109310183,Garmin Forerunner 265S 42 мм черный-черный,price,268642,268589
2026-08-16T04:37:52Z,511010000,Шымкент,122962879,Garmin Fenix 8 51 мм черный,price,607069,606995
2026-08-16T04:37:52Z,511010000,Шымкент,167241011,CUBOT KingKong Mini 4 6 ГБ/128 ГБ темно-серый,price,99963,99960
2026-08-16T04:37:52Z,511010000,Шымкент,154805003,Realme GT 8 Pro 16 ГБ/512 ГБ синий,price,599950,599946
2026-08-16T04:37:52Z,511010000,Шымкент,108142775,Напольный штатив 1_7m белый,price,9982,9980
2026-08-16T04:37:52Z,511010000,Шымкент,120134606,AULA F75 Side-Printed голубой,price,22518,22510
2026-08-16T04:37:52Z,511010000,Шымкент,102688286,ESTEL PROFESSIONAL Celebrity 1/0 черный крем-краска 140 мл,price,2428,2425
2026-08-16T04:37:52Z,511010000,Шымкент,128745315,Midea MF200W90WB/T-C серый,price,220807,220775
2026-08-16T04:37:52Z,511010000,Шымкент,161563692,"Xiaomi камера видеонаблюдения Smart Camera C302 / MBC28, 3MP, расширение 2304x1296",price,18870,18866
2026-08-16T04:37:52Z,511010000,Шымкент,128807561,"Canon AS-2400, 14-разрядный, серый",price,4159,4156
2026-08-16T04:37:52Z,511010000,Шымкент,109351561,Garmin Forerunner 965 белый,price,373566,373560
2026-08-16T04:37:52Z,511010000,Шымкент,109719960,Transcend TS250GESD260C 250 ГБ,price,41710,41704
2026-08-16T04:37:52Z,511010000,Шымкент,100440583,TP-Link TL-SF1024D черный,price,29212,29208
2026-08-16T04:37:52Z,511010000,Шымкент,140332233,Garmin Forerunner 970 47 мм белый-зеленый,price,455151,455080
2026-08-16T04:37:52Z,511010000,Шымкент,148005901,Huawei WATCH GT 6 46 мм серебристый-зеленый,price,94365,94359
2026-08-16T04:37:52Z,511010000,Шымкент,139712172,Kingston Secure Digital XC SDG4/256GB 256 Гб,price,39235,39223
2026-08-16T04:37:52Z,511010000,Шымкент,154027556,"Xiaomi камера видеонаблюдения C500, 4MP, расширение 32001800",price,25890,25886
2026-08-16T04:37:52Z,511010000,Шымкент,137331022,Наушники Soundcore K20i белый,price,8856,8853
2026-08-16T04:37:52Z,511010000,Шымкент,143300811,Наушники MOONDROP Aria 2 красный,price,49561,49555
2026-08-16T04:37:52Z,511010000,Шымкент,161773879,MCHOSE A5 V3 Ultra голубой,price,24708,24705
2026-08-16T04:37:52Z,511010000,Шымкент,145451616,"Dreame H30 Ultra Mix черный, серый",price,162673,162665
2026-08-16T04:37:52Z,511010000,Шымкент,109731154,Canon EOS R7 Body черный,price,610981,610850
2026-08-16T04:37:52Z,511010000,Шымкент,139955883,Huawei WATCH FIT 4 Pro 44 мм серебристый-зеленый,price,74723,74713
2026-08-16T04:37:52Z,511010000,Шымкент,145820746,Roborock S8 Pro RRA0TAL черный,price,114570,114546
2026-08-16T04:37:52Z,511010000,Шымкент,131430159,Наушники Soundcore Liberty 4 PRO черный,price,66351,66345
2026-08-16T04:37:52Z,511010000,Шымкент,142884485,Garmin VENU X1 46 мм черный-черный,price,462828,462617
2026-08-16T04:37:52Z,511010000,Шымкент,120935104,Dream H12 Pro PLUS черный,price,119291,119202
2026-08-16T04:37:52Z,511010000,Шымкент,100677657,Transcend TS128GUSD350V 128 Гб,price,40529,40526
2026-08-16T04:37:52Z,511010000,Шымкент,168139397,"Сумка шоппер Sen sulu текстиль черный, бежевый",price,1492,1397
2026-08-16T04:37:52Z,511010000,Шымкент,168139397,"Сумка шоппер Sen sulu текстиль черный, бежевый",discount,25,30
2026-08-16T04:37:52Z,511010000,Шымкент,137352961,AULA F75 Black Contour черный,price,23073,23065
2026-08-16T04:37:52Z,511010000,Шымкент,100169135,USB Flash карта Transcend TS64GJF790K 64 Гб черный,price,5985,5982
2026-08-16T04:37:52Z,511010000,Шымкент,134108074,Наушники Soundcore Liberty 4 PRO белый,price,59638,59626
2026-08-16T04:37:52Z,511010000,Шымкент,133975075,Garmin Instinct 3 Solar 45 мм черный,price,249977,249961
2026-08-16T04:37:52Z,511010000,Шымкент,169114829,Roborock S9+ черный,price,184618,184594
2026-08-16T04:37:52Z,511010000,Шымкент,156555269,Garmin Instinct 3 AMOLED 50 мм черный-синий,price,312985,312979
2026-08-16T04:37:52Z,511010000,Шымкент,169144934,Roborock S9+ белый,price,184618,184606
2026-08-16T04:37:52Z,511010000,Шымкент,124278317,Garmin Fenix 8 Solar 47 мм черный,price,604908,604786
2026-08-16T04:37:52Z,511010000,Шымкент,131472928,Портативная колонка Soundcore Boom 2 Plus синий,price,116311,116287
2026-08-16T04:37:52Z,511010000,Шымкент,169114918,Roborock S9 черный,price,140618,140594
2026-08-16T04:37:52Z,511010000,Шымкент,145557809,TECNO SPARK 40C 8 ГБ/256 ГБ белый,price,83034,83028
2026-08-16T04:37:52Z,511010000,Шымкент,7300141,Transcend TS1TSJ25H3B 1000 Гб,price,62010,62000
2026-08-16T04:37:52Z,511010000,Шымкент,100203160,Transcend TS64GJF700 JetFlash 700 64Gb черный,price,10985,10982
2026-08-16T04:37:52Z,511010000,Шымкент,141530670,Xiaomi Smart Band 10 серебристый,price,21906,21900
2026-08-16T04:37:52Z,511010000,Шымкент,165935475,ATK Dragonfly A9 Air белый,price,34458,34452
2026-08-16T04:37:52Z,511010000,Шымкент,143973797,TECNO SPARK 40C 8 ГБ/128 ГБ белый,price,74655,74627
2026-08-16T04:37:52Z,511010000,Шымкент,109310228,Garmin Forerunner 265S 42 мм розовый-розовый,price,281981,281971
2026-08-16T04:37:52Z,511010000,Шымкент,130022770,Canon CANOSCAN LIDE 300 черный,price,50829,50817
2026-08-16T04:37:52Z,511010000,Шымкент,144572628,"ESTEL PROFESSIONAL маска оттеночная Тонирующая маска для волос ESTEL SECRETS ЦВЕТ-ЭКСПЕРТ 6/74 Карамельный Мокко, 150 мл 150 мл",price,3579,3576
2026-08-16T04:37:52Z,511010000,Шымкент,114237446,Transcend TS256GUSD340S 256 Гб,price,79907,79897
2026-08-16T04:37:52Z,511010000,Шымкент,148348291,Canon EOS R50 + RF-S 18-45 mm IS STM,price,329347,329313
2026-08-16T04:37:52Z,511010000,Шымкент,116193383,Garmin Lily 2 Classic 25 мм серебристый-бежевый-бежевый,price,218985,218979
2026-08-16T04:37:52Z,511010000,Шымкент,161773630,MCHOSE K7 Ultra розовый,price,40616,40613
2026-08-16T04:37:52Z,511010000,Шымкент,122271751,1WIN Органик детокс («Organic detox»). капсулы 60 шт,price,4674,4403
2026-08-16T04:37:52Z,511010000,Шымкент,122271751,1WIN Органик детокс («Organic detox»). капсулы 60 шт,discount,44,48
2026-08-16T04:37:52Z,511010000,Шымкент,167230393,Наушники Huawei FreeBuds Pro 5 темно-серый,price,78986,78978
2026-08-16T04:37:52Z,511010000,Шымкент,110723747,Canon RF 100-400mm f/5.6-8 IS USM,price,390226,390089
2026-08-16T04:37:52Z,511010000,Шымкент,116535193,МФУ Canon I-Sensys MF465dw 5951C007AA,price,224730,224695
2026-08-16T04:37:52Z,511010000,Шымкент,132979867,AULA AU75 черный,price,22103,22095
2026-08-16T04:37:52Z,511010000,Шымкент,113556362,Canon EOS R50 RF-S 18-45 + Kit 55-210 mm,price,574149,574130
2026-08-16T04:37:52Z,511010000,Шымкент,141046478,Canon EOS R50 + RF-S 18-45 mm IS STM 5811C036,price,329338,329313
2026-08-16T04:37:52Z,511010000,Шымкент,154406912,Наушники Soundcore R50i белый,price,9489,9487
2026-08-16T04:37:52Z,511010000,Шымкент,109731162,Canon EOS R10 kit RF-S 18–150mm f/3.5–6.3 IS STM,price,591015,590854
2026-08-16T04:37:52Z,511010000,Шымкент,129064979,Canon EOS R100 + RF-S 18-45mm + RF-S 55-210mm,price,455481,455475
2026-08-16T04:37:52Z,511010000,Шымкент,113028541,Garmin VENU 3 45 мм белый-белый,price,293045,293039
2026-08-16T04:37:52Z,511010000,Шымкент,116788713,Transcend TS1TESD410C 1000 Гб,price,183766,183762
2026-08-16T04:37:52Z,511010000,Шымкент,131343012,"Аэрогриль Panasonic NF-CC600ATS 6 л черный, синий",price,95869,101988
2026-08-16T04:37:52Z,511010000,Шымкент,131343012,"Аэрогриль Panasonic NF-CC600ATS 6 л черный, синий",discount,33,28
2026-08-16T04:37:52Z,511010000,Шымкент,143300800,Наушники MOONDROP Aria 2 серебристый,price,48381,48375
2026-08-16T04:37:52Z,511010000,Шымкент,138584777,Garmin Vivoactive 6 42 мм зеленый,price,206450,206444
2026-08-16T04:37:52Z,511010000,Шымкент,106851929,Garmin MARQ Aviator Gen 2 серебристый,price,1476618,1476604
2026-08-16T04:37:52Z,511010000,Шымкент,15400127,"Бассейн каркасный Bestway Steel Pro Frame 56424, 400x211x81 см",price,58706,58664
2026-08-16T04:37:52Z,511010000,Шымкент,110648816,Philips BHS752/00 утюжок 25 мм,price,61994,61988
2026-08-16T04:37:52Z,511010000,Шымкент,157683664,Наушники AULA G7 черный,price,12238,12230
2026-08-16T04:37:52Z,511010000,Шымкент,114801730,Canon RF 24mm f/1.8 Macro IS STM,price,272610,272591
2026-08-16T04:37:52Z,511010000,Шымкент,169077113,Roborock S9 белый,price,140618,140594
2026-08-16T04:37:52Z,511010000,Шымкент,143693130,Наушники AULA G7 белый,price,11442,11434
2026-08-16T04:37:52Z,511010000,Шымкент,163483165,Наушники Soundcore Sleep A30 Green зеленый,price,85385,85381
2026-08-16T04:37:52Z,511010000,Шымкент,154806693,Наушники Soundcore R50i синий,price,9487,9485
2026-08-16T04:37:52Z,511010000,Шымкент,141885718,Garmin Instinct 3 Solar Tactical 45 мм черный,price,289985,289979
2026-08-16T04:37:52Z,511010000,Шымкент,171178069,Roborock Saros 20 черный,price,699618,699594
2026-08-16T04:37:52Z,511010000,Шымкент,116193133,Garmin Lily 2 Classic 25 мм бордовый-бордовый,price,218985,218979
2026-08-16T04:37:52Z,511010000,Шымкент,163414583,AULA F75 розовый,price,23492,23482
2026-08-16T04:37:52Z,511010000,Шымкент,137761682,AULA SC380 PRO белый,price,11281,11273
2026-08-16T04:37:52Z,511010000,Шымкент,150445434,Sapphire PULSE AMD Radeon RX 9070 16 Гб,price,407598,407574
2026-08-16T04:37:52Z,511010000,Шымкент,146975796,AULA HERO 68 HE Frosted белый,price,27230,27222
2026-08-16T04:37:52Z,511010000,Шымкент,114176446,POCKET BOOK PB634-3-CIS 6 дюйм 1 Гб красный,price,105587,105581
2026-08-16T04:37:52Z,511010000,Шымкент,122265923,Canon EOS R5 Mark II body,price,1728301,1728004
2026-08-16T04:37:52Z,511010000,Шымкент,108149625,Logitech Lift Vertical Ergonomic розовый,price,40930,40918
2026-08-16T04:37:52Z,511010000,Шымкент,108430983,Canon EOS R7 Kit 18-150mm черный,price,809254,809135
2026-08-16T04:37:52Z,511010000,Шымкент,137761585,AULA SC380 PRO черный,price,11097,11087
2026-08-16T04:37:52Z,511010000,Шымкент,112143554,Transcend TS128GUSD340S 128 Гб,price,41790,41784
2026-08-16T04:37:52Z,511010000,Шымкент,100017229,CENTEK CT-2347 фиолетовый,price,9583,9579
2026-08-16T04:37:52Z,511010000,Шымкент,114460686,Garmin MARQ Golfer Gen 2 Carbon Edition черный,price,1756181,1756175
2026-08-16T04:37:52Z,511010000,Шымкент,140932721,Midea MID60S350i-C серый,price,221468,221466
2026-08-16T04:37:52Z,511010000,Шымкент,122651840,Canon RF-S 55-210mm f/5-7.1 IS STM,price,279340,279332
2026-08-16T04:37:52Z,511010000,Шымкент,101018992,"Бассейн каркасный Bestway Power Steel 56465, 549x274x122 см",price,267785,267779
2026-08-16T04:37:52Z,511010000,Шымкент,105544265,Canon RF 70-200mm f/4L IS USM,price,812990,812863
2026-08-16T04:37:52Z,511010000,Шымкент,112921022,МФУ Canon imageRUNNER 2224 5942C001,price,608787,608781
2026-08-16T04:37:52Z,470000000,Актобе,108430990,Canon EOS R6 Mark II Body черный,price,813702,813135
2026-08-16T04:37:52Z,470000000,Актобе,129065160,Наушники REDMI Buds 6 Play розовый,price,6758,6752
2026-08-16T04:37:52Z,470000000,Актобе,147374082,HONOR X9d 12 ГБ/256 ГБ черный,price,237912,237900
2026-08-16T04:37:52Z,470000000,Актобе,134328061,"Видеорегистратор 70mai M310 черный, серый",price,28560,28554
2026-08-16T04:37:52Z,470000000,Актобе,117969957,PXN V99 черный,price,102628,102622
2026-08-16T04:37:52Z,470000000,Актобе,106042231,Наушники Fifine H6 черный,price,19997,19991
2026-08-16T04:37:52Z,470000000,Актобе,106795757,Canon EOS R10 kit 18-45mm IS STM,price,462018,461851
2026-08-16T04:37:52Z,470000000,Актобе,147026783,Garmin Venu 4s 41 мм золотистый-белый,price,339464,339462
2026-08-16T04:37:52Z,470000000,Актобе,115034062,МФУ Canon i-SENSYS MF275dw,price,185875,185849
2026-08-16T04:37:52Z,470000000,Актобе,7300284,Transcend TS4TSJ25H3P 4000 Гб,price,138210,138208
2026-08-16T04:37:52Z,470000000,Актобе,110151201,Canon EOS R6 Mark II Kit RF 24-105mm F/4-7.1 IS STM черный,price,1078981,1078812
2026-08-16T04:37:52Z,470000000,Актобе,141530632,Xiaomi Smart Band 10 черный,price,21906,21900
2026-08-16T04:37:52Z,470000000,Актобе,119596967,EPOMAKER x AULA F75 черный,price,21330,21322
2026-08-16T04:37:52Z,470000000,Актобе,139895845,Roborock F25 - ACE черный,price,199574,199550
2026-08-16T04:37:52Z,470000000,Актобе,134659950,Sen Sulu Concealer консилер 03 natural beige,price,3603,3600
2026-08-16T04:37:52Z,470000000,Актобе,146792191,Midea MD200H90WB/T-C серый,price,266152,266068
2026-08-16T04:37:52Z,470000000,Актобе,140332176,Garmin Forerunner 970 47 мм бежевый-фиолетовый,price,457884,457825
2026-08-16T04:37:52Z,470000000,Актобе,122963224,Garmin Fenix 8 43 мм белый-белый,price,544355,544226
2026-08-16T04:37:52Z,470000000,Актобе,106042325,Микрофон Fifine A6V черный,price,18690,18684
2026-08-16T04:37:52Z,470000000,Актобе,115178468,POCKET BOOK PB629-M-CIS 6 дюйм 8 Гб серый,price,87670,87662
2026-08-16T04:37:52Z,470000000,Актобе,145820693,Roborock S8 Pro RRA0TAL белый,price,114580,114556
2026-08-16T04:37:52Z,470000000,Актобе,132855201,AULA F75 Side-Printed розовый,price,21453,21445
2026-08-16T04:37:52Z,470000000,Актобе,110057315,70mai зарядное устройство для видеорегистратора Midrive UP03 USB Type-C черный,price,8341,8336
2026-08-16T04:37:52Z,470000000,Актобе,110057315,70mai зарядное устройство для видеорегистратора Midrive UP03 USB Type-C черный,discount,24,25
2026-08-16T04:37:52Z,470000000,Актобе,133974886,Garmin Instinct E 45 мм серый,price,186985,186979
2026-08-16T04:37:52Z,470000000,Актобе,113029065,Garmin VENU 3S 41 мм розовый-розовый,price,293983,293975
2026-08-16T04:37:52Z,470000000,Актобе,103627190,Canon RF 16mm f/2.8 STM,price,129094,129054
2026-08-16T04:37:52Z,470000000,Актобе,150110690,Sen Sulu blush stick румяна 03 frosted bllom,price,8853,8847
2026-08-16T04:37:52Z,470000000,Актобе,131472887,Портативная колонка Soundcore Select 4 Go фиолетовый,price,13259,13257
2026-08-16T04:37:52Z,470000000,Актобе,101392231,Wi-Fi точка доступа TP-LINK Deco X20 белый,price,79920,79918
2026-08-16T04:37:52Z,470000000,Актобе,145620660,TECNO SPARK 40C 8 ГБ/128 ГБ серый,price,74800,74777
2026-08-16T04:37:52Z,470000000,Актобе,123942422,Canon RF 35mm f/1.4 L VCM,price,737224,737173
2026-08-16T04:37:52Z,470000000,Актобе,145978939,Внешний аккумулятор Xiaomi Super Slim Magnetic Power Bank 5000 мАч 22.5 Вт WPB0507S фиолетовый,price,18870,18866
2026-08-16T04:37:52Z,470000000,Актобе,131679416,Наушники Soundcore K20i черный,price,8855,8852
2026-08-16T04:37:52Z,470000000,Актобе,148341196,Huawei nova 14 Pro 12 ГБ/512 ГБ розовый,price,244129,244105
2026-08-16T04:37:52Z,470000000,Актобе,120263286,Bambu Lab PLA Matte 1.75 мм 1 кг черный,price,8927,8921
2026-08-16T04:37:52Z,470000000,Актобе,145978921,Внешний аккумулятор Xiaomi Super Slim Magnetic Power Bank 5000 мАч 22.5 Вт WPB0507S золотистый,price,18872,18868
2026-08-16T04:37:52Z,470000000,Актобе,147392127,Внешний аккумулятор Xiaomi Super Slim Magnetic WPB0507S (BHR08PMGL) 5000 мАч 22.5 Вт черный,price,18853,18845
2026-08-16T04:37:52Z,470000000,Актобе,129319883,Garmin Lily 2 Active 38 мм серебристый-фиолетовый,price,218985,218979
2026-08-16T04:37:52Z,470000000,Актобе,121221349,1WIN Коллаген морской с Витамином С для кожи и суставов капсулы 155 шт,price,3698,3513
2026-08-16T04:37:52Z,470000000,Актобе,131472895,Портативная колонка Soundcore Select 4 Go зеленый,price,13705,13289
2026-08-16T04:37:52Z,470000000,Актобе,117170979,Наушники Soundcore H30i белый,price,16990,16139
2026-08-16T04:37:52Z,470000000,Актобе,103492220,"Бассейн каркасный Bestway 56714, 427x250x100 см",price,144650,144644
2026-08-16T04:37:52Z,470000000,Актобе,116631467,"Бассейн каркасный Bestway 561FY, 396x396x107 см",price,116308,116300
2026-08-16T04:37:52Z,470000000,Актобе,100091043,"Бассейн надувной Bestway Аквариум 53052, 239x206x26 см",price,21146,21138
2026-08-16T04:37:52Z,470000000,Актобе,163444184,Huawei nova 15 Pro 12 ГБ/512 ГБ белый,price,284861,284888
2026-08-16T04:37:52Z,470000000,Актобе,100305103,"Бассейн каркасный Bestway 56082/56424, 400x211x81 см",price,58706,58664
2026-08-16T04:37:52Z,470000000,Актобе,167232229,Huawei Watch Fit 5 43 мм серебристый--белый,price,79888,79688
2026-08-16T04:37:52Z,470000000,Актобе,122237981,1WIN Магний + Витамин В6 для нервной системы капсулы 240 шт,price,3321,3318
2026-08-16T04:37:52Z,470000000,Актобе,15400145,"Бассейн каркасный Bestway Steel Pro Max 56420, 366x122 см",price,134462,134441
2026-08-16T04:37:52Z,470000000,Актобе,118273472,Аэрогриль Xiaomi Smart Air Fryer BHR7357EU 6.5 л черный,price,47885,47879
2026-08-16T04:37:52Z,470000000,Актобе,115287903,DREAME H12 Pro Plus CN черный,price,119255,119202
2026-08-16T04:37:52Z,470000000,Актобе,130251646,Наушники REDMI Buds 6 Play синий,price,6746,6740
2026-08-16T04:37:52Z,470000000,Актобе,145557956,TECNO SPARK 40C 8 ГБ/256 ГБ черный,price,83987,83955
2026-08-16T04:37:52Z,470000000,Актобе,132593287,"DREAME H30 Ultra Mix черный, серый",price,162678,162672
2026-08-16T04:37:52Z,470000000,Актобе,123910502,Наушники Xiaomi Type-C Earphones M2413E1 белый,price,2534,2526
2026-08-16T04:37:52Z,470000000,Актобе,123910502,Наушники Xiaomi Type-C Earphones M2413E1 белый,discount,36,37
2026-08-16T04:37:52Z,470000000,Актобе,103171305,Батарейка D Camelion 2 шт,price,568,565
2026-08-16T04:37:52Z,470000000,Актобе,109522766,Midea AG925BV1-BL черный,price,96992,96979
2026-08-16T04:37:52Z,470000000,Актобе,137684212,DREAME H30 ULTRA MIX CE серый,price,162673,162672
2026-08-16T04:37:52Z,470000000,Актобе,102158689,Микрофон Fifine T669 черный,price,21573,21540
2026-08-16T04:37:52Z,470000000,Актобе,153376171,Bambu Lab PLA Basic 1.75 мм 1 кг красный,price,8703,8697
2026-08-16T04:37:52Z,470000000,Актобе,100728279,Батарейка AAA Camelion 10 шт,price,1214,1211
2026-08-16T04:37:52Z,470000000,Актобе,118273499,Аэрогриль Xiaomi Smart Air Fryer BHR7358EU 6.5 л белый,price,47196,47176
2026-08-16T04:37:52Z,470000000,Актобе,115353117,Аккумулятор AAA Camelion 2 шт,price,1281,1278
2026-08-16T04:37:52Z,470000000,Актобе,15300183,Transcend TS64GUSD300S 64 Гб,price,15909,15905
2026-08-16T04:37:52Z,470000000,Актобе,106515561,Микрофон Fifine K688 черный,price,36411,35909
2026-08-16T04:37:52Z,470000000,Актобе,143119833,Midea FSC-900DX стальной,price,227899,227893
2026-08-16T04:37:52Z,470000000,Актобе,101802966,ESTEL PROFESSIONAL DeLuxe Ultra blond 30 мл осветляющий порошок 30 мл,price,1213,1238
2026-08-16T04:37:52Z,470000000,Актобе,140943468,Sen Sulu глиттер прессованные Sparkle mood 04 Rosy Peach,price,3385,3382
2026-08-16T04:37:52Z,470000000,Актобе,115773773,Наушники Fifine H9 белый,price,21838,21834
2026-08-16T04:37:52Z,470000000,Актобе,145978945,Внешний аккумулятор Xiaomi Super Slim Magnetic Power Bank 5000 мАч 22.5 Вт WPB0507S черный,price,18853,18845
2026-08-16T04:37:52Z,470000000,Актобе,102211273,Midea MH 60P 205 X серебристый,price,33517,33497
2026-08-16T04:37:52Z,470000000,Актобе,148240615,Huawei WATCH GT 6 Pro 46 мм черный-черный,price,163087,162887
2026-08-16T04:37:52Z,470000000,Актобе,139183880,Наушники Realme T200 Lite серый,price,7889,7886
2026-08-16T04:37:52Z,470000000,Актобе,123621889,Midea MFK03D105B/S-C серый,price,275108,275074
2026-08-16T04:37:52Z,470000000,Актобе,110349310,Canon EOS R50 Kit 18-45mm f4.5-6.3 IS STM черный,price,329347,329313
2026-08-16T04:37:52Z,470000000,Актобе,115633970,Canon LIDE 300 2995C010 черный,price,50829,50817
2026-08-16T04:37:52Z,470000000,Актобе,122142480,Huawei MatePad SE Wi-Fi 11 дюйм 8 Гб/128 Гб серый,price,118558,118548
2026-08-16T04:37:52Z,470000000,Актобе,1500075,Принтер Canon i-SENSYS LBP6030B,price,85584,85578
2026-08-16T04:37:52Z,470000000,Актобе,15300377,Transcend TS128GSDC300S 128 Gb,price,21607,21601
2026-08-16T04:37:52Z,470000000,Актобе,141746219,Xiaomi Robot Vacuum S40C Е101CDZ белый,price,84853,84847
2026-08-16T04:37:52Z,470000000,Актобе,154255448,"Xiaomi камера видеонаблюдения MJSXJ27CM, 8MP, расширение 3840x2160",price,28164,28160
2026-08-16T04:37:52Z,470000000,Актобе,152842877,Видеорегистратор 70mai A410 черный,price,46274,46270
2026-08-16T04:37:52Z,470000000,Актобе,148148221,TCL 50V6C 127 см черный,price,219724,219712
2026-08-16T04:37:52Z,470000000,Актобе,131791279,1WIN Таурин капсулы 90 шт,price,2047,1972
2026-08-16T04:37:52Z,470000000,Актобе,131791279,1WIN Таурин капсулы 90 шт,discount,24,27
2026-08-16T04:37:52Z,470000000,Актобе,137060417,AULA F75 MAX черный,price,27375,27365
2026-08-16T04:37:52Z,470000000,Актобе,101149860,Canon EOS RP RF 24-105 F4-7.1 IS STM,price,544843,544721
2026-08-16T04:37:52Z,470000000,Актобе,154027559,"Xiaomi камера видеонаблюдения C201 MBC27, 2MP, расширение 1920x1080",price,13162,13158
2026-08-16T04:37:52Z,470000000,Актобе,101842967,ESTEL PROFESSIONAL Сurex Color Intense чистый цвет шампунь оттеночный 300 мл,price,3246,3398
2026-08-16T04:37:52Z,470000000,Актобе,113404917,POCKET BOOK InkPad 4 7.8 дюйм 32 Гб серебристый,price,164701,164695
2026-08-16T04:37:52Z,470000000,Актобе,112245834,Canon EOS R8 Body черный,price,601788,601602
2026-08-16T04:37:52Z,470000000,Актобе,151630887,ESTEL PROFESSIONAL Only Looks краска Графит 80 мл,price,2278,2212
2026-08-16T04:37:52Z,470000000,Актобе,151630887,ESTEL PROFESSIONAL Only Looks краска Графит 80 мл,discount,13,16
2026-08-16T04:37:52Z,470000000,Актобе,100018649,Philips BHD274/00 DryCare Pro фен черный,price,29291,29288
2026-08-16T04:37:52Z,470000000,Актобе,166975826,HONOR 600 Pro 12 ГБ/512 ГБ черный,price,548670,548658
2026-08-16T04:37:52Z,470000000,Актобе,112301355,МФУ Canon MAXIFY GX3040,price,123837,123828
2026-08-16T04:37:52Z,470000000,Актобе,103313279,Очиститель воздуха SmartMi Smartmi Air Purifier P1 серый,price,55070,55046
2026-08-16T04:37:52Z,470000000,Актобе,151096402,Garmin Fenix 8 Pro 47 мм черный,price,653638,653608
2026-08-16T04:37:52Z,470000000,Актобе,140332288,Garmin Forerunner 970 47 мм черный,price,449030,448987
2026-08-16T04:37:52Z,470000000,Актобе,138584959,Garmin Vivoactive 6 42 мм бежевый,price,205995,205989
2026-08-16T04:37:52Z,470000000,Актобе,139307969,Кофемашина Xiaomi Semi-Automatic Espresso Machine серебристый,price,61245,61239
2026-08-16T04:37:52Z,470000000,Актобе,120554885,Xiaomi Robot Vacuum S20+ белый,price,131000,130998
2026-08-16T04:37:52Z,470000000,Актобе,149031743,ZTE Nubia RedMagic Astra 9.06 дюйм 24 Гб/1024 Гб черный,price,569865,569859
2026-08-16T04:37:52Z,470000000,Актобе,138585258,Garmin Vivoactive 6 42 мм черный,price,199466,199458
2026-08-16T04:37:52Z,470000000,Актобе,109310071,Garmin Forerunner 265S 42 мм белый-белый,price,275045,275024
2026-08-16T04:37:52Z,470000000,Актобе,134108182,Портативная колонка Soundcore Select 4 Go черный,price,13255,13253
2026-08-16T04:37:52Z,470000000,Актобе,113029701,Garmin VENU 3S белый,price,278605,278581
2026-08-16T04:37:52Z,470000000,Актобе,118179738,Canon EOS R50 RF-S 15-45 IS STM черный,price,329347,329313
2026-08-16T04:37:52Z,470000000,Актобе,15300249,Transcend TS32GSDC300S 32 Гб,price,16003,15999
2026-08-16T04:37:52Z,470000000,Актобе,102688255,ESTEL PROFESSIONAL Celebrity 5/65 спелая вишня крем-краска 140 мл,price,2656,2653
2026-08-16T04:37:52Z,470000000,Актобе,100115672,MESH-система TP-LINK Deco M4 белый,price,46153,46150
2026-08-16T04:37:52Z,470000000,Актобе,114761211,Fifine SC3,price,25305,25297
2026-08-16T04:37:52Z,470000000,Актобе,112972977,Видеорегистратор 70mai A810 черный,price,99930,99924
2026-08-16T04:37:52Z,470000000,Актобе,153277705,TCL 75V6C 191 см черный,price,422823,422817
2026-08-16T04:37:52Z,470000000,Актобе,122963617,Garmin Fenix 8 47 мм черный,price,605107,604996
2026-08-16T04:37:52Z,470000000,Актобе,142719480,"27"" Xiaomi 4K Monitor 27 A27Ui-EU P27UCB-RAGL черный",price,144894,144886
2026-08-16T04:37:52Z,470000000,Актобе,7300020,Transcend TS1TSJ25H3P 1000 Гб,price,63116,63110
2026-08-16T04:37:52Z,470000000,Актобе,163510365,HONOR 600 Lite 8 ГБ/256 ГБ черный,price,209483,209429
2026-08-16T04:37:52Z,470000000,Актобе,122966507,Garmin Fenix 8 51 мм черно-серый,price,652643,652547
2026-08-16T04:37:52Z,470000000,Актобе,24300444,ESTEL PROFESSIONAL Curex основной уход спрей-кондиционер 200 мл,price,3698,3571
2026-08-16T04:37:52Z,470000000,Актобе,24300444,ESTEL PROFESSIONAL Curex основной уход спрей-кондиционер 200 мл,discount,14,17
2026-08-16T04:37:52Z,470000000,Актобе,143300737,Наушники MOONDROP Rays фиолетовый,price,47218,47212
2026-08-16T04:37:52Z,470000000,Актобе,151096352,Garmin Fenix 8 Pro 51 мм серебристый-серый,price,731178,731162
2026-08-16T04:37:52Z,470000000,Актобе,106852140,Garmin MARQ Golfer Gen 2 серебристый-зеленый-зеленый,price,1410343,1410256
2026-08-16T04:37:52Z,470000000,Актобе,154019790,"Xiaomi камера видеонаблюдения CW100, 3MP, расширение 2304x1296",price,26910,26906
2026-08-16T04:37:52Z,470000000,Актобе,109310183,Garmin Forerunner 265S 42 мм черный-черный,price,268642,268589
2026-08-16T04:37:52Z,470000000,Актобе,122962879,Garmin Fenix 8 51 мм черный,price,607069,606995
2026-08-16T04:37:52Z,470000000,Актобе,167241011,CUBOT KingKong Mini 4 6 ГБ/128 ГБ темно-серый,price,99963,99960
2026-08-16T04:37:52Z,470000000,Актобе,154805003,Realme GT 8 Pro 16 ГБ/512 ГБ синий,price,599950,599946
2026-08-16T04:37:52Z,470000000,Актобе,108142775,Напольный штатив 1_7m белый,price,9982,9980
2026-08-16T04:37:52Z,470000000,Актобе,120134606,AULA F75 Side-Printed голубой,price,22518,22510
2026-08-16T04:37:52Z,470000000,Актобе,102688286,ESTEL PROFESSIONAL Celebrity 1/0 черный крем-краска 140 мл,price,2428,2425
2026-08-16T04:37:52Z,470000000,Актобе,128745315,Midea MF200W90WB/T-C серый,price,220807,220775
2026-08-16T04:37:52Z,470000000,Актобе,161563692,"Xiaomi камера видеонаблюдения Smart Camera C302 / MBC28, 3MP, расширение 2304x1296",price,18870,18866
2026-08-16T04:37:52Z,470000000,Актобе,128807561,"Canon AS-2400, 14-разрядный, серый",price,4159,4156
2026-08-16T04:37:52Z,470000000,Актобе,109351561,Garmin Forerunner 965 белый,price,373566,373560
2026-08-16T04:37:52Z,470000000,Актобе,109719960,Transcend TS250GESD260C 250 ГБ,price,41710,41704
2026-08-16T04:37:52Z,470000000,Актобе,100440583,TP-Link TL-SF1024D черный,price,29212,29208
2026-08-16T04:37:52Z,470000000,Актобе,140332233,Garmin Forerunner 970 47 мм белый-зеленый,price,455151,455080
2026-08-16T04:37:52Z,470000000,Актобе,148005901,Huawei WATCH GT 6 46 мм серебристый-зеленый,price,94365,94359
2026-08-16T04:37:52Z,470000000,Актобе,139712172,Kingston Secure Digital XC SDG4/256GB 256 Гб,price,39235,39223
2026-08-16T04:37:52Z,470000000,Актобе,154027556,"Xiaomi камера видеонаблюдения C500, 4MP, расширение 32001800",price,25890,25886
2026-08-16T04:37:52Z,470000000,Актобе,137331022,Наушники Soundcore K20i белый,price,8856,8853
2026-08-16T04:37:52Z,470000000,Актобе,139561340,AULA HERO 68 HE белый,price,20646,20636
2026-08-16T04:37:52Z,470000000,Актобе,143300811,Наушники MOONDROP Aria 2 красный,price,49561,49555
2026-08-16T04:37:52Z,470000000,Актобе,161773879,MCHOSE A5 V3 Ultra голубой,price,24708,24705
2026-08-16T04:37:52Z,470000000,Актобе,145451616,"Dreame H30 Ultra Mix черный, серый",price,162673,162665
2026-08-16T04:37:52Z,470000000,Актобе,109731154,Canon EOS R7 Body черный,price,610981,610850
2026-08-16T04:37:52Z,470000000,Актобе,139955883,Huawei WATCH FIT 4 Pro 44 мм серебристый-зеленый,price,74723,74713
2026-08-16T04:37:52Z,470000000,Актобе,145820746,Roborock S8 Pro RRA0TAL черный,price,114570,114546
2026-08-16T04:37:52Z,470000000,Актобе,131430159,Наушники Soundcore Liberty 4 PRO черный,price,66351,66345
2026-08-16T04:37:52Z,470000000,Актобе,142884485,Garmin VENU X1 46 мм черный-черный,price,462828,462617
2026-08-16T04:37:52Z,470000000,Актобе,120935104,Dream H12 Pro PLUS черный,price,119291,119202
2026-08-16T04:37:52Z,470000000,Актобе,168139397,"Сумка шоппер Sen sulu текстиль черный, бежевый",price,1492,1397
2026-08-16T04:37:52Z,470000000,Актобе,168139397,"Сумка шоппер Sen sulu текстиль черный, бежевый",discount,25,30
2026-08-16T04:37:52Z,470000000,Актобе,100677657,Transcend TS128GUSD350V 128 Гб,price,40529,40526
2026-08-16T04:37:52Z,470000000,Актобе,137352961,AULA F75 Black Contour черный,price,23073,23065
2026-08-16T04:37:52Z,470000000,Актобе,100169135,USB Flash карта Transcend TS64GJF790K 64 Гб черный,price,5985,5982
2026-08-16T04:37:52Z,470000000,Актобе,134108074,Наушники Soundcore Liberty 4 PRO белый,price,59638,59626
2026-08-16T04:37:52Z,470000000,Актобе,133975075,Garmin Instinct 3 Solar 45 мм черный,price,249977,249961
2026-08-16T04:37:52Z,470000000,Актобе,169114829,Roborock S9+ черный,price,184618,184594
2026-08-16T04:37:52Z,470000000,Актобе,156555269,Garmin Instinct 3 AMOLED 50 мм черный-синий,price,312985,312979
2026-08-16T04:37:52Z,470000000,Актобе,169144934,Roborock S9+ белый,price,184618,184606
2026-08-16T04:37:52Z,470000000,Актобе,124278317,Garmin Fenix 8 Solar 47 мм черный,price,604908,604784
2026-08-16T04:37:52Z,470000000,Актобе,131472928,Портативная колонка Soundcore Boom 2 Plus синий,price,116311,116287
2026-08-16T04:37:52Z,470000000,Актобе,169114918,Roborock S9 черный,price,140618,140594
2026-08-16T04:37:52Z,470000000,Актобе,145557809,TECNO SPARK 40C 8 ГБ/256 ГБ белый,price,83034,83028
2026-08-16T04:37:52Z,470000000,Актобе,7300141,Transcend TS1TSJ25H3B 1000 Гб,price,62010,62000
2026-08-16T04:37:52Z,470000000,Актобе,100203160,Transcend TS64GJF700 JetFlash 700 64Gb черный,price,10985,10982
2026-08-16T04:37:52Z,470000000,Актобе,141530670,Xiaomi Smart Band 10 серебристый,price,21906,21900
2026-08-16T04:37:52Z,470000000,Актобе,165935475,ATK Dragonfly A9 Air белый,price,34458,34452
2026-08-16T04:37:52Z,470000000,Актобе,143973797,TECNO SPARK 40C 8 ГБ/128 ГБ белый,price,74655,74627
2026-08-16T04:37:52Z,470000000,Актобе,109310228,Garmin Forerunner 265S 42 мм розовый-розовый,price,281981,281971
2026-08-16T04:37:52Z,470000000,Актобе,130022770,Canon CANOSCAN LIDE 300 черный,price,50829,50817
2026-08-16T04:37:52Z,470000000,Актобе,144572628,"ESTEL PROFESSIONAL маска оттеночная Тонирующая маска для волос ESTEL SECRETS ЦВЕТ-ЭКСПЕРТ 6/74 Карамельный Мокко, 150 мл 150 мл",price,3579,3576
2026-08-16T04:37:52Z,470000000,Актобе,114237446,Transcend TS256GUSD340S 256 Гб,price,79907,79897
2026-08-16T04:37:52Z,470000000,Актобе,148348291,Canon EOS R50 + RF-S 18-45 mm IS STM,price,329347,329313
2026-08-16T04:37:52Z,470000000,Актобе,116193383,Garmin Lily 2 Classic 25 мм серебристый-бежевый-бежевый,price,218985,218979
2026-08-16T04:37:52Z,470000000,Актобе,161773630,MCHOSE K7 Ultra розовый,price,40616,40613
2026-08-16T04:37:52Z,470000000,Актобе,122271751,1WIN Органик детокс («Organic detox»). капсулы 60 шт,price,4674,4403
2026-08-16T04:37:52Z,470000000,Актобе,122271751,1WIN Органик детокс («Organic detox»). капсулы 60 шт,discount,44,48
2026-08-16T04:37:52Z,470000000,Актобе,167230393,Наушники Huawei FreeBuds Pro 5 темно-серый,price,78986,78978
2026-08-16T04:37:52Z,470000000,Актобе,110723747,Canon RF 100-400mm f/5.6-8 IS USM,price,390226,390089
2026-08-16T04:37:52Z,470000000,Актобе,116535193,МФУ Canon I-Sensys MF465dw 5951C007AA,price,224730,224695
2026-08-16T04:37:52Z,470000000,Актобе,132979867,AULA AU75 черный,price,22103,22095
2026-08-16T04:37:52Z,470000000,Актобе,113556362,Canon EOS R50 RF-S 18-45 + Kit 55-210 mm,price,574149,574130
2026-08-16T04:37:52Z,470000000,Актобе,141046478,Canon EOS R50 + RF-S 18-45 mm IS STM 5811C036,price,329338,329313
2026-08-16T04:37:52Z,470000000,Актобе,154406912,Наушники Soundcore R50i белый,price,9489,9487
2026-08-16T04:37:52Z,470000000,Актобе,109731162,Canon EOS R10 kit RF-S 18–150mm f/3.5–6.3 IS STM,price,591015,590854
2026-08-16T04:37:52Z,470000000,Актобе,129064979,Canon EOS R100 + RF-S 18-45mm + RF-S 55-210mm,price,455481,455475
2026-08-16T04:37:52Z,470000000,Актобе,113028541,Garmin VENU 3 45 мм белый-белый,price,293045,293039
2026-08-16T04:37:52Z,470000000,Актобе,116788713,Transcend TS1TESD410C 1000 Гб,price,183766,183762
2026-08-16T04:37:52Z,470000000,Актобе,131343012,"Аэрогриль Panasonic NF-CC600ATS 6 л черный, синий",price,95869,101988
2026-08-16T04:37:52Z,470000000,Актобе,131343012,"Аэрогриль Panasonic NF-CC600ATS 6 л черный, синий",discount,33,28
2026-08-16T04:37:52Z,470000000,Актобе,143300800,Наушники MOONDROP Aria 2 серебристый,price,48381,48375
2026-08-16T04:37:52Z,470000000,Актобе,138584777,Garmin Vivoactive 6 42 мм зеленый,price,206450,206444
2026-08-16T04:37:52Z,470000000,Актобе,106851929,Garmin MARQ Aviator Gen 2 серебристый,price,1476618,1476604
2026-08-16T04:37:52Z,470000000,Актобе,15400127,"Бассейн каркасный Bestway Steel Pro Frame 56424, 400x211x81 см",price,58706,58664
2026-08-16T04:37:52Z,470000000,Актобе,110648816,Philips BHS752/00 утюжок 25 мм,price,61994,61988
2026-08-16T04:37:52Z,470000000,Актобе,157683664,Наушники AULA G7 черный,price,12238,12230
2026-08-16T04:37:52Z,470000000,Актобе,114801730,Canon RF 24mm f/1.8 Macro IS STM,price,272610,272591
2026-08-16T04:37:52Z,470000000,Актобе,169077113,Roborock S9 белый,price,140618,140594
2026-08-16T04:37:52Z,470000000,Актобе,143693130,Наушники AULA G7 белый,price,11442,11434
2026-08-16T04:37:52Z,470000000,Актобе,163483165,Наушники Soundcore Sleep A30 Green зеленый,price,85385,85381
2026-08-16T04:37:52Z,470000000,Актобе,154806693,Наушники Soundcore R50i синий,price,9487,9485
2026-08-16T04:37:52Z,470000000,Актобе,141885718,Garmin Instinct 3 Solar Tactical 45 мм черный,price,289985,289979
2026-08-16T04:37:52Z,470000000,Актобе,128243261,Система подачи материалов Bambu Lab Ams lite,price,132698,132692
2026-08-16T04:37:52Z,470000000,Актобе,171178069,Roborock Saros 20 черный,price,699618,699594
2026-08-16T04:37:52Z,470000000,Актобе,116193133,Garmin Lily 2 Classic 25 мм бордовый-бордовый,price,218985,218979
2026-08-16T04:37:52Z,470000000,Актобе,163414583,AULA F75 розовый,price,23492,23482
2026-08-16T04:37:52Z,470000000,Актобе,137761682,AULA SC380 PRO белый,price,11281,11273
2026-08-16T04:37:52Z,470000000,Актобе,150445434,Sapphire PULSE AMD Radeon RX 9070 16 Гб,price,407598,407574
2026-08-16T04:37:52Z,470000000,Актобе,146975796,AULA HERO 68 HE Frosted белый,price,27230,27222
2026-08-16T04:37:52Z,470000000,Актобе,114176446,POCKET BOOK PB634-3-CIS 6 дюйм 1 Гб красный,price,105587,105581
2026-08-16T04:37:52Z,470000000,Актобе,122265923,Canon EOS R5 Mark II body,price,1728301,1728004
2026-08-16T04:37:52Z,470000000,Актобе,108149625,Logitech Lift Vertical Ergonomic розовый,price,40930,40918
2026-08-16T04:37:52Z,470000000,Актобе,108430983,Canon EOS R7 Kit 18-150mm черный,price,809254,809122
2026-08-16T04:37:52Z,470000000,Актобе,137761585,AULA SC380 PRO черный,price,11097,11087
2026-08-16T04:37:52Z,470000000,Актобе,112143554,Transcend TS128GUSD340S 128 Гб,price,41790,41784
2026-08-16T04:37:52Z,470000000,Актобе,100017229,CENTEK CT-2347 фиолетовый,price,9583,9579
2026-08-16T04:37:52Z,470000000,Актобе,114460686,Garmin MARQ Golfer Gen 2 Carbon Edition черный,price,1756181,1756175
2026-08-16T04:37:52Z,470000000,Актобе,140932721,Midea MID60S350i-C серый,price,221468,221466
2026-08-16T04:37:52Z,470000000,Актобе,122651840,Canon RF-S 55-210mm f/5-7.1 IS STM,price,279340,279332
2026-08-16T04:37:52Z,470000000,Актобе,101018992,"Бассейн каркасный Bestway Power Steel 56465, 549x274x122 см",price,267785,267779
2026-08-16T04:37:52Z,470000000,Актобе,105544265,Canon RF 70-200mm f/4L IS USM,price,812990,812863
2026-08-16T04:37:52Z,470000000,Актобе,112921022,МФУ Canon imageRUNNER 2224 5942C001,price,608787,608781
